date,mean,month,quarter,name,year,bridge,ferry
2007-01-01T00:00:00,267.4454709,1,1,Can Tho,2007,0,1
2007-02-01T00:00:00,215.2525749,2,1,Can Tho,2007,0,1
2007-03-01T00:00:00,286.7107052,3,1,Can Tho,2007,0,1
2007-04-01T00:00:00,237.1510648,4,2,Can Tho,2007,0,1
2007-05-01T00:00:00,234.2509754,5,2,Can Tho,2007,0,1
2007-06-01T00:00:00,173.2563081,6,2,Can Tho,2007,0,1
2007-07-01T00:00:00,493,7,3,Can Tho,2007,0,1
2007-08-01T00:00:00,210.0570118,8,3,Can Tho,2007,0,1
2007-09-01T00:00:00,425.7378378,9,3,Can Tho,2007,0,1
2007-10-01T00:00:00,304.1640891,10,4,Can Tho,2007,0,1
2007-11-01T00:00:00,308.0433297,11,4,Can Tho,2007,0,1
2007-12-01T00:00:00,217.163904,12,4,Can Tho,2007,0,1
2008-01-01T00:00:00,212.3639949,1,1,Can Tho,2008,0,1
2008-02-01T00:00:00,297.288327,2,1,Can Tho,2008,0,1
2008-03-01T00:00:00,361.5948684,3,1,Can Tho,2008,0,1
2008-04-01T00:00:00,287.7820187,4,2,Can Tho,2008,0,1
2008-05-01T00:00:00,311.6276506,5,2,Can Tho,2008,0,1
2008-06-01T00:00:00,280.0167224,6,2,Can Tho,2008,0,1
2008-07-01T00:00:00,267.8386454,7,3,Can Tho,2008,0,1
2008-08-01T00:00:00,256.057971,8,3,Can Tho,2008,0,1
2008-09-01T00:00:00,389.7625418,9,3,Can Tho,2008,0,1
2008-10-01T00:00:00,309.0994624,10,4,Can Tho,2008,0,1
2008-11-01T00:00:00,275.1526718,11,4,Can Tho,2008,0,1
2008-12-01T00:00:00,215.0798861,12,4,Can Tho,2008,0,1
2009-01-01T00:00:00,289.382266,1,1,Can Tho,2009,0,1
2009-02-01T00:00:00,154.2818066,2,1,Can Tho,2009,0,1
2009-03-01T00:00:00,236.8281837,3,1,Can Tho,2009,0,1
2009-04-01T00:00:00,235.1748304,4,2,Can Tho,2009,0,1
2009-05-01T00:00:00,219.6593511,5,2,Can Tho,2009,0,1
2009-06-01T00:00:00,256.7401394,6,2,Can Tho,2009,0,1
2009-07-01T00:00:00,202.6263783,7,3,Can Tho,2009,0,1
2009-08-01T00:00:00,237.0196592,8,3,Can Tho,2009,0,1
2009-09-01T00:00:00,145.7445255,9,3,Can Tho,2009,0,1
2009-10-01T00:00:00,501.75,10,4,Can Tho,2009,0,1
2009-11-01T00:00:00,228.092112,11,4,Can Tho,2009,0,1
2009-12-01T00:00:00,273.9063675,12,4,Can Tho,2009,0,1
2010-01-01T00:00:00,243.5473456,1,1,Can Tho,2010,0,1
2010-02-01T00:00:00,170.5381313,2,1,Can Tho,2010,0,1
2010-03-01T00:00:00,301.1594329,3,1,Can Tho,2010,0,1
2010-04-01T00:00:00,352.8206107,4,2,Can Tho,2010,1,1
2010-05-01T00:00:00,178.7965839,5,2,Can Tho,2010,1,1
2010-06-01T00:00:00,123.1706507,6,2,Can Tho,2010,1,1
2010-07-01T00:00:00,231.6308101,7,3,Can Tho,2010,1,1
2010-08-01T00:00:00,307.2661154,8,3,Can Tho,2010,1,1
2010-09-01T00:00:00,330.8043893,9,3,Can Tho,2010,1,1
2010-10-01T00:00:00,405,10,4,Can Tho,2010,1,1
2010-11-01T00:00:00,467.0788804,11,4,Can Tho,2010,1,1
2010-12-01T00:00:00,258.5495184,12,4,Can Tho,2010,1,1
2011-01-01T00:00:00,260.3900218,1,1,Can Tho,2011,1,1
2011-02-01T00:00:00,350.2964047,2,1,Can Tho,2011,1,1
2011-03-01T00:00:00,322.8624682,3,1,Can Tho,2011,1,1
2011-04-01T00:00:00,301.7920381,4,2,Can Tho,2011,1,1
2011-05-01T00:00:00,368.755609,5,2,Can Tho,2011,1,1
2011-06-01T00:00:00,593,6,2,Can Tho,2011,1,1
2011-07-01T00:00:00,435.0822981,7,3,Can Tho,2011,1,1
2011-08-01T00:00:00,219.3209135,8,3,Can Tho,2011,1,1
2011-09-01T00:00:00,156.3575697,9,3,Can Tho,2011,1,1
2011-10-01T00:00:00,251.4212892,10,4,Can Tho,2011,1,1
2011-11-01T00:00:00,326.2115382,11,4,Can Tho,2011,1,1
2011-12-01T00:00:00,256.3014702,12,4,Can Tho,2011,1,1
2012-01-01T00:00:00,214.6264692,1,1,Can Tho,2012,1,1
2012-02-01T00:00:00,263.0298067,2,1,Can Tho,2012,1,1
2012-03-01T00:00:00,368.6783998,3,1,Can Tho,2012,1,1
2012-04-01T00:00:00,179.4421325,4,2,Can Tho,2012,1,1
2012-05-01T00:00:00,261.5177462,5,2,Can Tho,2012,1,1
2012-06-01T00:00:00,316.6241036,6,2,Can Tho,2012,1,1
2012-07-01T00:00:00,241.7270916,7,3,Can Tho,2012,1,1
2012-08-01T00:00:00,255.0477226,8,3,Can Tho,2012,1,1
2012-09-01T00:00:00,171.6956522,9,3,Can Tho,2012,1,1
2012-10-01T00:00:00,423.9268448,10,4,Can Tho,2012,1,1
2012-11-01T00:00:00,319.1815203,11,4,Can Tho,2012,1,1
2012-12-01T00:00:00,216.5899915,12,4,Can Tho,2012,1,1
2013-01-01T00:00:00,281.2274022,1,1,Can Tho,2013,1,1
2013-02-01T00:00:00,170.9677795,2,1,Can Tho,2013,1,1
2013-03-01T00:00:00,298.6893168,3,1,Can Tho,2013,1,1
2013-04-01T00:00:00,443.1889234,4,2,Can Tho,2013,1,1
2013-05-01T00:00:00,392.6749364,5,2,Can Tho,2013,1,1
2013-06-01T00:00:00,315.7185327,6,2,Can Tho,2013,1,1
2013-07-01T00:00:00,141.4852484,7,3,Can Tho,2013,1,1
2013-08-01T00:00:00,,8,3,Can Tho,2013,1,1
2013-09-01T00:00:00,307.7154368,9,3,Can Tho,2013,1,1
2013-10-01T00:00:00,334.6450415,10,4,Can Tho,2013,1,1
2013-11-01T00:00:00,332.6881134,11,4,Can Tho,2013,1,1
2013-12-01T00:00:00,333.5755694,12,4,Can Tho,2013,1,1
2014-01-01T00:00:00,314.2590184,1,1,Can Tho,2014,1,1
2014-02-01T00:00:00,359.7914758,2,1,Can Tho,2014,1,1
2014-03-01T00:00:00,279.7929592,3,1,Can Tho,2014,1,1
2014-04-01T00:00:00,268.7409191,4,2,Can Tho,2014,1,1
2014-05-01T00:00:00,239.9701018,5,2,Can Tho,2014,1,1
2014-06-01T00:00:00,264.3149038,6,2,Can Tho,2014,1,1
2014-07-01T00:00:00,226.8552795,7,3,Can Tho,2014,1,1
2014-08-01T00:00:00,313.3263783,8,3,Can Tho,2014,1,1
2014-09-01T00:00:00,315.5369866,9,3,Can Tho,2014,1,1
2014-10-01T00:00:00,430.408615,10,4,Can Tho,2014,1,1
2014-11-01T00:00:00,313.3580577,11,4,Can Tho,2014,1,1
2014-12-01T00:00:00,144.9532897,12,4,Can Tho,2014,1,1
2015-01-01T00:00:00,319.0686767,1,1,Can Tho,2015,1,1
2015-02-01T00:00:00,235.0805889,2,1,Can Tho,2015,1,1
2015-03-01T00:00:00,472.9507755,3,1,Can Tho,2015,1,1
2015-04-01T00:00:00,379.0478311,4,2,Can Tho,2015,1,1
2015-05-01T00:00:00,216.2270404,5,2,Can Tho,2015,1,1
2015-06-01T00:00:00,330.9783291,6,2,Can Tho,2015,1,1
2015-07-01T00:00:00,360.5524809,7,3,Can Tho,2015,1,1
2015-08-01T00:00:00,207.5147516,8,3,Can Tho,2015,1,1
2015-09-01T00:00:00,463.9098229,9,3,Can Tho,2015,1,1
2015-10-01T00:00:00,280.909542,10,4,Can Tho,2015,1,1
2015-11-01T00:00:00,264.0287007,11,4,Can Tho,2015,1,1
2015-12-01T00:00:00,192.9992482,12,4,Can Tho,2015,1,1
2016-01-01T00:00:00,248.4617742,1,1,Can Tho,2016,1,1
2016-02-01T00:00:00,365.3540288,2,1,Can Tho,2016,1,1
2016-03-01T00:00:00,374.9592598,3,1,Can Tho,2016,1,1
2016-04-01T00:00:00,368.215927,4,2,Can Tho,2016,1,1
2016-05-01T00:00:00,272.913486,5,2,Can Tho,2016,1,1
2016-06-01T00:00:00,300.6882952,6,2,Can Tho,2016,1,1
2016-07-01T00:00:00,263.4891304,7,3,Can Tho,2016,1,1
2016-08-01T00:00:00,405,8,3,Can Tho,2016,1,1
2016-09-01T00:00:00,60.5,9,3,Can Tho,2016,1,1
2016-10-01T00:00:00,354.2306889,10,4,Can Tho,2016,1,1
2016-11-01T00:00:00,298.8387405,11,4,Can Tho,2016,1,1
2016-12-01T00:00:00,279.8406375,12,4,Can Tho,2016,1,1
2017-01-01T00:00:00,256.648546,1,1,Can Tho,2017,1,1
2017-02-01T00:00:00,268.7583303,2,1,Can Tho,2017,1,1
2017-03-01T00:00:00,375.3588013,3,1,Can Tho,2017,1,1
2017-04-01T00:00:00,328.6610379,4,2,Can Tho,2017,1,1
2017-05-01T00:00:00,,5,2,Can Tho,2017,1,1
2017-06-01T00:00:00,181.1513944,6,2,Can Tho,2017,1,1
2017-07-01T00:00:00,289.9533011,7,3,Can Tho,2017,1,1
2017-08-01T00:00:00,248.8160535,8,3,Can Tho,2017,1,1
2017-09-01T00:00:00,383.1331186,9,3,Can Tho,2017,1,1
2017-10-01T00:00:00,259.7238532,10,4,Can Tho,2017,1,1
2017-11-01T00:00:00,194.5059761,11,4,Can Tho,2017,1,1
2017-12-01T00:00:00,260.3046922,12,4,Can Tho,2017,1,1
2018-01-01T00:00:00,219.8501553,1,1,Can Tho,2018,1,1
2018-02-01T00:00:00,326.8016332,2,1,Can Tho,2018,1,1
2018-03-01T00:00:00,331.3520607,3,1,Can Tho,2018,1,1
2018-04-01T00:00:00,256.070911,4,2,Can Tho,2018,1,1
2018-05-01T00:00:00,334.1258191,5,2,Can Tho,2018,1,1
2018-06-01T00:00:00,562.5,6,2,Can Tho,2018,1,1
2018-07-01T00:00:00,523.7995825,7,3,Can Tho,2018,1,1
2018-08-01T00:00:00,334.1272142,8,3,Can Tho,2018,1,1
2018-09-01T00:00:00,295.8675676,9,3,Can Tho,2018,1,1
2018-10-01T00:00:00,377.2872671,10,4,Can Tho,2018,1,1
2018-11-01T00:00:00,348.823847,11,4,Can Tho,2018,1,1
2018-12-01T00:00:00,290.945641,12,4,Can Tho,2018,1,1
2019-01-01T00:00:00,261.862839,1,1,Can Tho,2019,1,1
2019-02-01T00:00:00,267.9467352,2,1,Can Tho,2019,1,1
2019-03-01T00:00:00,336.5373814,3,1,Can Tho,2019,1,1
2019-04-01T00:00:00,204.7535835,4,2,Can Tho,2019,1,1
2019-05-01T00:00:00,349.8061917,5,2,Can Tho,2019,1,1
2019-06-01T00:00:00,209.252988,6,2,Can Tho,2019,1,1
2019-07-01T00:00:00,373.5176933,7,3,Can Tho,2019,1,1
2019-08-01T00:00:00,266.2004175,8,3,Can Tho,2019,1,1
2019-09-01T00:00:00,257.5318323,9,3,Can Tho,2019,1,1
2019-10-01T00:00:00,382.9618321,10,4,Can Tho,2019,1,1
2019-11-01T00:00:00,233.1356719,11,4,Can Tho,2019,1,1
2019-12-01T00:00:00,218.1126104,12,4,Can Tho,2019,1,1
2007-01-01T00:00:00,226.5317471,1,1,Cao Lanh,2007,0,1
2007-02-01T00:00:00,251.3253795,2,1,Cao Lanh,2007,0,1
2007-03-01T00:00:00,267.4673101,3,1,Cao Lanh,2007,0,1
2007-04-01T00:00:00,268.4802242,4,2,Cao Lanh,2007,0,1
2007-05-01T00:00:00,300.0816683,5,2,Cao Lanh,2007,0,1
2007-06-01T00:00:00,199.2600379,6,2,Cao Lanh,2007,0,1
2007-07-01T00:00:00,303.978461,7,3,Cao Lanh,2007,0,1
2007-08-01T00:00:00,365.1721014,8,3,Cao Lanh,2007,0,1
2007-09-01T00:00:00,367.9589552,9,3,Cao Lanh,2007,0,1
2007-10-01T00:00:00,250.5263255,10,4,Cao Lanh,2007,0,1
2007-11-01T00:00:00,546.7477909,11,4,Cao Lanh,2007,0,1
2007-12-01T00:00:00,259.8696411,12,4,Cao Lanh,2007,0,1
2008-01-01T00:00:00,144.0108995,1,1,Cao Lanh,2008,0,1
2008-02-01T00:00:00,277.0975295,2,1,Cao Lanh,2008,0,1
2008-03-01T00:00:00,409.016906,3,1,Cao Lanh,2008,0,1
2008-04-01T00:00:00,212.8665685,4,2,Cao Lanh,2008,0,1
2008-05-01T00:00:00,314.2050955,5,2,Cao Lanh,2008,0,1
2008-06-01T00:00:00,229.1609948,6,2,Cao Lanh,2008,0,1
2008-07-01T00:00:00,297.7851315,7,3,Cao Lanh,2008,0,1
2008-08-01T00:00:00,404.416,8,3,Cao Lanh,2008,0,1
2008-09-01T00:00:00,342.5214198,9,3,Cao Lanh,2008,0,1
2008-10-01T00:00:00,310.2434211,10,4,Cao Lanh,2008,0,1
2008-11-01T00:00:00,211.6556604,11,4,Cao Lanh,2008,0,1
2008-12-01T00:00:00,216.7027047,12,4,Cao Lanh,2008,0,1
2009-01-01T00:00:00,278.9270068,1,1,Cao Lanh,2009,0,1
2009-02-01T00:00:00,200.1364226,2,1,Cao Lanh,2009,0,1
2009-03-01T00:00:00,245.2996374,3,1,Cao Lanh,2009,0,1
2009-04-01T00:00:00,307.7839347,4,2,Cao Lanh,2009,0,1
2009-05-01T00:00:00,258.6957547,5,2,Cao Lanh,2009,0,1
2009-06-01T00:00:00,240.4403535,6,2,Cao Lanh,2009,0,1
2009-07-01T00:00:00,258.7446358,7,3,Cao Lanh,2009,0,1
2009-08-01T00:00:00,423.6671903,8,3,Cao Lanh,2009,0,1
2009-09-01T00:00:00,390.2686833,9,3,Cao Lanh,2009,0,1
2009-10-01T00:00:00,463.6345196,10,4,Cao Lanh,2009,0,1
2009-11-01T00:00:00,184.1508652,11,4,Cao Lanh,2009,0,1
2009-12-01T00:00:00,251.3210606,12,4,Cao Lanh,2009,0,1
2010-01-01T00:00:00,214.9294162,1,1,Cao Lanh,2010,0,1
2010-02-01T00:00:00,225.9388637,2,1,Cao Lanh,2010,0,1
2010-03-01T00:00:00,334.7523583,3,1,Cao Lanh,2010,0,1
2010-04-01T00:00:00,410.3224174,4,2,Cao Lanh,2010,0,1
2010-05-01T00:00:00,360.641728,5,2,Cao Lanh,2010,0,1
2010-06-01T00:00:00,297.9783784,6,2,Cao Lanh,2010,0,1
2010-07-01T00:00:00,241.1926641,7,3,Cao Lanh,2010,0,1
2010-08-01T00:00:00,320.0566038,8,3,Cao Lanh,2010,0,1
2010-09-01T00:00:00,362.125,9,3,Cao Lanh,2010,0,1
2010-10-01T00:00:00,473.1568396,10,4,Cao Lanh,2010,0,1
2010-11-01T00:00:00,338.6491163,11,4,Cao Lanh,2010,0,1
2010-12-01T00:00:00,277.2623343,12,4,Cao Lanh,2010,0,1
2011-01-01T00:00:00,246.7770803,1,1,Cao Lanh,2011,0,1
2011-02-01T00:00:00,427.0275697,2,1,Cao Lanh,2011,0,1
2011-03-01T00:00:00,239.7492812,3,1,Cao Lanh,2011,0,1
2011-04-01T00:00:00,447.7133915,4,2,Cao Lanh,2011,0,1
2011-05-01T00:00:00,200.0797101,5,2,Cao Lanh,2011,0,1
2011-06-01T00:00:00,263.6775544,6,2,Cao Lanh,2011,0,1
2011-07-01T00:00:00,269.8702135,7,3,Cao Lanh,2011,0,1
2011-08-01T00:00:00,265.2151982,8,3,Cao Lanh,2011,0,1
2011-09-01T00:00:00,391.9409548,9,3,Cao Lanh,2011,0,1
2011-10-01T00:00:00,288.8095882,10,4,Cao Lanh,2011,0,1
2011-11-01T00:00:00,227.9555719,11,4,Cao Lanh,2011,0,1
2011-12-01T00:00:00,261.1151043,12,4,Cao Lanh,2011,0,1
2012-01-01T00:00:00,181.7813223,1,1,Cao Lanh,2012,0,1
2012-02-01T00:00:00,312.0959401,2,1,Cao Lanh,2012,0,1
2012-03-01T00:00:00,445.1137066,3,1,Cao Lanh,2012,0,1
2012-04-01T00:00:00,283.8186655,4,2,Cao Lanh,2012,0,1
2012-05-01T00:00:00,276.2930769,5,2,Cao Lanh,2012,0,1
2012-06-01T00:00:00,383.9420382,6,2,Cao Lanh,2012,0,1
2012-07-01T00:00:00,349.643699,7,3,Cao Lanh,2012,0,1
2012-08-01T00:00:00,320.9807789,8,3,Cao Lanh,2012,0,1
2012-09-01T00:00:00,200.5811518,9,3,Cao Lanh,2012,0,1
2012-10-01T00:00:00,489.6913043,10,4,Cao Lanh,2012,0,1
2012-11-01T00:00:00,345.3575167,11,4,Cao Lanh,2012,0,1
2012-12-01T00:00:00,180.3202135,12,4,Cao Lanh,2012,0,1
2013-01-01T00:00:00,291.7685059,1,1,Cao Lanh,2013,0,1
2013-02-01T00:00:00,218.6603052,2,1,Cao Lanh,2013,0,1
2013-03-01T00:00:00,416.1836241,3,1,Cao Lanh,2013,0,1
2013-04-01T00:00:00,349.8888439,4,2,Cao Lanh,2013,0,1
2013-05-01T00:00:00,290.576485,5,2,Cao Lanh,2013,0,1
2013-06-01T00:00:00,373.013418,6,2,Cao Lanh,2013,0,1
2013-07-01T00:00:00,79,7,3,Cao Lanh,2013,0,1
2013-08-01T00:00:00,297.2572983,8,3,Cao Lanh,2013,0,1
2013-09-01T00:00:00,542.9455324,9,3,Cao Lanh,2013,0,1
2013-10-01T00:00:00,409.247331,10,4,Cao Lanh,2013,0,1
2013-11-01T00:00:00,155.9796011,11,4,Cao Lanh,2013,0,1
2013-12-01T00:00:00,277.1087103,12,4,Cao Lanh,2013,0,1
2014-01-01T00:00:00,289.6497308,1,1,Cao Lanh,2014,0,1
2014-02-01T00:00:00,404.2168887,2,1,Cao Lanh,2014,0,1
2014-03-01T00:00:00,333.6815022,3,1,Cao Lanh,2014,0,1
2014-04-01T00:00:00,286.7100658,4,2,Cao Lanh,2014,0,1
2014-05-01T00:00:00,260.2209657,5,2,Cao Lanh,2014,0,1
2014-06-01T00:00:00,203.0064974,6,2,Cao Lanh,2014,0,1
2014-07-01T00:00:00,309.9351415,7,3,Cao Lanh,2014,0,1
2014-08-01T00:00:00,262.4106591,8,3,Cao Lanh,2014,0,1
2014-09-01T00:00:00,303.6737685,9,3,Cao Lanh,2014,0,1
2014-10-01T00:00:00,450.9270172,10,4,Cao Lanh,2014,0,1
2014-11-01T00:00:00,292.7733454,11,4,Cao Lanh,2014,0,1
2014-12-01T00:00:00,119.7040286,12,4,Cao Lanh,2014,0,1
2015-01-01T00:00:00,384.0172486,1,1,Cao Lanh,2015,0,1
2015-02-01T00:00:00,272.699176,2,1,Cao Lanh,2015,0,1
2015-03-01T00:00:00,473.0035679,3,1,Cao Lanh,2015,0,1
2015-04-01T00:00:00,481.2680658,4,2,Cao Lanh,2015,0,1
2015-05-01T00:00:00,247.817624,5,2,Cao Lanh,2015,0,1
2015-06-01T00:00:00,296.6278228,6,2,Cao Lanh,2015,0,1
2015-07-01T00:00:00,379.0897099,7,3,Cao Lanh,2015,0,1
2015-08-01T00:00:00,228.6094371,8,3,Cao Lanh,2015,0,1
2015-09-01T00:00:00,352.2085788,9,3,Cao Lanh,2015,0,1
2015-10-01T00:00:00,580.5797357,10,4,Cao Lanh,2015,0,1
2015-11-01T00:00:00,256.2678203,11,4,Cao Lanh,2015,0,1
2015-12-01T00:00:00,185.2083535,12,4,Cao Lanh,2015,0,1
2016-01-01T00:00:00,274.0641215,1,1,Cao Lanh,2016,0,1
2016-02-01T00:00:00,358.4994755,2,1,Cao Lanh,2016,0,1
2016-03-01T00:00:00,467.675374,3,1,Cao Lanh,2016,0,1
2016-04-01T00:00:00,389.7165852,4,2,Cao Lanh,2016,0,1
2016-05-01T00:00:00,189.6609118,5,2,Cao Lanh,2016,0,1
2016-06-01T00:00:00,310.7148103,6,2,Cao Lanh,2016,0,1
2016-07-01T00:00:00,344.6131006,7,3,Cao Lanh,2016,0,1
2016-08-01T00:00:00,244.8580633,8,3,Cao Lanh,2016,0,1
2016-09-01T00:00:00,347.6099815,9,3,Cao Lanh,2016,0,1
2016-10-01T00:00:00,,10,4,Cao Lanh,2016,0,1
2016-11-01T00:00:00,189.9795655,11,4,Cao Lanh,2016,0,1
2016-12-01T00:00:00,256.75,12,4,Cao Lanh,2016,0,1
2017-01-01T00:00:00,233.2996108,1,1,Cao Lanh,2017,0,1
2017-02-01T00:00:00,213.3440774,2,1,Cao Lanh,2017,0,1
2017-03-01T00:00:00,354.9513991,3,1,Cao Lanh,2017,0,1
2017-04-01T00:00:00,241.8606319,4,2,Cao Lanh,2017,0,1
2017-05-01T00:00:00,399.43699,5,2,Cao Lanh,2017,0,1
2017-06-01T00:00:00,286.2631934,6,2,Cao Lanh,2017,0,1
2017-07-01T00:00:00,169.8275862,7,3,Cao Lanh,2017,0,1
2017-08-01T00:00:00,323.4506627,8,3,Cao Lanh,2017,0,1
2017-09-01T00:00:00,299.2466002,9,3,Cao Lanh,2017,0,1
2017-10-01T00:00:00,286.5868087,10,4,Cao Lanh,2017,0,1
2017-11-01T00:00:00,296.75,11,4,Cao Lanh,2017,0,1
2017-12-01T00:00:00,170.6751347,12,4,Cao Lanh,2017,0,1
2018-01-01T00:00:00,298.9032821,1,1,Cao Lanh,2018,0,1
2018-02-01T00:00:00,423.528597,2,1,Cao Lanh,2018,0,1
2018-03-01T00:00:00,390.2161673,3,1,Cao Lanh,2018,0,1
2018-04-01T00:00:00,342.110702,4,2,Cao Lanh,2018,0,1
2018-05-01T00:00:00,321.9311487,5,2,Cao Lanh,2018,1,1
2018-06-01T00:00:00,334.5565783,6,2,Cao Lanh,2018,1,1
2018-07-01T00:00:00,245.7218543,7,3,Cao Lanh,2018,1,1
2018-08-01T00:00:00,327.7408654,8,3,Cao Lanh,2018,1,1
2018-09-01T00:00:00,453.4654523,9,3,Cao Lanh,2018,1,1
2018-10-01T00:00:00,346.5327688,10,4,Cao Lanh,2018,1,1
2018-11-01T00:00:00,360.9633141,11,4,Cao Lanh,2018,1,1
2018-12-01T00:00:00,182.3499632,12,4,Cao Lanh,2018,1,1
2019-01-01T00:00:00,289.9319435,1,1,Cao Lanh,2019,1,1
2019-02-01T00:00:00,292.8877328,2,1,Cao Lanh,2019,1,1
2019-03-01T00:00:00,392.6564553,3,1,Cao Lanh,2019,1,1
2019-04-01T00:00:00,244.3119226,4,2,Cao Lanh,2019,1,1
2019-05-01T00:00:00,306.5229013,5,2,Cao Lanh,2019,1,1
2019-06-01T00:00:00,319.1185567,6,2,Cao Lanh,2019,1,1
2019-07-01T00:00:00,341.2632302,7,3,Cao Lanh,2019,1,1
2019-08-01T00:00:00,440.5952381,8,3,Cao Lanh,2019,1,1
2019-09-01T00:00:00,345.4175258,9,3,Cao Lanh,2019,1,1
2019-10-01T00:00:00,363.1571551,10,4,Cao Lanh,2019,1,1
2019-11-01T00:00:00,321.5873834,11,4,Cao Lanh,2019,1,1
2019-12-01T00:00:00,201.6345762,12,4,Cao Lanh,2019,1,1
2007-01-01T00:00:00,267.1774756,1,1,Co Chien,2007,0,0
2007-02-01T00:00:00,187.857881,2,1,Co Chien,2007,0,0
2007-03-01T00:00:00,270.8092318,3,1,Co Chien,2007,0,0
2007-04-01T00:00:00,237.4909434,4,2,Co Chien,2007,0,0
2007-05-01T00:00:00,429.6023127,5,2,Co Chien,2007,0,0
2007-06-01T00:00:00,272.6943396,6,2,Co Chien,2007,0,0
2007-07-01T00:00:00,291.1201849,7,3,Co Chien,2007,0,0
2007-08-01T00:00:00,50.07526882,8,3,Co Chien,2007,0,0
2007-09-01T00:00:00,472.0584906,9,3,Co Chien,2007,0,0
2007-10-01T00:00:00,269.5929245,10,4,Co Chien,2007,0,0
2007-11-01T00:00:00,339.5334906,11,4,Co Chien,2007,0,0
2007-12-01T00:00:00,293.0585849,12,4,Co Chien,2007,0,0
2008-01-01T00:00:00,288.1096587,1,1,Co Chien,2008,0,0
2008-02-01T00:00:00,283.6480451,2,1,Co Chien,2008,0,0
2008-03-01T00:00:00,270.8025809,3,1,Co Chien,2008,0,1
2008-04-01T00:00:00,219.895283,4,2,Co Chien,2008,0,1
2008-05-01T00:00:00,300.9281046,5,2,Co Chien,2008,0,1
2008-06-01T00:00:00,430.5608108,6,2,Co Chien,2008,0,1
2008-07-01T00:00:00,280.5337591,7,3,Co Chien,2008,0,1
2008-08-01T00:00:00,352.1723577,8,3,Co Chien,2008,0,1
2008-09-01T00:00:00,279.7981366,9,3,Co Chien,2008,0,1
2008-10-01T00:00:00,326.9679898,10,4,Co Chien,2008,0,1
2008-11-01T00:00:00,141.4044944,11,4,Co Chien,2008,0,1
2008-12-01T00:00:00,233.8264151,12,4,Co Chien,2008,0,1
2009-01-01T00:00:00,302.2371676,1,1,Co Chien,2009,0,1
2009-02-01T00:00:00,119.6819739,2,1,Co Chien,2009,0,1
2009-03-01T00:00:00,217.8810692,3,1,Co Chien,2009,0,1
2009-04-01T00:00:00,131.739645,4,2,Co Chien,2009,0,1
2009-05-01T00:00:00,291.0139937,5,2,Co Chien,2009,0,1
2009-06-01T00:00:00,301.8173585,6,2,Co Chien,2009,0,1
2009-07-01T00:00:00,314.953159,7,3,Co Chien,2009,0,1
2009-08-01T00:00:00,237.3143177,8,3,Co Chien,2009,0,1
2009-09-01T00:00:00,291.1632,9,3,Co Chien,2009,0,1
2009-10-01T00:00:00,181.9037736,10,4,Co Chien,2009,0,1
2009-11-01T00:00:00,150.9032847,11,4,Co Chien,2009,0,1
2009-12-01T00:00:00,231.2456427,12,4,Co Chien,2009,0,1
2010-01-01T00:00:00,248.5787525,1,1,Co Chien,2010,0,1
2010-02-01T00:00:00,187.3957292,2,1,Co Chien,2010,0,1
2010-03-01T00:00:00,250.1194054,3,1,Co Chien,2010,0,1
2010-04-01T00:00:00,348.4749775,4,2,Co Chien,2010,0,1
2010-05-01T00:00:00,286.2343396,5,2,Co Chien,2010,0,1
2010-06-01T00:00:00,204.99488,6,2,Co Chien,2010,0,1
2010-07-01T00:00:00,253.6437908,7,3,Co Chien,2010,0,1
2010-08-01T00:00:00,243.1187648,8,3,Co Chien,2010,0,1
2010-09-01T00:00:00,,9,3,Co Chien,2010,0,1
2010-10-01T00:00:00,249.9229303,10,4,Co Chien,2010,0,1
2010-11-01T00:00:00,341.8585366,11,4,Co Chien,2010,0,1
2010-12-01T00:00:00,172.1279693,12,4,Co Chien,2010,0,1
2011-01-01T00:00:00,201.6833919,1,1,Co Chien,2011,0,1
2011-02-01T00:00:00,304.8698113,2,1,Co Chien,2011,0,1
2011-03-01T00:00:00,216.5804133,3,1,Co Chien,2011,0,1
2011-04-01T00:00:00,421.6868024,4,2,Co Chien,2011,0,1
2011-05-01T00:00:00,322.6544025,5,2,Co Chien,2011,0,1
2011-06-01T00:00:00,312.6273292,6,2,Co Chien,2011,0,1
2011-07-01T00:00:00,182.1420118,7,3,Co Chien,2011,0,1
2011-08-01T00:00:00,346.9262579,8,3,Co Chien,2011,0,1
2011-09-01T00:00:00,273,9,3,Co Chien,2011,0,1
2011-10-01T00:00:00,292.2181605,10,4,Co Chien,2011,0,1
2011-11-01T00:00:00,220.8081683,11,4,Co Chien,2011,0,1
2011-12-01T00:00:00,228.6071429,12,4,Co Chien,2011,0,1
2012-01-01T00:00:00,255.1349421,1,1,Co Chien,2012,0,1
2012-02-01T00:00:00,256.6250919,2,1,Co Chien,2012,0,1
2012-03-01T00:00:00,187.2444257,3,1,Co Chien,2012,0,1
2012-04-01T00:00:00,124.8316489,4,2,Co Chien,2012,0,1
2012-05-01T00:00:00,378.2310167,5,2,Co Chien,2012,0,1
2012-06-01T00:00:00,205.8192,6,2,Co Chien,2012,0,1
2012-07-01T00:00:00,293.8973843,7,3,Co Chien,2012,0,1
2012-08-01T00:00:00,292.9392292,8,3,Co Chien,2012,0,1
2012-09-01T00:00:00,358.5659411,9,3,Co Chien,2012,0,1
2012-10-01T00:00:00,297.9843147,10,4,Co Chien,2012,0,1
2012-11-01T00:00:00,177.9856,11,4,Co Chien,2012,0,1
2012-12-01T00:00:00,167.4541087,12,4,Co Chien,2012,0,1
2013-01-01T00:00:00,281.1805575,1,1,Co Chien,2013,0,1
2013-02-01T00:00:00,192.2193804,2,1,Co Chien,2013,0,1
2013-03-01T00:00:00,341.7163127,3,1,Co Chien,2013,0,1
2013-04-01T00:00:00,351.9239374,4,2,Co Chien,2013,0,1
2013-05-01T00:00:00,230.154023,5,2,Co Chien,2013,0,1
2013-06-01T00:00:00,212.5051877,6,2,Co Chien,2013,0,1
2013-07-01T00:00:00,197.6264822,7,3,Co Chien,2013,0,1
2013-08-01T00:00:00,219.2745592,8,3,Co Chien,2013,0,1
2013-09-01T00:00:00,133.057971,9,3,Co Chien,2013,0,1
2013-10-01T00:00:00,456.7992278,10,4,Co Chien,2013,0,1
2013-11-01T00:00:00,303.9168,11,4,Co Chien,2013,0,1
2013-12-01T00:00:00,214.8012422,12,4,Co Chien,2013,0,1
2014-01-01T00:00:00,320.4041823,1,1,Co Chien,2014,0,1
2014-02-01T00:00:00,288.5330805,2,1,Co Chien,2014,0,1
2014-03-01T00:00:00,262.2480787,3,1,Co Chien,2014,0,1
2014-04-01T00:00:00,323.2829794,4,2,Co Chien,2014,0,1
2014-05-01T00:00:00,235.2510618,5,2,Co Chien,2014,0,1
2014-06-01T00:00:00,183,6,2,Co Chien,2014,0,1
2014-07-01T00:00:00,182.4558166,7,3,Co Chien,2014,0,1
2014-08-01T00:00:00,440.4843505,8,3,Co Chien,2014,0,1
2014-09-01T00:00:00,391.3274614,9,3,Co Chien,2014,0,1
2014-10-01T00:00:00,338.2600978,10,4,Co Chien,2014,0,1
2014-11-01T00:00:00,262.8292471,11,4,Co Chien,2014,0,1
2014-12-01T00:00:00,222.8136646,12,4,Co Chien,2014,0,1
2015-01-01T00:00:00,324.25,1,1,Co Chien,2015,0,1
2015-02-01T00:00:00,276.4545455,2,1,Co Chien,2015,0,1
2015-03-01T00:00:00,243.1673378,3,1,Co Chien,2015,0,1
2015-04-01T00:00:00,435.5212528,4,2,Co Chien,2015,0,1
2015-05-01T00:00:00,218.86195,5,2,Co Chien,2015,1,1
2015-06-01T00:00:00,110.242236,6,2,Co Chien,2015,1,0
2015-07-01T00:00:00,342.6803691,7,3,Co Chien,2015,1,0
2015-08-01T00:00:00,253.3873975,8,3,Co Chien,2015,1,0
2015-09-01T00:00:00,437.3077726,9,3,Co Chien,2015,1,0
2015-10-01T00:00:00,217.6254661,10,4,Co Chien,2015,1,0
2015-11-01T00:00:00,170.0383509,11,4,Co Chien,2015,1,0
2015-12-01T00:00:00,139.1418269,12,4,Co Chien,2015,1,0
2016-01-01T00:00:00,154.1520235,1,1,Co Chien,2016,1,0
2016-02-01T00:00:00,189.9347527,2,1,Co Chien,2016,1,0
2016-03-01T00:00:00,390.602349,3,1,Co Chien,2016,1,0
2016-04-01T00:00:00,329.212267,4,2,Co Chien,2016,1,0
2016-05-01T00:00:00,304.0400075,5,2,Co Chien,2016,1,0
2016-06-01T00:00:00,285.1331895,6,2,Co Chien,2016,1,0
2016-07-01T00:00:00,390.2287234,7,3,Co Chien,2016,1,0
2016-08-01T00:00:00,369.7337808,8,3,Co Chien,2016,1,0
2016-09-01T00:00:00,,9,3,Co Chien,2016,1,0
2016-10-01T00:00:00,367,10,4,Co Chien,2016,1,0
2016-11-01T00:00:00,198.2470172,11,4,Co Chien,2016,1,0
2016-12-01T00:00:00,232.6956522,12,4,Co Chien,2016,1,0
2017-01-01T00:00:00,258.7281879,1,1,Co Chien,2017,1,0
2017-02-01T00:00:00,281.4165735,2,1,Co Chien,2017,1,0
2017-03-01T00:00:00,227.0095078,3,1,Co Chien,2017,1,0
2017-04-01T00:00:00,304.7420553,4,2,Co Chien,2017,1,0
2017-05-01T00:00:00,359.4800766,5,2,Co Chien,2017,1,0
2017-06-01T00:00:00,245.1360202,6,2,Co Chien,2017,1,0
2017-07-01T00:00:00,139.5093168,7,3,Co Chien,2017,1,0
2017-08-01T00:00:00,237.3064877,8,3,Co Chien,2017,1,0
2017-09-01T00:00:00,263.0055928,9,3,Co Chien,2017,1,0
2017-10-01T00:00:00,,10,4,Co Chien,2017,1,0
2017-11-01T00:00:00,237.2897898,11,4,Co Chien,2017,1,0
2017-12-01T00:00:00,251.4647651,12,4,Co Chien,2017,1,0
2018-01-01T00:00:00,256.8535018,1,1,Co Chien,2018,1,0
2018-02-01T00:00:00,343.7947427,2,1,Co Chien,2018,1,0
2018-03-01T00:00:00,202.152532,3,1,Co Chien,2018,1,0
2018-04-01T00:00:00,202.8472906,4,2,Co Chien,2018,1,0
2018-05-01T00:00:00,359.9601064,5,2,Co Chien,2018,1,0
2018-06-01T00:00:00,190.5010352,6,2,Co Chien,2018,1,0
2018-07-01T00:00:00,163.5838509,7,3,Co Chien,2018,1,0
2018-08-01T00:00:00,210.1243243,8,3,Co Chien,2018,1,0
2018-09-01T00:00:00,291.8975347,9,3,Co Chien,2018,1,0
2018-10-01T00:00:00,262.1189038,10,4,Co Chien,2018,1,0
2018-11-01T00:00:00,141.8944099,11,4,Co Chien,2018,1,0
2018-12-01T00:00:00,199.3856322,12,4,Co Chien,2018,1,0
2019-01-01T00:00:00,165.0247649,1,1,Co Chien,2019,1,0
2019-02-01T00:00:00,189.7388335,2,1,Co Chien,2019,1,0
2019-03-01T00:00:00,304.4998882,3,1,Co Chien,2019,1,0
2019-04-01T00:00:00,212.327588,4,2,Co Chien,2019,1,0
2019-05-01T00:00:00,351.104065,5,2,Co Chien,2019,1,0
2019-06-01T00:00:00,330.4804382,6,2,Co Chien,2019,1,0
2019-07-01T00:00:00,368.4934794,7,3,Co Chien,2019,1,0
2019-08-01T00:00:00,413.0845666,8,3,Co Chien,2019,1,0
2019-09-01T00:00:00,451.8638498,9,3,Co Chien,2019,1,0
2019-10-01T00:00:00,280.6,10,4,Co Chien,2019,1,0
2019-11-01T00:00:00,200.4759891,11,4,Co Chien,2019,1,0
2019-12-01T00:00:00,313.6857582,12,4,Co Chien,2019,1,0
2007-01-01T00:00:00,269.2090405,1,1,Ham Luong,2007,0,1
2007-02-01T00:00:00,249.8741191,2,1,Ham Luong,2007,0,1
2007-03-01T00:00:00,308.2546644,3,1,Ham Luong,2007,0,1
2007-04-01T00:00:00,295.1694346,4,2,Ham Luong,2007,0,1
2007-05-01T00:00:00,261.8637227,5,2,Ham Luong,2007,0,1
2007-06-01T00:00:00,351.2273061,6,2,Ham Luong,2007,0,1
2007-07-01T00:00:00,405.9697309,7,3,Ham Luong,2007,0,1
2007-08-01T00:00:00,328.4046392,8,3,Ham Luong,2007,0,1
2007-09-01T00:00:00,322.9571984,9,3,Ham Luong,2007,0,1
2007-10-01T00:00:00,313.2412488,10,4,Ham Luong,2007,0,1
2007-11-01T00:00:00,311.3686445,11,4,Ham Luong,2007,0,1
2007-12-01T00:00:00,258.086404,12,4,Ham Luong,2007,0,1
2008-01-01T00:00:00,280.4179026,1,1,Ham Luong,2008,0,1
2008-02-01T00:00:00,313.1519737,2,1,Ham Luong,2008,0,1
2008-03-01T00:00:00,281.2159906,3,1,Ham Luong,2008,0,1
2008-04-01T00:00:00,297.7004229,4,2,Ham Luong,2008,0,1
2008-05-01T00:00:00,363.5998833,5,2,Ham Luong,2008,0,1
2008-06-01T00:00:00,325.2841207,6,2,Ham Luong,2008,0,1
2008-07-01T00:00:00,310.7899533,7,3,Ham Luong,2008,0,1
2008-08-01T00:00:00,506.4610674,8,3,Ham Luong,2008,0,1
2008-09-01T00:00:00,520.1787693,9,3,Ham Luong,2008,0,1
2008-10-01T00:00:00,221.7647544,10,4,Ham Luong,2008,0,1
2008-11-01T00:00:00,128.3807099,11,4,Ham Luong,2008,0,1
2008-12-01T00:00:00,308.8588364,12,4,Ham Luong,2008,0,1
2009-01-01T00:00:00,319.4054111,1,1,Ham Luong,2009,0,1
2009-02-01T00:00:00,158.6968358,2,1,Ham Luong,2009,0,1
2009-03-01T00:00:00,235.3698453,3,1,Ham Luong,2009,0,1
2009-04-01T00:00:00,298.0558132,4,2,Ham Luong,2009,0,1
2009-05-01T00:00:00,332.9765238,5,2,Ham Luong,2009,0,1
2009-06-01T00:00:00,356.3914407,6,2,Ham Luong,2009,0,1
2009-07-01T00:00:00,249.0789151,7,3,Ham Luong,2009,0,1
2009-08-01T00:00:00,315.8958333,8,3,Ham Luong,2009,0,1
2009-09-01T00:00:00,243.7245902,9,3,Ham Luong,2009,0,1
2009-10-01T00:00:00,266.7138233,10,4,Ham Luong,2009,0,1
2009-11-01T00:00:00,304.8857726,11,4,Ham Luong,2009,0,1
2009-12-01T00:00:00,302.8913535,12,4,Ham Luong,2009,0,1
2010-01-01T00:00:00,300.2937798,1,1,Ham Luong,2010,0,1
2010-02-01T00:00:00,208.1544898,2,1,Ham Luong,2010,0,1
2010-03-01T00:00:00,326.0030541,3,1,Ham Luong,2010,0,1
2010-04-01T00:00:00,404.5343388,4,2,Ham Luong,2010,1,1
2010-05-01T00:00:00,294.3357914,5,2,Ham Luong,2010,1,0
2010-06-01T00:00:00,399.6794984,6,2,Ham Luong,2010,1,0
2010-07-01T00:00:00,253.1747024,7,3,Ham Luong,2010,1,0
2010-08-01T00:00:00,437.5145858,8,3,Ham Luong,2010,1,0
2010-09-01T00:00:00,330.1778846,9,3,Ham Luong,2010,1,0
2010-10-01T00:00:00,285.0818966,10,4,Ham Luong,2010,1,0
2010-11-01T00:00:00,439.4367879,11,4,Ham Luong,2010,1,0
2010-12-01T00:00:00,280.1610674,12,4,Ham Luong,2010,1,0
2011-01-01T00:00:00,225.2166812,1,1,Ham Luong,2011,1,0
2011-02-01T00:00:00,371.2886878,2,1,Ham Luong,2011,1,0
2011-03-01T00:00:00,296.8800629,3,1,Ham Luong,2011,1,0
2011-04-01T00:00:00,404.3055321,4,2,Ham Luong,2011,1,0
2011-05-01T00:00:00,358.6607466,5,2,Ham Luong,2011,1,0
2011-06-01T00:00:00,605.6299065,6,2,Ham Luong,2011,1,0
2011-07-01T00:00:00,476.0325168,7,3,Ham Luong,2011,1,0
2011-08-01T00:00:00,526.2750219,8,3,Ham Luong,2011,1,0
2011-09-01T00:00:00,61,9,3,Ham Luong,2011,1,0
2011-10-01T00:00:00,268.4456839,10,4,Ham Luong,2011,1,0
2011-11-01T00:00:00,292.4407366,11,4,Ham Luong,2011,1,0
2011-12-01T00:00:00,223.9983377,12,4,Ham Luong,2011,1,0
2012-01-01T00:00:00,253.4695344,1,1,Ham Luong,2012,1,0
2012-02-01T00:00:00,274.0252915,2,1,Ham Luong,2012,1,0
2012-03-01T00:00:00,270.0328084,3,1,Ham Luong,2012,1,0
2012-04-01T00:00:00,234.0231846,4,2,Ham Luong,2012,1,0
2012-05-01T00:00:00,359.8078497,5,2,Ham Luong,2012,1,0
2012-06-01T00:00:00,308.441674,6,2,Ham Luong,2012,1,0
2012-07-01T00:00:00,286.0662252,7,3,Ham Luong,2012,1,0
2012-08-01T00:00:00,406.5401235,8,3,Ham Luong,2012,1,0
2012-09-01T00:00:00,338.9989775,9,3,Ham Luong,2012,1,0
2012-10-01T00:00:00,258.401079,10,4,Ham Luong,2012,1,0
2012-11-01T00:00:00,280.2395742,11,4,Ham Luong,2012,1,0
2012-12-01T00:00:00,166.3135066,12,4,Ham Luong,2012,1,0
2013-01-01T00:00:00,364.9740994,1,1,Ham Luong,2013,1,0
2013-02-01T00:00:00,217.4357627,2,1,Ham Luong,2013,1,0
2013-03-01T00:00:00,401.1389158,3,1,Ham Luong,2013,1,0
2013-04-01T00:00:00,513.9213889,4,2,Ham Luong,2013,1,0
2013-05-01T00:00:00,380.3374891,5,2,Ham Luong,2013,1,0
2013-06-01T00:00:00,416.966273,6,2,Ham Luong,2013,1,0
2013-07-01T00:00:00,240.7055993,7,3,Ham Luong,2013,1,0
2013-08-01T00:00:00,271.8293963,8,3,Ham Luong,2013,1,0
2013-09-01T00:00:00,421.1107456,9,3,Ham Luong,2013,1,0
2013-10-01T00:00:00,322.0984163,10,4,Ham Luong,2013,1,0
2013-11-01T00:00:00,338.7432488,11,4,Ham Luong,2013,1,0
2013-12-01T00:00:00,497.0646982,12,4,Ham Luong,2013,1,0
2014-01-01T00:00:00,367.7482334,1,1,Ham Luong,2014,1,0
2014-02-01T00:00:00,388.3549754,2,1,Ham Luong,2014,1,0
2014-03-01T00:00:00,268.4906355,3,1,Ham Luong,2014,1,0
2014-04-01T00:00:00,308.6244386,4,2,Ham Luong,2014,1,0
2014-05-01T00:00:00,307.6217556,5,2,Ham Luong,2014,1,0
2014-06-01T00:00:00,429.7524351,6,2,Ham Luong,2014,1,0
2014-07-01T00:00:00,436.5260717,7,3,Ham Luong,2014,1,0
2014-08-01T00:00:00,375.0353201,8,3,Ham Luong,2014,1,0
2014-09-01T00:00:00,452.4415829,9,3,Ham Luong,2014,1,0
2014-10-01T00:00:00,364.5533683,10,4,Ham Luong,2014,1,0
2014-11-01T00:00:00,290.3056996,11,4,Ham Luong,2014,1,0
2014-12-01T00:00:00,280.5923593,12,4,Ham Luong,2014,1,0
2015-01-01T00:00:00,323.0121193,1,1,Ham Luong,2015,1,0
2015-02-01T00:00:00,413.1564419,2,1,Ham Luong,2015,1,0
2015-03-01T00:00:00,363.9254733,3,1,Ham Luong,2015,1,0
2015-04-01T00:00:00,530.2055191,4,2,Ham Luong,2015,1,0
2015-05-01T00:00:00,335.1335043,5,2,Ham Luong,2015,1,0
2015-06-01T00:00:00,411.9613882,6,2,Ham Luong,2015,1,0
2015-07-01T00:00:00,299.9622776,7,3,Ham Luong,2015,1,0
2015-08-01T00:00:00,312.2347415,8,3,Ham Luong,2015,1,0
2015-09-01T00:00:00,371.3595946,9,3,Ham Luong,2015,1,0
2015-10-01T00:00:00,259.4810565,10,4,Ham Luong,2015,1,0
2015-11-01T00:00:00,235.6546598,11,4,Ham Luong,2015,1,0
2015-12-01T00:00:00,266.5820852,12,4,Ham Luong,2015,1,0
2016-01-01T00:00:00,262.5679298,1,1,Ham Luong,2016,1,0
2016-02-01T00:00:00,330.4090277,2,1,Ham Luong,2016,1,0
2016-03-01T00:00:00,421.558529,3,1,Ham Luong,2016,1,0
2016-04-01T00:00:00,407.4442678,4,2,Ham Luong,2016,1,0
2016-05-01T00:00:00,437.0265383,5,2,Ham Luong,2016,1,0
2016-06-01T00:00:00,437.7764706,6,2,Ham Luong,2016,1,0
2016-07-01T00:00:00,354.2105862,7,3,Ham Luong,2016,1,0
2016-08-01T00:00:00,304.2379808,8,3,Ham Luong,2016,1,0
2016-09-01T00:00:00,247.6929825,9,3,Ham Luong,2016,1,0
2016-10-01T00:00:00,356,10,4,Ham Luong,2016,1,0
2016-11-01T00:00:00,257.4410324,11,4,Ham Luong,2016,1,0
2016-12-01T00:00:00,307.2851414,12,4,Ham Luong,2016,1,0
2017-01-01T00:00:00,255.7656251,1,1,Ham Luong,2017,1,0
2017-02-01T00:00:00,204.2394992,2,1,Ham Luong,2017,1,0
2017-03-01T00:00:00,333.7536079,3,1,Ham Luong,2017,1,0
2017-04-01T00:00:00,341.6135483,4,2,Ham Luong,2017,1,0
2017-05-01T00:00:00,526.7012987,5,2,Ham Luong,2017,1,0
2017-06-01T00:00:00,369.275,6,2,Ham Luong,2017,1,0
2017-07-01T00:00:00,343.0368912,7,3,Ham Luong,2017,1,0
2017-08-01T00:00:00,532.3798236,8,3,Ham Luong,2017,1,0
2017-09-01T00:00:00,313.8356664,9,3,Ham Luong,2017,1,0
2017-10-01T00:00:00,312.8514144,10,4,Ham Luong,2017,1,0
2017-11-01T00:00:00,188,11,4,Ham Luong,2017,1,0
2017-12-01T00:00:00,295.0772987,12,4,Ham Luong,2017,1,0
2018-01-01T00:00:00,371.0418489,1,1,Ham Luong,2018,1,0
2018-02-01T00:00:00,396.0238726,2,1,Ham Luong,2018,1,0
2018-03-01T00:00:00,328.2693868,3,1,Ham Luong,2018,1,0
2018-04-01T00:00:00,326.7285652,4,2,Ham Luong,2018,1,0
2018-05-01T00:00:00,374.7491689,5,2,Ham Luong,2018,1,0
2018-06-01T00:00:00,519.5972763,6,2,Ham Luong,2018,1,0
2018-07-01T00:00:00,516.389071,7,3,Ham Luong,2018,1,0
2018-08-01T00:00:00,369.249198,8,3,Ham Luong,2018,1,0
2018-09-01T00:00:00,350.8223765,9,3,Ham Luong,2018,1,0
2018-10-01T00:00:00,449.9530684,10,4,Ham Luong,2018,1,0
2018-11-01T00:00:00,276.1356924,11,4,Ham Luong,2018,1,0
2018-12-01T00:00:00,327.8662042,12,4,Ham Luong,2018,1,0
2019-01-01T00:00:00,209.0208762,1,1,Ham Luong,2019,1,0
2019-02-01T00:00:00,248.3988413,2,1,Ham Luong,2019,1,0
2019-03-01T00:00:00,315.6574775,3,1,Ham Luong,2019,1,0
2019-04-01T00:00:00,290.1943899,4,2,Ham Luong,2019,1,0
2019-05-01T00:00:00,432.9123932,5,2,Ham Luong,2019,1,0
2019-06-01T00:00:00,286.015019,6,2,Ham Luong,2019,1,0
2019-07-01T00:00:00,393.4275299,7,3,Ham Luong,2019,1,0
2019-08-01T00:00:00,399.0522876,8,3,Ham Luong,2019,1,0
2019-09-01T00:00:00,310.1606754,9,3,Ham Luong,2019,1,0
2019-10-01T00:00:00,344.9190146,10,4,Ham Luong,2019,1,0
2019-11-01T00:00:00,230.1473357,11,4,Ham Luong,2019,1,0
2019-12-01T00:00:00,256.3593912,12,4,Ham Luong,2019,1,0
2007-01-01T00:00:00,277.0750209,1,1,My Loi,2007,0,1
2007-02-01T00:00:00,206.9820898,2,1,My Loi,2007,0,1
2007-03-01T00:00:00,205.1075124,3,1,My Loi,2007,0,1
2007-04-01T00:00:00,249.8240741,4,2,My Loi,2007,0,1
2007-05-01T00:00:00,232.6388889,5,2,My Loi,2007,0,1
2007-06-01T00:00:00,290.6888889,6,2,My Loi,2007,0,1
2007-07-01T00:00:00,299.9444444,7,3,My Loi,2007,0,1
2007-08-01T00:00:00,571.75,8,3,My Loi,2007,0,1
2007-09-01T00:00:00,422,9,3,My Loi,2007,0,1
2007-10-01T00:00:00,253.9666667,10,4,My Loi,2007,0,1
2007-11-01T00:00:00,278.5886243,11,4,My Loi,2007,0,1
2007-12-01T00:00:00,282.2893773,12,4,My Loi,2007,0,1
2008-01-01T00:00:00,248.7353535,1,1,My Loi,2008,0,1
2008-02-01T00:00:00,272.1952381,2,1,My Loi,2008,0,1
2008-03-01T00:00:00,296.4363636,3,1,My Loi,2008,0,1
2008-04-01T00:00:00,228.5833333,4,2,My Loi,2008,0,1
2008-05-01T00:00:00,475.6666667,5,2,My Loi,2008,0,1
2008-06-01T00:00:00,196.1388889,6,2,My Loi,2008,0,1
2008-07-01T00:00:00,347.9365079,7,3,My Loi,2008,0,1
2008-08-01T00:00:00,358.2222222,8,3,My Loi,2008,0,1
2008-09-01T00:00:00,368.2777778,9,3,My Loi,2008,0,1
2008-10-01T00:00:00,273.5666667,10,4,My Loi,2008,0,1
2008-11-01T00:00:00,241.1666667,11,4,My Loi,2008,0,1
2008-12-01T00:00:00,320.2222222,12,4,My Loi,2008,0,1
2009-01-01T00:00:00,362.2208625,1,1,My Loi,2009,0,1
2009-02-01T00:00:00,218.1111111,2,1,My Loi,2009,0,1
2009-03-01T00:00:00,199.8944444,3,1,My Loi,2009,0,1
2009-04-01T00:00:00,214.4166667,4,2,My Loi,2009,0,1
2009-05-01T00:00:00,328.8,5,2,My Loi,2009,0,1
2009-06-01T00:00:00,312.7666667,6,2,My Loi,2009,0,1
2009-07-01T00:00:00,304.2063492,7,3,My Loi,2009,0,1
2009-08-01T00:00:00,448.5,8,3,My Loi,2009,0,1
2009-09-01T00:00:00,501.1111111,9,3,My Loi,2009,0,1
2009-10-01T00:00:00,245.125,10,4,My Loi,2009,0,1
2009-11-01T00:00:00,225.4095238,11,4,My Loi,2009,0,1
2009-12-01T00:00:00,310.5121136,12,4,My Loi,2009,0,1
2010-01-01T00:00:00,217.8011204,1,1,My Loi,2010,0,1
2010-02-01T00:00:00,182.6062291,2,1,My Loi,2010,0,1
2010-03-01T00:00:00,266.964995,3,1,My Loi,2010,0,1
2010-04-01T00:00:00,273.6796791,4,2,My Loi,2010,0,1
2010-05-01T00:00:00,179.4861111,5,2,My Loi,2010,0,1
2010-06-01T00:00:00,311.15,6,2,My Loi,2010,0,1
2010-07-01T00:00:00,242.5166667,7,3,My Loi,2010,0,1
2010-08-01T00:00:00,291.25,8,3,My Loi,2010,0,1
2010-09-01T00:00:00,,9,3,My Loi,2010,0,1
2010-10-01T00:00:00,345.3333333,10,4,My Loi,2010,0,1
2010-11-01T00:00:00,270.4285714,11,4,My Loi,2010,0,1
2010-12-01T00:00:00,282.3148148,12,4,My Loi,2010,0,1
2011-01-01T00:00:00,310.2797619,1,1,My Loi,2011,0,1
2011-02-01T00:00:00,319.670775,2,1,My Loi,2011,0,1
2011-03-01T00:00:00,168.9365079,3,1,My Loi,2011,0,1
2011-04-01T00:00:00,393.8958333,4,2,My Loi,2011,0,1
2011-05-01T00:00:00,191.3888889,5,2,My Loi,2011,0,1
2011-06-01T00:00:00,366.25,6,2,My Loi,2011,0,1
2011-07-01T00:00:00,247.7777778,7,3,My Loi,2011,0,1
2011-08-01T00:00:00,330.2592593,8,3,My Loi,2011,0,1
2011-09-01T00:00:00,303,9,3,My Loi,2011,0,1
2011-10-01T00:00:00,288.1296296,10,4,My Loi,2011,0,1
2011-11-01T00:00:00,255.4428571,11,4,My Loi,2011,0,1
2011-12-01T00:00:00,293.6210317,12,4,My Loi,2011,0,1
2012-01-01T00:00:00,129.5648148,1,1,My Loi,2012,0,1
2012-02-01T00:00:00,227.1460317,2,1,My Loi,2012,0,1
2012-03-01T00:00:00,247.3030303,3,1,My Loi,2012,0,1
2012-04-01T00:00:00,206.55,4,2,My Loi,2012,0,1
2012-05-01T00:00:00,314.1972222,5,2,My Loi,2012,0,1
2012-06-01T00:00:00,247.5833333,6,2,My Loi,2012,0,1
2012-07-01T00:00:00,296.4666667,7,3,My Loi,2012,0,1
2012-08-01T00:00:00,192,8,3,My Loi,2012,0,1
2012-09-01T00:00:00,315.5,9,3,My Loi,2012,0,1
2012-10-01T00:00:00,242.9212963,10,4,My Loi,2012,0,1
2012-11-01T00:00:00,197.8333333,11,4,My Loi,2012,0,1
2012-12-01T00:00:00,170.4920635,12,4,My Loi,2012,0,1
2013-01-01T00:00:00,343.5781119,1,1,My Loi,2013,0,1
2013-02-01T00:00:00,170.6069444,2,1,My Loi,2013,0,1
2013-03-01T00:00:00,318.617284,3,1,My Loi,2013,0,1
2013-04-01T00:00:00,342.3666667,4,2,My Loi,2013,0,1
2013-05-01T00:00:00,213.75,5,2,My Loi,2013,0,1
2013-06-01T00:00:00,189.7777778,6,2,My Loi,2013,0,1
2013-07-01T00:00:00,106.9444444,7,3,My Loi,2013,0,1
2013-08-01T00:00:00,273.1111111,8,3,My Loi,2013,0,1
2013-09-01T00:00:00,366.6611111,9,3,My Loi,2013,0,1
2013-10-01T00:00:00,397.4166667,10,4,My Loi,2013,0,1
2013-11-01T00:00:00,184.0833333,11,4,My Loi,2013,0,1
2013-12-01T00:00:00,434.75,12,4,My Loi,2013,0,1
2014-01-01T00:00:00,345.6358974,1,1,My Loi,2014,0,1
2014-02-01T00:00:00,308.9278059,2,1,My Loi,2014,0,1
2014-03-01T00:00:00,237.3067085,3,1,My Loi,2014,0,1
2014-04-01T00:00:00,303.0654762,4,2,My Loi,2014,0,1
2014-05-01T00:00:00,182.2916667,5,2,My Loi,2014,0,1
2014-06-01T00:00:00,235.6111111,6,2,My Loi,2014,0,1
2014-07-01T00:00:00,336.45,7,3,My Loi,2014,0,1
2014-08-01T00:00:00,383.8444444,8,3,My Loi,2014,0,1
2014-09-01T00:00:00,267.3666667,9,3,My Loi,2014,0,1
2014-10-01T00:00:00,220.0775336,10,4,My Loi,2014,0,1
2014-11-01T00:00:00,225.1089744,11,4,My Loi,2014,0,1
2014-12-01T00:00:00,209.0777778,12,4,My Loi,2014,0,1
2015-01-01T00:00:00,317.0472222,1,1,My Loi,2015,0,1
2015-02-01T00:00:00,286.6935223,2,1,My Loi,2015,0,1
2015-03-01T00:00:00,223.1854575,3,1,My Loi,2015,0,1
2015-04-01T00:00:00,361.3667328,4,2,My Loi,2015,0,1
2015-05-01T00:00:00,288.5174603,5,2,My Loi,2015,0,1
2015-06-01T00:00:00,228.5128205,6,2,My Loi,2015,0,1
2015-07-01T00:00:00,299.5666667,7,3,My Loi,2015,0,1
2015-08-01T00:00:00,265.8571429,8,3,My Loi,2015,1,1
2015-09-01T00:00:00,404.7777778,9,3,My Loi,2015,1,0
2015-10-01T00:00:00,315.2777778,10,4,My Loi,2015,1,0
2015-11-01T00:00:00,185.4522727,11,4,My Loi,2015,1,0
2015-12-01T00:00:00,216.1131751,12,4,My Loi,2015,1,0
2016-01-01T00:00:00,210.8764245,1,1,My Loi,2016,1,0
2016-02-01T00:00:00,291.2249158,2,1,My Loi,2016,1,0
2016-03-01T00:00:00,303.5104938,3,1,My Loi,2016,1,0
2016-04-01T00:00:00,254.0803922,4,2,My Loi,2016,1,0
2016-05-01T00:00:00,240.8833333,5,2,My Loi,2016,1,0
2016-06-01T00:00:00,252.4166667,6,2,My Loi,2016,1,0
2016-07-01T00:00:00,257.2142857,7,3,My Loi,2016,1,0
2016-08-01T00:00:00,247.5833333,8,3,My Loi,2016,1,0
2016-09-01T00:00:00,374.5,9,3,My Loi,2016,1,0
2016-10-01T00:00:00,454.5,10,4,My Loi,2016,1,0
2016-11-01T00:00:00,224.0074786,11,4,My Loi,2016,1,0
2016-12-01T00:00:00,408.1111111,12,4,My Loi,2016,1,0
2017-01-01T00:00:00,161.956229,1,1,My Loi,2017,1,0
2017-02-01T00:00:00,186.762963,2,1,My Loi,2017,1,0
2017-03-01T00:00:00,246.3174682,3,1,My Loi,2017,1,0
2017-04-01T00:00:00,225.8074074,4,2,My Loi,2017,1,0
2017-05-01T00:00:00,252.6666667,5,2,My Loi,2017,1,0
2017-06-01T00:00:00,318.4035714,6,2,My Loi,2017,1,0
2017-07-01T00:00:00,353.0777778,7,3,My Loi,2017,1,0
2017-08-01T00:00:00,336.0555556,8,3,My Loi,2017,1,0
2017-09-01T00:00:00,322.5555556,9,3,My Loi,2017,1,0
2017-10-01T00:00:00,251,10,4,My Loi,2017,1,0
2017-11-01T00:00:00,384.8571429,11,4,My Loi,2017,1,0
2017-12-01T00:00:00,252.7212963,12,4,My Loi,2017,1,0
2018-01-01T00:00:00,244.2888889,1,1,My Loi,2018,1,0
2018-02-01T00:00:00,336.4217391,2,1,My Loi,2018,1,0
2018-03-01T00:00:00,291.9034127,3,1,My Loi,2018,1,0
2018-04-01T00:00:00,309.8353683,4,2,My Loi,2018,1,0
2018-05-01T00:00:00,246.075,5,2,My Loi,2018,1,0
2018-06-01T00:00:00,314.8333333,6,2,My Loi,2018,1,0
2018-07-01T00:00:00,216.3888889,7,3,My Loi,2018,1,0
2018-08-01T00:00:00,386.1111111,8,3,My Loi,2018,1,0
2018-09-01T00:00:00,318.95,9,3,My Loi,2018,1,0
2018-10-01T00:00:00,306.4058442,10,4,My Loi,2018,1,0
2018-11-01T00:00:00,238.4205128,11,4,My Loi,2018,1,0
2018-12-01T00:00:00,158.9833333,12,4,My Loi,2018,1,0
2019-01-01T00:00:00,183.9031863,1,1,My Loi,2019,1,0
2019-02-01T00:00:00,159.4757835,2,1,My Loi,2019,1,0
2019-03-01T00:00:00,277.8369658,3,1,My Loi,2019,1,0
2019-04-01T00:00:00,234.6666667,4,2,My Loi,2019,1,0
2019-05-01T00:00:00,284.0063492,5,2,My Loi,2019,1,0
2019-06-01T00:00:00,194.0259259,6,2,My Loi,2019,1,0
2019-07-01T00:00:00,211.9074074,7,3,My Loi,2019,1,0
2019-08-01T00:00:00,442.9166667,8,3,My Loi,2019,1,0
2019-09-01T00:00:00,290.9333333,9,3,My Loi,2019,1,0
2019-10-01T00:00:00,292.9102564,10,4,My Loi,2019,1,0
2019-11-01T00:00:00,306.1911422,11,4,My Loi,2019,1,0
2019-12-01T00:00:00,281.9400871,12,4,My Loi,2019,1,0
2007-01-01T00:00:00,278.9901395,1,1,Vam Cong,2007,0,1
2007-02-01T00:00:00,277.2663866,2,1,Vam Cong,2007,0,1
2007-03-01T00:00:00,506.5194444,3,1,Vam Cong,2007,0,1
2007-04-01T00:00:00,438.5,4,2,Vam Cong,2007,0,1
2007-05-01T00:00:00,273.2555556,5,2,Vam Cong,2007,0,1
2007-06-01T00:00:00,289,6,2,Vam Cong,2007,0,1
2007-07-01T00:00:00,486.5,7,3,Vam Cong,2007,0,1
2007-08-01T00:00:00,494.5,8,3,Vam Cong,2007,0,1
2007-09-01T00:00:00,542,9,3,Vam Cong,2007,0,1
2007-10-01T00:00:00,351.25,10,4,Vam Cong,2007,0,1
2007-11-01T00:00:00,447.2787879,11,4,Vam Cong,2007,0,1
2007-12-01T00:00:00,325.5111111,12,4,Vam Cong,2007,0,1
2008-01-01T00:00:00,297.3239057,1,1,Vam Cong,2008,0,1
2008-02-01T00:00:00,326.1527778,2,1,Vam Cong,2008,0,1
2008-03-01T00:00:00,556.6527778,3,1,Vam Cong,2008,0,1
2008-04-01T00:00:00,448.4277778,4,2,Vam Cong,2008,0,1
2008-05-01T00:00:00,500.1666667,5,2,Vam Cong,2008,0,1
2008-06-01T00:00:00,323.6222222,6,2,Vam Cong,2008,0,1
2008-07-01T00:00:00,458,7,3,Vam Cong,2008,0,1
2008-08-01T00:00:00,429.3888889,8,3,Vam Cong,2008,0,1
2008-09-01T00:00:00,351.2777778,9,3,Vam Cong,2008,0,1
2008-10-01T00:00:00,468.0238095,10,4,Vam Cong,2008,0,1
2008-11-01T00:00:00,405.5944444,11,4,Vam Cong,2008,0,1
2008-12-01T00:00:00,305.1083333,12,4,Vam Cong,2008,0,1
2009-01-01T00:00:00,292.8072124,1,1,Vam Cong,2009,0,1
2009-02-01T00:00:00,255.2179487,2,1,Vam Cong,2009,0,1
2009-03-01T00:00:00,328.2777778,3,1,Vam Cong,2009,0,1
2009-04-01T00:00:00,425.4166667,4,2,Vam Cong,2009,0,1
2009-05-01T00:00:00,415.3277778,5,2,Vam Cong,2009,0,1
2009-06-01T00:00:00,300.7083333,6,2,Vam Cong,2009,0,1
2009-07-01T00:00:00,313.7333333,7,3,Vam Cong,2009,0,1
2009-08-01T00:00:00,331.7222222,8,3,Vam Cong,2009,0,1
2009-09-01T00:00:00,339.5,9,3,Vam Cong,2009,0,1
2009-10-01T00:00:00,427.9666667,10,4,Vam Cong,2009,0,1
2009-11-01T00:00:00,313.1018519,11,4,Vam Cong,2009,0,1
2009-12-01T00:00:00,352.4843392,12,4,Vam Cong,2009,0,1
2010-01-01T00:00:00,291.790404,1,1,Vam Cong,2010,0,1
2010-02-01T00:00:00,320.077381,2,1,Vam Cong,2010,0,1
2010-03-01T00:00:00,503.9529138,3,1,Vam Cong,2010,0,1
2010-04-01T00:00:00,459.4047619,4,2,Vam Cong,2010,0,1
2010-05-01T00:00:00,352.875,5,2,Vam Cong,2010,0,1
2010-06-01T00:00:00,279.1666667,6,2,Vam Cong,2010,0,1
2010-07-01T00:00:00,156.25,7,3,Vam Cong,2010,0,1
2010-08-01T00:00:00,200.7777778,8,3,Vam Cong,2010,0,1
2010-09-01T00:00:00,337.1349206,9,3,Vam Cong,2010,0,1
2010-10-01T00:00:00,422.3333333,10,4,Vam Cong,2010,0,1
2010-11-01T00:00:00,464.3981481,11,4,Vam Cong,2010,0,1
2010-12-01T00:00:00,290.292328,12,4,Vam Cong,2010,0,1
2011-01-01T00:00:00,269.1130536,1,1,Vam Cong,2011,0,1
2011-02-01T00:00:00,574.5670996,2,1,Vam Cong,2011,0,1
2011-03-01T00:00:00,329.8253968,3,1,Vam Cong,2011,0,1
2011-04-01T00:00:00,470.1238095,4,2,Vam Cong,2011,0,1
2011-05-01T00:00:00,253.8611111,5,2,Vam Cong,2011,0,1
2011-06-01T00:00:00,315.5555556,6,2,Vam Cong,2011,0,1
2011-07-01T00:00:00,407.1666667,7,3,Vam Cong,2011,0,1
2011-08-01T00:00:00,307.1111111,8,3,Vam Cong,2011,0,1
2011-09-01T00:00:00,362,9,3,Vam Cong,2011,0,1
2011-10-01T00:00:00,324.55,10,4,Vam Cong,2011,0,1
2011-11-01T00:00:00,331.9166667,11,4,Vam Cong,2011,0,1
2011-12-01T00:00:00,278.0834499,12,4,Vam Cong,2011,0,1
2012-01-01T00:00:00,185.75,1,1,Vam Cong,2012,0,1
2012-02-01T00:00:00,307.7830688,2,1,Vam Cong,2012,0,1
2012-03-01T00:00:00,527.1238095,3,1,Vam Cong,2012,0,1
2012-04-01T00:00:00,197.2,4,2,Vam Cong,2012,0,1
2012-05-01T00:00:00,267.75,5,2,Vam Cong,2012,0,1
2012-06-01T00:00:00,338.5,6,2,Vam Cong,2012,0,1
2012-07-01T00:00:00,477.6666667,7,3,Vam Cong,2012,0,1
2012-08-01T00:00:00,385.9825397,8,3,Vam Cong,2012,0,1
2012-09-01T00:00:00,281.6666667,9,3,Vam Cong,2012,0,1
2012-10-01T00:00:00,452.8333333,10,4,Vam Cong,2012,0,1
2012-11-01T00:00:00,412.9333333,11,4,Vam Cong,2012,0,1
2012-12-01T00:00:00,246.4453704,12,4,Vam Cong,2012,0,1
2013-01-01T00:00:00,336.0854701,1,1,Vam Cong,2013,0,1
2013-02-01T00:00:00,258.5555556,2,1,Vam Cong,2013,0,1
2013-03-01T00:00:00,425.4923077,3,1,Vam Cong,2013,0,1
2013-04-01T00:00:00,418.6111111,4,2,Vam Cong,2013,0,1
2013-05-01T00:00:00,214.0277778,5,2,Vam Cong,2013,0,1
2013-06-01T00:00:00,717.1777778,6,2,Vam Cong,2013,0,1
2013-07-01T00:00:00,109.5,7,3,Vam Cong,2013,0,1
2013-08-01T00:00:00,394.875,8,3,Vam Cong,2013,0,1
2013-09-01T00:00:00,423.6666667,9,3,Vam Cong,2013,0,1
2013-10-01T00:00:00,373,10,4,Vam Cong,2013,0,1
2013-11-01T00:00:00,405.6190476,11,4,Vam Cong,2013,0,1
2013-12-01T00:00:00,355.25,12,4,Vam Cong,2013,0,1
2014-01-01T00:00:00,322.3963585,1,1,Vam Cong,2014,0,1
2014-02-01T00:00:00,388.2539683,2,1,Vam Cong,2014,0,1
2014-03-01T00:00:00,468.6990741,3,1,Vam Cong,2014,0,1
2014-04-01T00:00:00,333.1658249,4,2,Vam Cong,2014,0,1
2014-05-01T00:00:00,239.9722222,5,2,Vam Cong,2014,0,1
2014-06-01T00:00:00,267,6,2,Vam Cong,2014,0,1
2014-07-01T00:00:00,318.0833333,7,3,Vam Cong,2014,0,1
2014-08-01T00:00:00,332.1587302,8,3,Vam Cong,2014,0,1
2014-09-01T00:00:00,283.75,9,3,Vam Cong,2014,0,1
2014-10-01T00:00:00,401.5833333,10,4,Vam Cong,2014,0,1
2014-11-01T00:00:00,289.281746,11,4,Vam Cong,2014,0,1
2014-12-01T00:00:00,238.9487179,12,4,Vam Cong,2014,0,1
2015-01-01T00:00:00,331.5774892,1,1,Vam Cong,2015,0,1
2015-02-01T00:00:00,281.4787879,2,1,Vam Cong,2015,0,1
2015-03-01T00:00:00,421.0037037,3,1,Vam Cong,2015,0,1
2015-04-01T00:00:00,479.3181818,4,2,Vam Cong,2015,0,1
2015-05-01T00:00:00,242.5710956,5,2,Vam Cong,2015,0,1
2015-06-01T00:00:00,331.8095238,6,2,Vam Cong,2015,0,1
2015-07-01T00:00:00,286.3111111,7,3,Vam Cong,2015,0,1
2015-08-01T00:00:00,331.3111111,8,3,Vam Cong,2015,0,1
2015-09-01T00:00:00,464.3166667,9,3,Vam Cong,2015,0,1
2015-10-01T00:00:00,420.7555556,10,4,Vam Cong,2015,0,1
2015-11-01T00:00:00,291.4090909,11,4,Vam Cong,2015,0,1
2015-12-01T00:00:00,181.3930556,12,4,Vam Cong,2015,0,1
2016-01-01T00:00:00,279.3611111,1,1,Vam Cong,2016,0,1
2016-02-01T00:00:00,368.8174603,2,1,Vam Cong,2016,0,1
2016-03-01T00:00:00,566.9166667,3,1,Vam Cong,2016,0,1
2016-04-01T00:00:00,305.9761905,4,2,Vam Cong,2016,0,1
2016-05-01T00:00:00,313.8412698,5,2,Vam Cong,2016,0,1
2016-06-01T00:00:00,273.2777778,6,2,Vam Cong,2016,0,1
2016-07-01T00:00:00,301.8981481,7,3,Vam Cong,2016,0,1
2016-08-01T00:00:00,308.1,8,3,Vam Cong,2016,0,1
2016-09-01T00:00:00,310,9,3,Vam Cong,2016,0,1
2016-10-01T00:00:00,558.75,10,4,Vam Cong,2016,0,1
2016-11-01T00:00:00,238.25,11,4,Vam Cong,2016,0,1
2016-12-01T00:00:00,310.8333333,12,4,Vam Cong,2016,0,1
2017-01-01T00:00:00,182.1011905,1,1,Vam Cong,2017,0,1
2017-02-01T00:00:00,225.3703704,2,1,Vam Cong,2017,0,1
2017-03-01T00:00:00,442.4778555,3,1,Vam Cong,2017,0,1
2017-04-01T00:00:00,330.5530303,4,2,Vam Cong,2017,0,1
2017-05-01T00:00:00,343,5,2,Vam Cong,2017,0,1
2017-06-01T00:00:00,232,6,2,Vam Cong,2017,0,1
2017-07-01T00:00:00,336.5,7,3,Vam Cong,2017,0,1
2017-08-01T00:00:00,365.3333333,8,3,Vam Cong,2017,0,1
2017-09-01T00:00:00,374.1666667,9,3,Vam Cong,2017,0,1
2017-10-01T00:00:00,574.25,10,4,Vam Cong,2017,0,1
2017-11-01T00:00:00,,11,4,Vam Cong,2017,0,1
2017-12-01T00:00:00,159.6666667,12,4,Vam Cong,2017,0,1
2018-01-01T00:00:00,331.1666667,1,1,Vam Cong,2018,0,1
2018-02-01T00:00:00,364.0120614,2,1,Vam Cong,2018,0,1
2018-03-01T00:00:00,364.0071429,3,1,Vam Cong,2018,0,1
2018-04-01T00:00:00,439.75,4,2,Vam Cong,2018,0,1
2018-05-01T00:00:00,288.5,5,2,Vam Cong,2018,0,1
2018-06-01T00:00:00,450.75,6,2,Vam Cong,2018,0,1
2018-07-01T00:00:00,444,7,3,Vam Cong,2018,0,1
2018-08-01T00:00:00,393,8,3,Vam Cong,2018,0,1
2018-09-01T00:00:00,239.25,9,3,Vam Cong,2018,0,1
2018-10-01T00:00:00,338.6296296,10,4,Vam Cong,2018,0,1
2018-11-01T00:00:00,400.05,11,4,Vam Cong,2018,0,1
2018-12-01T00:00:00,333.0833333,12,4,Vam Cong,2018,0,1
2019-01-01T00:00:00,226.1544834,1,1,Vam Cong,2019,0,1
2019-02-01T00:00:00,277.3675214,2,1,Vam Cong,2019,0,1
2019-03-01T00:00:00,417.122549,3,1,Vam Cong,2019,0,1
2019-04-01T00:00:00,260.4333333,4,2,Vam Cong,2019,0,1
2019-05-01T00:00:00,266.0833333,5,2,Vam Cong,2019,1,1
2019-06-01T00:00:00,420.1666667,6,2,Vam Cong,2019,1,1
2019-07-01T00:00:00,396.9738095,7,3,Vam Cong,2019,1,0
2019-08-01T00:00:00,331,8,3,Vam Cong,2019,1,0
2019-09-01T00:00:00,511,9,3,Vam Cong,2019,1,0
2019-10-01T00:00:00,396.9666667,10,4,Vam Cong,2019,1,0
2019-11-01T00:00:00,488.1666667,11,4,Vam Cong,2019,1,0
2019-12-01T00:00:00,196.9987241,12,4,Vam Cong,2019,1,0