b1_-1_-1,b1_-1_0,b1_-1_1,b1_0_-1,b1_0_0,b1_0_1,b1_1_-1,b1_1_0,b1_1_1,date,month,name,year,bridge,Ferry
164,173,141,159,167,132,162,150,148,2007-01-01T00:00:00,1,Can Tho,2007,0,1
138,117,125,136,114,110,128,109,111,2007-02-01T00:00:00,2,Can Tho,2007,0,1
207,185,175,174,165,148,156,162,132,2007-03-01T00:00:00,3,Can Tho,2007,0,1
179,164,120,173,159,113,162,161,134,2007-04-01T00:00:00,4,Can Tho,2007,0,1
96,119,119,99,136,130,124,140,123,2007-05-01T00:00:00,5,Can Tho,2007,0,1
162,144,154,172,141,158,149,108,138,2007-06-01T00:00:00,6,Can Tho,2007,0,1
128,122,96,120,120,100,127,129,97,2007-07-01T00:00:00,7,Can Tho,2007,0,1
87,81,86,107,106,95,123,114,108,2007-08-01T00:00:00,8,Can Tho,2007,0,1
178,136,126,171,122,127,142,113,101,2007-09-01T00:00:00,9,Can Tho,2007,0,1
122,117,94,145,144,87,149,133,85,2007-10-01T00:00:00,10,Can Tho,2007,0,1
122,113,109,129,102,101,134,105,105,2007-11-01T00:00:00,11,Can Tho,2007,0,1
180,180,163,202,159,147,198,156,155,2007-12-01T00:00:00,12,Can Tho,2007,0,1
197,156,142,193,157,152,175,150,147,2008-01-01T00:00:00,1,Can Tho,2008,0,1
165,168,154,171,140,137,170,169,135,2008-02-01T00:00:00,2,Can Tho,2008,0,1
242,207,190,217,195,160,188,194,165,2008-03-01T00:00:00,3,Can Tho,2008,0,1
157,133,135,161,133,118,161,141,131,2008-04-01T00:00:00,4,Can Tho,2008,0,1
135,119,104,142,114,109,137,105,109,2008-05-01T00:00:00,5,Can Tho,2008,0,1
137,125,114,127,115,137,110,116,139,2008-06-01T00:00:00,6,Can Tho,2008,0,1
114,85,70,114,85,78,125,98,110,2008-07-01T00:00:00,7,Can Tho,2008,0,1
114,92,92,118,95,93,128,100,86,2008-08-01T00:00:00,8,Can Tho,2008,0,1
128,130,89,135,141,87,145,140,99,2008-09-01T00:00:00,9,Can Tho,2008,0,1
122,103,116,124,125,127,129,126,125,2008-10-01T00:00:00,10,Can Tho,2008,0,1
140,129,132,130,146,135,137,149,123,2008-11-01T00:00:00,11,Can Tho,2008,0,1
138,126,91,147,124,93,144,121,102,2008-12-01T00:00:00,12,Can Tho,2008,0,1
138,136,143,126,131,148,126,146,133,2009-01-01T00:00:00,1,Can Tho,2009,0,1
164,168,147,168,156,147,184,152,151,2009-02-01T00:00:00,2,Can Tho,2009,0,1
193,197,163,196,188,142,159,149,114,2009-03-01T00:00:00,3,Can Tho,2009,0,1
180,132,110,162,118,101,153,112,111,2009-04-01T00:00:00,4,Can Tho,2009,0,1
155,134,140,152,119,153,162,127,138,2009-05-01T00:00:00,5,Can Tho,2009,0,1
82,90,98,87,83,116,119,90,126,2009-06-01T00:00:00,6,Can Tho,2009,0,1
107,92,88,118,124,107,104,140,118,2009-07-01T00:00:00,7,Can Tho,2009,0,1
102,102,102,106,101,97,102,101,105,2009-08-01T00:00:00,8,Can Tho,2009,0,1
135,131,104,139,137,113,177,144,123,2009-09-01T00:00:00,9,Can Tho,2009,0,1
192,201,95,201,187,122,153,155,137,2009-10-01T00:00:00,10,Can Tho,2009,0,1
148,148,122,145,136,108,121,150,121,2009-11-01T00:00:00,11,Can Tho,2009,0,1
194,209,159,208,190,142,200,173,138,2009-12-01T00:00:00,12,Can Tho,2009,0,1
152,142,129,151,146,128,151,133,115,2010-01-01T00:00:00,1,Can Tho,2010,0,1
152,128,121,142,123,114,123,110,103,2010-02-01T00:00:00,2,Can Tho,2010,0,1
227,242,230,207,220,191,185,204,187,2010-03-01T00:00:00,3,Can Tho,2010,0,1
191,165,130,189,163,137,164,160,140,2010-04-01T00:00:00,4,Can Tho,2010,1,1
184,151,109,183,148,99,169,124,90,2010-05-01T00:00:00,5,Can Tho,2010,1,1
132,126,136,134,141,152,130,166,180,2010-06-01T00:00:00,6,Can Tho,2010,1,1
147,105,168,144,114,168,156,140,165,2010-07-01T00:00:00,7,Can Tho,2010,1,1
70,102,110,68,105,131,80,106,125,2010-08-01T00:00:00,8,Can Tho,2010,1,1
107,122,91,126,130,82,186,141,106,2010-09-01T00:00:00,9,Can Tho,2010,1,1
155,120,114,146,124,105,127,122,97,2010-10-01T00:00:00,10,Can Tho,2010,1,1
118,152,133,127,172,140,141,160,131,2010-11-01T00:00:00,11,Can Tho,2010,1,1
137,142,134,149,135,122,142,129,114,2010-12-01T00:00:00,12,Can Tho,2010,1,1
162,141,111,169,162,130,170,159,149,2011-01-01T00:00:00,1,Can Tho,2011,1,1
178,182,178,175,162,173,158,155,153,2011-02-01T00:00:00,2,Can Tho,2011,1,1
206,195,165,197,176,133,159,157,138,2011-03-01T00:00:00,3,Can Tho,2011,1,1
154,151,158,160,134,133,180,135,143,2011-04-01T00:00:00,4,Can Tho,2011,1,1
161,149,81,162,139,89,164,122,82,2011-05-01T00:00:00,5,Can Tho,2011,1,1
110,123,96,115,117,107,134,114,114,2011-06-01T00:00:00,6,Can Tho,2011,1,1
108,69,97,97,80,106,103,125,121,2011-07-01T00:00:00,7,Can Tho,2011,1,1
122,94,87,118,90,87,137,109,78,2011-08-01T00:00:00,8,Can Tho,2011,1,1
117,130,112,135,132,115,146,111,101,2011-09-01T00:00:00,9,Can Tho,2011,1,1
120,93,121,133,109,124,156,146,131,2011-10-01T00:00:00,10,Can Tho,2011,1,1
123,126,138,138,142,138,156,157,146,2011-11-01T00:00:00,11,Can Tho,2011,1,1
176,178,158,189,175,157,192,167,159,2011-12-01T00:00:00,12,Can Tho,2011,1,1
173,160,162,188,170,145,190,159,163,2012-01-01T00:00:00,1,Can Tho,2012,1,1
211,190,185,196,181,170,177,185,173,2012-02-01T00:00:00,2,Can Tho,2012,1,1
209,202,192,202,177,140,186,161,125,2012-03-01T00:00:00,3,Can Tho,2012,1,1
169,144,148,168,136,148,172,135,141,2012-04-01T00:00:00,4,Can Tho,2012,1,1
156,137,121,165,145,134,167,146,145,2012-05-01T00:00:00,5,Can Tho,2012,1,1
143,125,109,157,138,111,163,151,114,2012-06-01T00:00:00,6,Can Tho,2012,1,1
137,108,117,134,108,108,156,130,114,2012-07-01T00:00:00,7,Can Tho,2012,1,1
122,87,78,121,85,75,135,93,80,2012-08-01T00:00:00,8,Can Tho,2012,1,1
134,123,88,141,128,76,133,113,77,2012-09-01T00:00:00,9,Can Tho,2012,1,1
166,142,106,171,145,117,166,128,110,2012-10-01T00:00:00,10,Can Tho,2012,1,1
170,138,124,164,126,105,151,114,98,2012-11-01T00:00:00,11,Can Tho,2012,1,1
158,162,148,160,166,148,183,160,141,2012-12-01T00:00:00,12,Can Tho,2012,1,1
196,203,190,190,187,168,209,177,166,2013-01-01T00:00:00,1,Can Tho,2013,1,1
198,180,189,192,170,177,186,148,144,2013-02-01T00:00:00,2,Can Tho,2013,1,1
209,220,217,204,237,199,221,238,175,2013-03-01T00:00:00,3,Can Tho,2013,1,1
168,163,149,175,162,139,176,170,143,2013-04-01T00:00:00,4,Can Tho,2013,1,1
133,161,152,143,153,168,184,154,149,2013-05-01T00:00:00,5,Can Tho,2013,1,1
161,180,145,175,173,155,201,164,155,2013-06-01T00:00:00,6,Can Tho,2013,1,1
123,73,79,119,78,90,125,104,100,2013-07-01T00:00:00,7,Can Tho,2013,1,1
111,93,84,117,91,81,118,94,79,2013-08-01T00:00:00,8,Can Tho,2013,1,1
156,113,68,153,93,72,172,88,101,2013-09-01T00:00:00,9,Can Tho,2013,1,1
121,109,111,128,109,111,140,112,117,2013-10-01T00:00:00,10,Can Tho,2013,1,1
141,135,130,137,133,126,157,129,104,2013-11-01T00:00:00,11,Can Tho,2013,1,1
158,143,151,154,149,165,165,164,175,2013-12-01T00:00:00,12,Can Tho,2013,1,1
204,177,174,204,183,175,207,195,178,2014-01-01T00:00:00,1,Can Tho,2014,1,1
170,168,152,172,164,150,171,158,144,2014-02-01T00:00:00,2,Can Tho,2014,1,1
211,201,181,188,169,145,169,149,126,2014-03-01T00:00:00,3,Can Tho,2014,1,1
222,191,183,213,174,167,193,162,152,2014-04-01T00:00:00,4,Can Tho,2014,1,1
162,166,157,170,167,161,168,155,159,2014-05-01T00:00:00,5,Can Tho,2014,1,1
165,152,172,155,153,189,161,163,168,2014-06-01T00:00:00,6,Can Tho,2014,1,1
140,111,75,150,119,75,185,146,98,2014-07-01T00:00:00,7,Can Tho,2014,1,1
130,107,105,121,109,111,122,121,135,2014-08-01T00:00:00,8,Can Tho,2014,1,1
98,99,107,112,108,121,148,136,140,2014-09-01T00:00:00,9,Can Tho,2014,1,1
178,134,129,180,130,136,181,175,150,2014-10-01T00:00:00,10,Can Tho,2014,1,1
140,130,162,141,138,170,164,160,169,2014-11-01T00:00:00,11,Can Tho,2014,1,1
154,155,132,159,155,123,183,169,131,2014-12-01T00:00:00,12,Can Tho,2014,1,1
171,177,175,171,194,193,172,196,192,2015-01-01T00:00:00,1,Can Tho,2015,1,1
134,137,129,132,122,132,129,114,119,2015-02-01T00:00:00,2,Can Tho,2015,1,1
213,202,184,192,173,148,169,155,138,2015-03-01T00:00:00,3,Can Tho,2015,1,1
195,141,154,201,154,151,186,154,155,2015-04-01T00:00:00,4,Can Tho,2015,1,1
146,108,98,137,100,103,141,115,109,2015-05-01T00:00:00,5,Can Tho,2015,1,1
214,176,169,209,163,147,196,169,138,2015-06-01T00:00:00,6,Can Tho,2015,1,1
106,93,93,98,106,102,118,123,122,2015-07-01T00:00:00,7,Can Tho,2015,1,1
140,120,106,142,116,97,152,111,88,2015-08-01T00:00:00,8,Can Tho,2015,1,1
144,102,107,148,97,107,145,111,107,2015-09-01T00:00:00,9,Can Tho,2015,1,1
179,180,151,185,190,148,198,203,150,2015-10-01T00:00:00,10,Can Tho,2015,1,1
184,162,161,182,150,148,206,152,153,2015-11-01T00:00:00,11,Can Tho,2015,1,1
157,159,140,162,150,148,174,150,142,2015-12-01T00:00:00,12,Can Tho,2015,1,1
168,131,137,162,134,142,156,134,138,2016-01-01T00:00:00,1,Can Tho,2016,1,1
190,172,154,178,158,142,159,133,124,2016-02-01T00:00:00,2,Can Tho,2016,1,1
194,196,181,187,191,174,176,192,163,2016-03-01T00:00:00,3,Can Tho,2016,1,1
173,151,147,174,160,162,178,169,158,2016-04-01T00:00:00,4,Can Tho,2016,1,1
221,191,174,214,174,190,187,164,184,2016-05-01T00:00:00,5,Can Tho,2016,1,1
217,211,201,245,201,179,208,160,203,2016-06-01T00:00:00,6,Can Tho,2016,1,1
146,119,117,110,82,120,134,110,126,2016-07-01T00:00:00,7,Can Tho,2016,1,1
117,90,72,106,82,58,117,91,75,2016-08-01T00:00:00,8,Can Tho,2016,1,1
176,141,176,207,145,190,196,158,169,2016-09-01T00:00:00,9,Can Tho,2016,1,1
109,97,100,105,100,58,132,112,70,2016-10-01T00:00:00,10,Can Tho,2016,1,1
177,172,166,171,166,159,194,167,147,2016-11-01T00:00:00,11,Can Tho,2016,1,1
143,160,138,156,177,157,161,165,153,2016-12-01T00:00:00,12,Can Tho,2016,1,1
180,150,137,178,145,134,201,150,130,2017-01-01T00:00:00,1,Can Tho,2017,1,1
252,243,205,234,235,195,221,218,178,2017-02-01T00:00:00,2,Can Tho,2017,1,1
227,191,180,234,193,189,233,182,171,2017-03-01T00:00:00,3,Can Tho,2017,1,1
135,104,69,126,101,70,155,105,70,2017-04-01T00:00:00,4,Can Tho,2017,1,1
76,92,109,51,130,134,68,128,136,2017-05-01T00:00:00,5,Can Tho,2017,1,1
155,159,129,162,154,116,168,157,121,2017-06-01T00:00:00,6,Can Tho,2017,1,1
121,77,95,102,93,100,96,100,101,2017-07-01T00:00:00,7,Can Tho,2017,1,1
143,124,116,121,132,138,118,132,141,2017-08-01T00:00:00,8,Can Tho,2017,1,1
144,150,151,165,145,125,166,133,126,2017-09-01T00:00:00,9,Can Tho,2017,1,1
172,159,148,173,184,168,202,199,160,2017-10-01T00:00:00,10,Can Tho,2017,1,1
177,157,134,180,142,125,186,153,137,2017-11-01T00:00:00,11,Can Tho,2017,1,1
130,113,109,133,117,121,176,138,134,2017-12-01T00:00:00,12,Can Tho,2017,1,1
220,222,187,220,226,189,219,227,197,2018-01-01T00:00:00,1,Can Tho,2018,1,1
156,144,139,158,139,118,165,146,116,2018-02-01T00:00:00,2,Can Tho,2018,1,1
229,217,219,174,180,174,165,165,158,2018-03-01T00:00:00,3,Can Tho,2018,1,1
198,173,139,198,177,156,187,165,138,2018-04-01T00:00:00,4,Can Tho,2018,1,1
163,125,138,174,138,143,164,124,131,2018-05-01T00:00:00,5,Can Tho,2018,1,1
118,113,106,148,121,141,140,107,125,2018-06-01T00:00:00,6,Can Tho,2018,1,1
150,123,100,136,95,98,140,100,116,2018-07-01T00:00:00,7,Can Tho,2018,1,1
25,29,-10,20,24,6,10,24,5,2018-08-01T00:00:00,8,Can Tho,2018,1,1
93,74,92,99,86,97,83,90,88,2018-09-01T00:00:00,9,Can Tho,2018,1,1
152,174,173,180,187,170,198,204,171,2018-10-01T00:00:00,10,Can Tho,2018,1,1
163,148,145,120,124,134,120,113,132,2018-11-01T00:00:00,11,Can Tho,2018,1,1
246,259,224,247,252,212,226,216,193,2018-12-01T00:00:00,12,Can Tho,2018,1,1
188,199,186,151,160,139,103,96,99,2019-01-01T00:00:00,1,Can Tho,2019,1,1
227,203,171,201,175,147,187,159,128,2019-02-01T00:00:00,2,Can Tho,2019,1,1
196,193,167,194,185,150,196,166,138,2019-03-01T00:00:00,3,Can Tho,2019,1,1
128,113,104,113,106,113,93,80,95,2019-04-01T00:00:00,4,Can Tho,2019,1,1
75,53,56,105,63,62,100,42,44,2019-05-01T00:00:00,5,Can Tho,2019,1,1
139,155,140,118,122,95,114,116,92,2019-06-01T00:00:00,6,Can Tho,2019,1,1
109,99,68,91,67,56,88,61,65,2019-07-01T00:00:00,7,Can Tho,2019,1,1
75,79,74,100,123,72,91,105,69,2019-08-01T00:00:00,8,Can Tho,2019,1,1
139,137,150,132,116,103,112,75,80,2019-09-01T00:00:00,9,Can Tho,2019,1,1
150,161,169,142,166,147,132,137,122,2019-10-01T00:00:00,10,Can Tho,2019,1,1
221,190,178,213,181,157,197,180,131,2019-11-01T00:00:00,11,Can Tho,2019,1,1
184,183,177,179,168,143,180,160,123,2019-12-01T00:00:00,12,Can Tho,2019,1,1
141,133,149,143,149,161,122,158,159,2007-01-01T00:00:00,1,Cao Lanh,2007,0,1
141,145,133,144,154,141,145,159,143,2007-02-01T00:00:00,2,Cao Lanh,2007,0,1
204,205,223,187,189,185,187,188,167,2007-03-01T00:00:00,3,Cao Lanh,2007,0,1
312,247,220,306,235,204,270,203,171,2007-04-01T00:00:00,4,Cao Lanh,2007,0,1
129,134,106,119,117,124,116,118,120,2007-05-01T00:00:00,5,Cao Lanh,2007,0,1
167,205,192,167,193,183,163,178,189,2007-06-01T00:00:00,6,Cao Lanh,2007,0,1
125,146,131,126,145,130,148,157,119,2007-07-01T00:00:00,7,Cao Lanh,2007,0,1
118,125,133,112,127,118,124,126,120,2007-08-01T00:00:00,8,Cao Lanh,2007,0,1
110,115,143,127,128,181,138,153,196,2007-09-01T00:00:00,9,Cao Lanh,2007,0,1
84,75,109,95,73,115,100,106,129,2007-10-01T00:00:00,10,Cao Lanh,2007,0,1
100,117,128,109,133,135,121,147,147,2007-11-01T00:00:00,11,Cao Lanh,2007,0,1
142,165,173,141,165,163,153,153,179,2007-12-01T00:00:00,12,Cao Lanh,2007,0,1
177,175,176,168,171,166,163,157,146,2008-01-01T00:00:00,1,Cao Lanh,2008,0,1
157,140,153,166,157,171,169,175,171,2008-02-01T00:00:00,2,Cao Lanh,2008,0,1
255,242,250,229,217,230,208,191,202,2008-03-01T00:00:00,3,Cao Lanh,2008,0,1
239,222,170,254,174,158,245,157,154,2008-04-01T00:00:00,4,Cao Lanh,2008,0,1
143,117,121,135,119,135,132,132,131,2008-05-01T00:00:00,5,Cao Lanh,2008,0,1
90,99,137,85,112,155,89,129,155,2008-06-01T00:00:00,6,Cao Lanh,2008,0,1
142,156,165,147,159,156,162,145,133,2008-07-01T00:00:00,7,Cao Lanh,2008,0,1
57,113,111,66,109,118,92,122,122,2008-08-01T00:00:00,8,Cao Lanh,2008,0,1
110,168,119,184,140,110,176,125,111,2008-09-01T00:00:00,9,Cao Lanh,2008,0,1
116,114,134,106,117,131,109,133,132,2008-10-01T00:00:00,10,Cao Lanh,2008,0,1
95,97,97,113,107,95,126,124,120,2008-11-01T00:00:00,11,Cao Lanh,2008,0,1
95,113,118,93,104,135,104,102,135,2008-12-01T00:00:00,12,Cao Lanh,2008,0,1
120,109,117,116,116,127,128,138,138,2009-01-01T00:00:00,1,Cao Lanh,2009,0,1
163,185,160,175,179,149,176,175,148,2009-02-01T00:00:00,2,Cao Lanh,2009,0,1
206,180,200,194,169,181,187,184,198,2009-03-01T00:00:00,3,Cao Lanh,2009,0,1
251,239,240,239,206,214,244,195,183,2009-04-01T00:00:00,4,Cao Lanh,2009,0,1
162,169,166,173,163,172,163,169,184,2009-05-01T00:00:00,5,Cao Lanh,2009,0,1
147,115,98,132,124,117,130,133,110,2009-06-01T00:00:00,6,Cao Lanh,2009,0,1
135,129,115,142,132,103,143,108,115,2009-07-01T00:00:00,7,Cao Lanh,2009,0,1
129,143,128,127,131,139,132,134,125,2009-08-01T00:00:00,8,Cao Lanh,2009,0,1
152,135,127,145,144,135,214,170,148,2009-09-01T00:00:00,9,Cao Lanh,2009,0,1
63,122,127,66,152,144,90,150,136,2009-10-01T00:00:00,10,Cao Lanh,2009,0,1
150,145,132,136,139,137,119,131,139,2009-11-01T00:00:00,11,Cao Lanh,2009,0,1
135,156,163,136,156,147,131,144,164,2009-12-01T00:00:00,12,Cao Lanh,2009,0,1
157,150,166,154,133,153,141,125,145,2010-01-01T00:00:00,1,Cao Lanh,2010,0,1
152,167,165,149,155,152,142,138,136,2010-02-01T00:00:00,2,Cao Lanh,2010,0,1
324,268,282,325,256,235,286,236,216,2010-03-01T00:00:00,3,Cao Lanh,2010,0,1
213,204,204,195,169,177,186,163,181,2010-04-01T00:00:00,4,Cao Lanh,2010,0,1
154,158,173,154,152,159,194,158,165,2010-05-01T00:00:00,5,Cao Lanh,2010,0,1
175,156,143,165,148,120,169,160,140,2010-06-01T00:00:00,6,Cao Lanh,2010,0,1
153,182,173,154,141,152,137,131,176,2010-07-01T00:00:00,7,Cao Lanh,2010,0,1
121,130,110,100,114,82,114,124,97,2010-08-01T00:00:00,8,Cao Lanh,2010,0,1
108,114,136,108,124,128,124,146,144,2010-09-01T00:00:00,9,Cao Lanh,2010,0,1
114,128,126,117,120,131,104,121,125,2010-10-01T00:00:00,10,Cao Lanh,2010,0,1
114,90,93,117,86,98,125,104,108,2010-11-01T00:00:00,11,Cao Lanh,2010,0,1
117,119,111,129,117,117,152,154,137,2010-12-01T00:00:00,12,Cao Lanh,2010,0,1
132,155,149,142,153,131,176,165,144,2011-01-01T00:00:00,1,Cao Lanh,2011,0,1
190,178,178,196,183,166,205,196,180,2011-02-01T00:00:00,2,Cao Lanh,2011,0,1
279,217,229,272,196,189,249,202,184,2011-03-01T00:00:00,3,Cao Lanh,2011,0,1
259,251,210,258,204,157,262,197,144,2011-04-01T00:00:00,4,Cao Lanh,2011,0,1
171,209,159,169,200,171,181,196,185,2011-05-01T00:00:00,5,Cao Lanh,2011,0,1
108,103,102,112,97,108,134,121,84,2011-06-01T00:00:00,6,Cao Lanh,2011,0,1
171,159,141,177,160,115,151,150,102,2011-07-01T00:00:00,7,Cao Lanh,2011,0,1
128,133,149,114,134,136,120,138,150,2011-08-01T00:00:00,8,Cao Lanh,2011,0,1
126,105,110,122,109,150,143,152,134,2011-09-01T00:00:00,9,Cao Lanh,2011,0,1
102,124,140,116,126,138,118,118,140,2011-10-01T00:00:00,10,Cao Lanh,2011,0,1
138,120,129,146,121,132,167,144,140,2011-11-01T00:00:00,11,Cao Lanh,2011,0,1
143,156,156,139,146,148,140,134,144,2011-12-01T00:00:00,12,Cao Lanh,2011,0,1
113,149,164,115,155,182,134,162,182,2012-01-01T00:00:00,1,Cao Lanh,2012,0,1
177,210,230,171,225,246,178,224,211,2012-02-01T00:00:00,2,Cao Lanh,2012,0,1
277,289,285,301,283,240,279,268,221,2012-03-01T00:00:00,3,Cao Lanh,2012,0,1
265,191,161,258,193,171,253,189,177,2012-04-01T00:00:00,4,Cao Lanh,2012,0,1
140,156,163,133,148,170,157,170,179,2012-05-01T00:00:00,5,Cao Lanh,2012,0,1
115,102,100,114,129,104,128,130,110,2012-06-01T00:00:00,6,Cao Lanh,2012,0,1
150,158,151,163,156,154,151,141,159,2012-07-01T00:00:00,7,Cao Lanh,2012,0,1
156,140,147,164,150,139,175,141,146,2012-08-01T00:00:00,8,Cao Lanh,2012,0,1
149,153,127,161,163,142,156,161,138,2012-09-01T00:00:00,9,Cao Lanh,2012,0,1
130,144,145,135,144,128,157,147,139,2012-10-01T00:00:00,10,Cao Lanh,2012,0,1
116,140,164,108,139,152,133,149,158,2012-11-01T00:00:00,11,Cao Lanh,2012,0,1
193,171,175,179,149,173,159,156,184,2012-12-01T00:00:00,12,Cao Lanh,2012,0,1
264,250,229,266,238,220,246,230,204,2013-01-01T00:00:00,1,Cao Lanh,2013,0,1
240,247,203,235,239,194,210,220,198,2013-02-01T00:00:00,2,Cao Lanh,2013,0,1
245,232,244,231,202,219,225,176,189,2013-03-01T00:00:00,3,Cao Lanh,2013,0,1
233,228,198,211,223,205,197,212,198,2013-04-01T00:00:00,4,Cao Lanh,2013,0,1
199,184,154,213,188,157,209,180,155,2013-05-01T00:00:00,5,Cao Lanh,2013,0,1
136,133,164,151,115,133,181,130,140,2013-06-01T00:00:00,6,Cao Lanh,2013,0,1
167,155,152,154,145,146,140,139,147,2013-07-01T00:00:00,7,Cao Lanh,2013,0,1
149,147,104,129,117,100,121,116,109,2013-08-01T00:00:00,8,Cao Lanh,2013,0,1
164,137,124,175,153,146,177,174,146,2013-09-01T00:00:00,9,Cao Lanh,2013,0,1
116,97,133,132,112,126,131,123,137,2013-10-01T00:00:00,10,Cao Lanh,2013,0,1
158,147,157,154,141,150,129,128,161,2013-11-01T00:00:00,11,Cao Lanh,2013,0,1
164,163,164,181,163,167,169,169,177,2013-12-01T00:00:00,12,Cao Lanh,2013,0,1
225,220,203,229,234,239,221,235,245,2014-01-01T00:00:00,1,Cao Lanh,2014,0,1
150,196,182,158,199,171,168,186,174,2014-02-01T00:00:00,2,Cao Lanh,2014,0,1
237,231,251,247,229,232,238,224,212,2014-03-01T00:00:00,3,Cao Lanh,2014,0,1
289,271,276,264,239,251,274,233,237,2014-04-01T00:00:00,4,Cao Lanh,2014,0,1
228,206,177,234,211,173,242,230,194,2014-05-01T00:00:00,5,Cao Lanh,2014,0,1
176,162,143,176,163,155,172,174,162,2014-06-01T00:00:00,6,Cao Lanh,2014,0,1
126,122,148,135,127,142,154,136,154,2014-07-01T00:00:00,7,Cao Lanh,2014,0,1
182,153,137,172,161,150,166,151,140,2014-08-01T00:00:00,8,Cao Lanh,2014,0,1
132,92,111,145,96,100,149,112,113,2014-09-01T00:00:00,9,Cao Lanh,2014,0,1
118,146,144,125,174,167,139,176,177,2014-10-01T00:00:00,10,Cao Lanh,2014,0,1
127,137,152,123,128,149,128,133,149,2014-11-01T00:00:00,11,Cao Lanh,2014,0,1
142,110,122,122,112,129,93,128,147,2014-12-01T00:00:00,12,Cao Lanh,2014,0,1
247,227,207,253,246,209,248,245,206,2015-01-01T00:00:00,1,Cao Lanh,2015,0,1
162,151,175,172,164,152,171,171,145,2015-02-01T00:00:00,2,Cao Lanh,2015,0,1
209,217,248,216,187,207,224,186,196,2015-03-01T00:00:00,3,Cao Lanh,2015,0,1
225,218,198,179,191,202,191,198,200,2015-04-01T00:00:00,4,Cao Lanh,2015,0,1
183,178,185,206,208,205,255,239,197,2015-05-01T00:00:00,5,Cao Lanh,2015,0,1
167,154,189,165,173,194,165,203,206,2015-06-01T00:00:00,6,Cao Lanh,2015,0,1
141,165,165,135,135,154,135,137,144,2015-07-01T00:00:00,7,Cao Lanh,2015,0,1
195,183,168,183,160,155,176,174,161,2015-08-01T00:00:00,8,Cao Lanh,2015,0,1
167,153,128,175,155,132,199,174,148,2015-09-01T00:00:00,9,Cao Lanh,2015,0,1
150,147,173,147,157,167,151,170,170,2015-10-01T00:00:00,10,Cao Lanh,2015,0,1
167,165,200,172,174,205,170,186,211,2015-11-01T00:00:00,11,Cao Lanh,2015,0,1
133,149,130,147,139,115,167,142,134,2015-12-01T00:00:00,12,Cao Lanh,2015,0,1
254,239,200,270,258,188,244,240,178,2016-01-01T00:00:00,1,Cao Lanh,2016,0,1
174,182,206,173,179,194,165,176,181,2016-02-01T00:00:00,2,Cao Lanh,2016,0,1
218,215,215,193,184,188,186,174,182,2016-03-01T00:00:00,3,Cao Lanh,2016,0,1
202,187,180,196,181,180,192,187,182,2016-04-01T00:00:00,4,Cao Lanh,2016,0,1
310,306,284,316,294,277,311,297,267,2016-05-01T00:00:00,5,Cao Lanh,2016,0,1
180,206,229,134,201,216,151,229,220,2016-06-01T00:00:00,6,Cao Lanh,2016,0,1
160,153,166,144,133,160,141,136,163,2016-07-01T00:00:00,7,Cao Lanh,2016,0,1
146,141,130,167,157,126,169,162,120,2016-08-01T00:00:00,8,Cao Lanh,2016,0,1
190,166,176,212,178,206,221,189,219,2016-09-01T00:00:00,9,Cao Lanh,2016,0,1
106,107,95,111,101,89,105,92,94,2016-10-01T00:00:00,10,Cao Lanh,2016,0,1
130,170,200,132,162,198,137,163,194,2016-11-01T00:00:00,11,Cao Lanh,2016,0,1
141,133,139,170,142,123,157,140,134,2016-12-01T00:00:00,12,Cao Lanh,2016,0,1
250,246,202,254,234,170,252,224,159,2017-01-01T00:00:00,1,Cao Lanh,2017,0,1
186,210,222,179,225,223,184,237,226,2017-02-01T00:00:00,2,Cao Lanh,2017,0,1
252,241,277,218,220,223,208,202,216,2017-03-01T00:00:00,3,Cao Lanh,2017,0,1
183,216,177,159,209,179,170,195,163,2017-04-01T00:00:00,4,Cao Lanh,2017,0,1
138,110,133,166,146,102,175,140,80,2017-05-01T00:00:00,5,Cao Lanh,2017,0,1
147,158,146,151,184,160,156,189,164,2017-06-01T00:00:00,6,Cao Lanh,2017,0,1
131,141,137,111,123,128,105,136,132,2017-07-01T00:00:00,7,Cao Lanh,2017,0,1
204,206,182,199,213,190,202,216,181,2017-08-01T00:00:00,8,Cao Lanh,2017,0,1
179,155,143,189,175,151,194,183,168,2017-09-01T00:00:00,9,Cao Lanh,2017,0,1
166,184,176,166,185,188,142,169,193,2017-10-01T00:00:00,10,Cao Lanh,2017,0,1
173,180,172,175,174,161,185,171,154,2017-11-01T00:00:00,11,Cao Lanh,2017,0,1
96,114,118,120,123,130,145,147,145,2017-12-01T00:00:00,12,Cao Lanh,2017,0,1
167,182,183,193,205,198,216,230,224,2018-01-01T00:00:00,1,Cao Lanh,2018,0,1
201,219,180,221,189,181,225,183,178,2018-02-01T00:00:00,2,Cao Lanh,2018,0,1
252,225,296,270,241,248,287,262,232,2018-03-01T00:00:00,3,Cao Lanh,2018,0,1
218,224,222,238,241,234,237,219,213,2018-04-01T00:00:00,4,Cao Lanh,2018,0,1
193,191,185,214,209,209,214,212,220,2018-05-01T00:00:00,5,Cao Lanh,2018,1,1
85,59,100,84,98,117,86,123,131,2018-06-01T00:00:00,6,Cao Lanh,2018,1,1
170,180,213,163,149,143,173,150,125,2018-07-01T00:00:00,7,Cao Lanh,2018,1,1
82,68,45,126,69,72,121,54,75,2018-08-01T00:00:00,8,Cao Lanh,2018,1,1
64,77,97,124,110,91,156,108,101,2018-09-01T00:00:00,9,Cao Lanh,2018,1,1
186,137,143,159,134,157,162,160,177,2018-10-01T00:00:00,10,Cao Lanh,2018,1,1
143,129,181,136,110,170,134,119,151,2018-11-01T00:00:00,11,Cao Lanh,2018,1,1
222,256,278,238,236,263,254,247,255,2018-12-01T00:00:00,12,Cao Lanh,2018,1,1
226,202,176,227,210,179,198,193,159,2019-01-01T00:00:00,1,Cao Lanh,2019,1,1
203,205,256,240,228,219,269,249,207,2019-02-01T00:00:00,2,Cao Lanh,2019,1,1
194,202,204,184,181,191,172,166,186,2019-03-01T00:00:00,3,Cao Lanh,2019,1,1
131,150,149,123,122,133,120,115,126,2019-04-01T00:00:00,4,Cao Lanh,2019,1,1
111,86,78,152,105,108,161,129,138,2019-05-01T00:00:00,5,Cao Lanh,2019,1,1
179,160,133,154,184,138,144,199,153,2019-06-01T00:00:00,6,Cao Lanh,2019,1,1
113,119,126,139,133,124,135,119,108,2019-07-01T00:00:00,7,Cao Lanh,2019,1,1
103,105,55,137,99,86,127,86,114,2019-08-01T00:00:00,8,Cao Lanh,2019,1,1
117,161,171,90,112,149,90,117,150,2019-09-01T00:00:00,9,Cao Lanh,2019,1,1
109,143,205,129,158,179,137,167,161,2019-10-01T00:00:00,10,Cao Lanh,2019,1,1
203,238,254,206,218,245,195,181,218,2019-11-01T00:00:00,11,Cao Lanh,2019,1,1
178,209,215,195,202,179,202,204,174,2019-12-01T00:00:00,12,Cao Lanh,2019,1,1
158,113,142,146,110,145,134,114,140,2007-01-01T00:00:00,1,Co Chien,2007,0,0
131,105,87,133,106,86,121,95,80,2007-02-01T00:00:00,2,Co Chien,2007,0,0
129,112,120,110,117,113,85,98,92,2007-03-01T00:00:00,3,Co Chien,2007,0,0
135,137,120,119,124,95,109,107,85,2007-04-01T00:00:00,4,Co Chien,2007,0,0
153,137,134,121,131,128,131,140,116,2007-05-01T00:00:00,5,Co Chien,2007,0,0
136,122,137,146,154,146,164,168,139,2007-06-01T00:00:00,6,Co Chien,2007,0,0
134,121,115,141,128,124,140,139,142,2007-07-01T00:00:00,7,Co Chien,2007,0,0
107,122,116,102,133,110,123,134,110,2007-08-01T00:00:00,8,Co Chien,2007,0,0
166,150,142,179,147,135,149,153,147,2007-09-01T00:00:00,9,Co Chien,2007,0,0
106,78,108,111,101,93,121,121,86,2007-10-01T00:00:00,10,Co Chien,2007,0,0
167,105,109,171,115,103,173,127,92,2007-11-01T00:00:00,11,Co Chien,2007,0,0
185,154,142,172,146,128,149,125,111,2007-12-01T00:00:00,12,Co Chien,2007,0,0
183,188,164,184,178,168,180,164,162,2008-01-01T00:00:00,1,Co Chien,2008,0,0
161,120,114,158,123,115,152,155,118,2008-02-01T00:00:00,2,Co Chien,2008,0,0
164,141,125,139,116,103,128,102,89,2008-03-01T00:00:00,3,Co Chien,2008,0,1
140,146,120,137,138,115,128,130,117,2008-04-01T00:00:00,4,Co Chien,2008,0,1
150,127,124,150,127,107,153,113,108,2008-05-01T00:00:00,5,Co Chien,2008,0,1
131,125,93,161,127,108,157,121,124,2008-06-01T00:00:00,6,Co Chien,2008,0,1
103,99,112,118,107,96,120,103,88,2008-07-01T00:00:00,7,Co Chien,2008,0,1
123,96,83,120,107,76,120,117,99,2008-08-01T00:00:00,8,Co Chien,2008,0,1
113,141,123,102,144,127,103,123,111,2008-09-01T00:00:00,9,Co Chien,2008,0,1
160,137,127,143,122,108,128,129,90,2008-10-01T00:00:00,10,Co Chien,2008,0,1
109,101,83,95,103,113,87,109,126,2008-11-01T00:00:00,11,Co Chien,2008,0,1
160,153,102,161,144,115,160,134,123,2008-12-01T00:00:00,12,Co Chien,2008,0,1
140,137,116,159,129,131,164,140,138,2009-01-01T00:00:00,1,Co Chien,2009,0,1
162,128,153,147,105,138,128,103,115,2009-02-01T00:00:00,2,Co Chien,2009,0,1
102,92,71,95,79,74,90,66,71,2009-03-01T00:00:00,3,Co Chien,2009,0,1
159,126,83,143,108,68,154,130,74,2009-04-01T00:00:00,4,Co Chien,2009,0,1
135,130,131,123,116,133,136,129,141,2009-05-01T00:00:00,5,Co Chien,2009,0,1
137,119,141,144,129,131,136,123,108,2009-06-01T00:00:00,6,Co Chien,2009,0,1
149,128,111,147,99,131,143,124,134,2009-07-01T00:00:00,7,Co Chien,2009,0,1
92,94,109,98,101,132,105,120,131,2009-08-01T00:00:00,8,Co Chien,2009,0,1
192,161,126,197,194,146,167,167,128,2009-09-01T00:00:00,9,Co Chien,2009,0,1
154,169,112,136,149,82,128,143,85,2009-10-01T00:00:00,10,Co Chien,2009,0,1
148,163,134,147,145,101,146,113,76,2009-11-01T00:00:00,11,Co Chien,2009,0,1
188,165,117,178,148,124,187,145,111,2009-12-01T00:00:00,12,Co Chien,2009,0,1
137,122,89,133,125,90,135,120,95,2010-01-01T00:00:00,1,Co Chien,2010,0,1
92,86,88,74,72,70,85,84,62,2010-02-01T00:00:00,2,Co Chien,2010,0,1
153,152,152,148,135,124,141,115,111,2010-03-01T00:00:00,3,Co Chien,2010,0,1
149,148,144,150,139,112,142,129,104,2010-04-01T00:00:00,4,Co Chien,2010,0,1
156,142,125,135,144,143,142,144,140,2010-05-01T00:00:00,5,Co Chien,2010,0,1
135,163,170,151,171,189,194,203,181,2010-06-01T00:00:00,6,Co Chien,2010,0,1
149,146,142,148,134,119,156,147,134,2010-07-01T00:00:00,7,Co Chien,2010,0,1
106,137,120,164,137,98,168,119,100,2010-08-01T00:00:00,8,Co Chien,2010,0,1
167,112,165,172,124,132,173,122,126,2010-09-01T00:00:00,9,Co Chien,2010,0,1
163,173,139,176,227,180,187,215,170,2010-10-01T00:00:00,10,Co Chien,2010,0,1
143,129,116,166,147,112,161,115,110,2010-11-01T00:00:00,11,Co Chien,2010,0,1
146,155,145,165,169,162,181,182,160,2010-12-01T00:00:00,12,Co Chien,2010,0,1
172,166,134,183,179,138,203,186,129,2011-01-01T00:00:00,1,Co Chien,2011,0,1
136,132,130,129,102,113,116,101,107,2011-02-01T00:00:00,2,Co Chien,2011,0,1
171,182,143,140,171,110,144,137,86,2011-03-01T00:00:00,3,Co Chien,2011,0,1
195,154,156,179,154,143,174,143,125,2011-04-01T00:00:00,4,Co Chien,2011,0,1
140,123,111,147,129,100,179,162,114,2011-05-01T00:00:00,5,Co Chien,2011,0,1
140,138,128,144,150,138,147,143,124,2011-06-01T00:00:00,6,Co Chien,2011,0,1
149,135,151,139,132,162,144,140,156,2011-07-01T00:00:00,7,Co Chien,2011,0,1
151,129,82,156,139,127,166,165,152,2011-08-01T00:00:00,8,Co Chien,2011,0,1
134,126,98,147,129,100,129,135,115,2011-09-01T00:00:00,9,Co Chien,2011,0,1
146,109,118,135,114,148,134,113,140,2011-10-01T00:00:00,10,Co Chien,2011,0,1
146,162,141,146,151,144,151,136,108,2011-11-01T00:00:00,11,Co Chien,2011,0,1
169,183,169,168,177,146,195,172,144,2011-12-01T00:00:00,12,Co Chien,2011,0,1
149,138,151,158,125,122,152,115,104,2012-01-01T00:00:00,1,Co Chien,2012,0,1
174,170,174,171,148,134,162,119,110,2012-02-01T00:00:00,2,Co Chien,2012,0,1
153,151,122,119,115,124,109,106,120,2012-03-01T00:00:00,3,Co Chien,2012,0,1
135,127,110,126,120,92,144,130,99,2012-04-01T00:00:00,4,Co Chien,2012,0,1
155,122,131,154,137,147,168,138,158,2012-05-01T00:00:00,5,Co Chien,2012,0,1
180,166,118,168,161,144,141,146,143,2012-06-01T00:00:00,6,Co Chien,2012,0,1
151,130,94,151,153,148,153,158,145,2012-07-01T00:00:00,7,Co Chien,2012,0,1
137,81,87,138,76,81,132,85,85,2012-08-01T00:00:00,8,Co Chien,2012,0,1
120,97,117,136,124,137,148,137,140,2012-09-01T00:00:00,9,Co Chien,2012,0,1
153,117,127,160,122,131,135,121,130,2012-10-01T00:00:00,10,Co Chien,2012,0,1
122,109,105,96,95,104,79,76,99,2012-11-01T00:00:00,11,Co Chien,2012,0,1
223,168,161,217,172,163,186,149,136,2012-12-01T00:00:00,12,Co Chien,2012,0,1
205,162,158,199,164,126,185,149,111,2013-01-01T00:00:00,1,Co Chien,2013,0,1
154,129,112,146,111,99,147,105,85,2013-02-01T00:00:00,2,Co Chien,2013,0,1
206,185,165,200,174,158,178,142,127,2013-03-01T00:00:00,3,Co Chien,2013,0,1
167,152,117,176,146,99,175,143,99,2013-04-01T00:00:00,4,Co Chien,2013,0,1
203,158,119,181,134,110,149,120,97,2013-05-01T00:00:00,5,Co Chien,2013,0,1
165,141,176,146,118,121,130,113,107,2013-06-01T00:00:00,6,Co Chien,2013,0,1
127,128,111,128,121,153,147,126,144,2013-07-01T00:00:00,7,Co Chien,2013,0,1
142,95,64,157,100,57,150,101,82,2013-08-01T00:00:00,8,Co Chien,2013,0,1
143,112,153,145,135,127,158,131,101,2013-09-01T00:00:00,9,Co Chien,2013,0,1
142,151,143,142,156,144,135,145,140,2013-10-01T00:00:00,10,Co Chien,2013,0,1
142,120,115,136,120,116,141,125,122,2013-11-01T00:00:00,11,Co Chien,2013,0,1
185,175,181,177,171,160,173,171,170,2013-12-01T00:00:00,12,Co Chien,2013,0,1
197,195,163,188,206,168,192,209,184,2014-01-01T00:00:00,1,Co Chien,2014,0,1
152,133,114,143,107,94,113,100,100,2014-02-01T00:00:00,2,Co Chien,2014,0,1
134,122,114,108,110,114,104,105,101,2014-03-01T00:00:00,3,Co Chien,2014,0,1
192,160,134,210,182,142,194,161,131,2014-04-01T00:00:00,4,Co Chien,2014,0,1
180,150,153,186,157,147,169,176,143,2014-05-01T00:00:00,5,Co Chien,2014,0,1
208,172,205,180,163,203,142,165,200,2014-06-01T00:00:00,6,Co Chien,2014,0,1
165,167,141,146,175,147,143,159,146,2014-07-01T00:00:00,7,Co Chien,2014,0,1
167,147,144,174,151,151,146,132,142,2014-08-01T00:00:00,8,Co Chien,2014,0,1
175,147,118,155,139,121,147,126,116,2014-09-01T00:00:00,9,Co Chien,2014,0,1
155,171,142,156,160,122,161,156,115,2014-10-01T00:00:00,10,Co Chien,2014,0,1
159,163,154,160,167,146,170,158,125,2014-11-01T00:00:00,11,Co Chien,2014,0,1
208,169,141,209,169,131,191,166,120,2014-12-01T00:00:00,12,Co Chien,2014,0,1
181,181,164,189,180,153,191,175,161,2015-01-01T00:00:00,1,Co Chien,2015,0,1
135,116,105,135,130,112,130,123,93,2015-02-01T00:00:00,2,Co Chien,2015,0,1
125,113,111,107,100,94,105,93,86,2015-03-01T00:00:00,3,Co Chien,2015,0,1
149,112,127,146,109,125,138,109,110,2015-04-01T00:00:00,4,Co Chien,2015,0,1
144,125,107,142,127,122,142,145,137,2015-05-01T00:00:00,5,Co Chien,2015,1,1
179,160,138,187,173,146,183,175,145,2015-06-01T00:00:00,6,Co Chien,2015,1,0
124,104,106,123,110,138,117,121,160,2015-07-01T00:00:00,7,Co Chien,2015,1,0
159,121,106,165,156,126,165,166,124,2015-08-01T00:00:00,8,Co Chien,2015,1,0
153,130,75,152,132,98,163,140,109,2015-09-01T00:00:00,9,Co Chien,2015,1,0
211,193,181,197,185,176,182,192,185,2015-10-01T00:00:00,10,Co Chien,2015,1,0
192,152,152,179,156,143,165,140,125,2015-11-01T00:00:00,11,Co Chien,2015,1,0
179,145,134,176,129,125,168,128,121,2015-12-01T00:00:00,12,Co Chien,2015,1,0
132,110,112,116,111,111,124,126,123,2016-01-01T00:00:00,1,Co Chien,2016,1,0
132,116,109,131,115,112,124,103,96,2016-02-01T00:00:00,2,Co Chien,2016,1,0
158,156,153,149,143,142,142,133,121,2016-03-01T00:00:00,3,Co Chien,2016,1,0
159,149,151,165,152,166,159,141,158,2016-04-01T00:00:00,4,Co Chien,2016,1,0
170,144,146,201,131,106,199,133,102,2016-05-01T00:00:00,5,Co Chien,2016,1,0
169,172,167,188,171,154,177,151,154,2016-06-01T00:00:00,6,Co Chien,2016,1,0
152,131,122,161,142,159,173,159,172,2016-07-01T00:00:00,7,Co Chien,2016,1,0
111,116,109,135,104,113,166,111,117,2016-08-01T00:00:00,8,Co Chien,2016,1,0
155,122,127,186,124,148,188,130,156,2016-09-01T00:00:00,9,Co Chien,2016,1,0
152,113,82,163,128,114,130,126,122,2016-10-01T00:00:00,10,Co Chien,2016,1,0
192,148,149,165,145,144,161,145,139,2016-11-01T00:00:00,11,Co Chien,2016,1,0
149,176,160,162,164,143,171,159,151,2016-12-01T00:00:00,12,Co Chien,2016,1,0
192,144,117,172,143,119,173,143,114,2017-01-01T00:00:00,1,Co Chien,2017,1,0
214,187,212,195,165,191,185,159,166,2017-02-01T00:00:00,2,Co Chien,2017,1,0
205,195,155,193,191,150,168,178,142,2017-03-01T00:00:00,3,Co Chien,2017,1,0
148,111,109,112,61,78,94,54,62,2017-04-01T00:00:00,4,Co Chien,2017,1,0
171,191,159,186,147,102,154,129,103,2017-05-01T00:00:00,5,Co Chien,2017,1,0
169,182,157,149,173,155,167,180,152,2017-06-01T00:00:00,6,Co Chien,2017,1,0
119,122,89,116,115,110,119,122,125,2017-07-01T00:00:00,7,Co Chien,2017,1,0
157,152,146,164,182,181,174,193,184,2017-08-01T00:00:00,8,Co Chien,2017,1,0
161,133,124,153,137,124,167,148,138,2017-09-01T00:00:00,9,Co Chien,2017,1,0
170,166,152,158,176,192,165,182,174,2017-10-01T00:00:00,10,Co Chien,2017,1,0
184,174,165,185,164,168,179,146,168,2017-11-01T00:00:00,11,Co Chien,2017,1,0
172,142,140,188,149,126,140,135,106,2017-12-01T00:00:00,12,Co Chien,2017,1,0
221,202,196,215,189,194,221,180,191,2018-01-01T00:00:00,1,Co Chien,2018,1,0
181,181,154,169,188,147,160,165,134,2018-02-01T00:00:00,2,Co Chien,2018,1,0
144,137,121,135,134,128,132,125,129,2018-03-01T00:00:00,3,Co Chien,2018,1,0
154,160,113,140,112,110,127,102,119,2018-04-01T00:00:00,4,Co Chien,2018,1,0
168,155,158,135,128,159,115,130,151,2018-05-01T00:00:00,5,Co Chien,2018,1,0
156,132,87,177,130,115,197,144,140,2018-06-01T00:00:00,6,Co Chien,2018,1,0
159,203,199,156,181,178,143,168,167,2018-07-01T00:00:00,7,Co Chien,2018,1,0
79,95,51,175,113,46,120,100,48,2018-08-01T00:00:00,8,Co Chien,2018,1,0
73,83,70,96,102,80,96,118,80,2018-09-01T00:00:00,9,Co Chien,2018,1,0
240,210,145,227,206,185,198,209,185,2018-10-01T00:00:00,10,Co Chien,2018,1,0
129,117,138,165,138,150,160,138,152,2018-11-01T00:00:00,11,Co Chien,2018,1,0
226,220,195,202,184,166,204,177,143,2018-12-01T00:00:00,12,Co Chien,2018,1,0
103,96,95,82,91,111,81,94,119,2019-01-01T00:00:00,1,Co Chien,2019,1,0
165,146,102,130,135,110,128,131,111,2019-02-01T00:00:00,2,Co Chien,2019,1,0
190,138,130,173,134,110,151,122,103,2019-03-01T00:00:00,3,Co Chien,2019,1,0
92,53,64,106,59,72,109,73,87,2019-04-01T00:00:00,4,Co Chien,2019,1,0
178,77,133,175,77,115,152,81,100,2019-05-01T00:00:00,5,Co Chien,2019,1,0
144,160,157,150,176,149,152,165,144,2019-06-01T00:00:00,6,Co Chien,2019,1,0
107,123,161,92,135,164,91,136,167,2019-07-01T00:00:00,7,Co Chien,2019,1,0
82,80,70,65,68,38,75,75,33,2019-08-01T00:00:00,8,Co Chien,2019,1,0
77,49,80,126,86,87,132,109,93,2019-09-01T00:00:00,9,Co Chien,2019,1,0
123,101,91,104,86,94,110,100,97,2019-10-01T00:00:00,10,Co Chien,2019,1,0
209,188,130,224,205,153,221,199,152,2019-11-01T00:00:00,11,Co Chien,2019,1,0
199,165,117,218,189,134,199,174,133,2019-12-01T00:00:00,12,Co Chien,2019,1,0
174,158,113,178,146,110,178,134,114,2007-01-01T00:00:00,1,Ham Luong,2007,0,1
130,131,105,119,133,106,107,121,95,2007-02-01T00:00:00,2,Ham Luong,2007,0,1
138,129,112,147,110,117,142,85,98,2007-03-01T00:00:00,3,Ham Luong,2007,0,1
156,135,137,162,119,124,164,109,107,2007-04-01T00:00:00,4,Ham Luong,2007,0,1
160,153,137,179,121,131,164,131,140,2007-05-01T00:00:00,5,Ham Luong,2007,0,1
169,136,122,166,146,154,173,164,168,2007-06-01T00:00:00,6,Ham Luong,2007,0,1
171,134,121,158,141,128,122,140,139,2007-07-01T00:00:00,7,Ham Luong,2007,0,1
111,107,122,132,102,133,136,123,134,2007-08-01T00:00:00,8,Ham Luong,2007,0,1
141,166,150,150,179,147,152,149,153,2007-09-01T00:00:00,9,Ham Luong,2007,0,1
132,106,78,137,111,101,149,121,121,2007-10-01T00:00:00,10,Ham Luong,2007,0,1
170,167,105,162,171,115,168,173,127,2007-11-01T00:00:00,11,Ham Luong,2007,0,1
208,185,154,211,172,146,204,149,125,2007-12-01T00:00:00,12,Ham Luong,2007,0,1
180,183,188,201,184,178,210,180,164,2008-01-01T00:00:00,1,Ham Luong,2008,0,1
160,161,120,153,158,123,150,152,155,2008-02-01T00:00:00,2,Ham Luong,2008,0,1
156,164,141,149,139,116,145,128,102,2008-03-01T00:00:00,3,Ham Luong,2008,0,1
140,140,146,151,137,138,152,128,130,2008-04-01T00:00:00,4,Ham Luong,2008,0,1
128,150,127,139,150,127,146,153,113,2008-05-01T00:00:00,5,Ham Luong,2008,0,1
146,131,125,156,161,127,158,157,121,2008-06-01T00:00:00,6,Ham Luong,2008,0,1
122,103,99,119,118,107,122,120,103,2008-07-01T00:00:00,7,Ham Luong,2008,0,1
139,123,96,128,120,107,125,120,117,2008-08-01T00:00:00,8,Ham Luong,2008,0,1
140,113,141,140,102,144,122,103,123,2008-09-01T00:00:00,9,Ham Luong,2008,0,1
183,160,137,159,143,122,150,128,129,2008-10-01T00:00:00,10,Ham Luong,2008,0,1
128,109,101,154,95,103,159,87,109,2008-11-01T00:00:00,11,Ham Luong,2008,0,1
150,160,153,180,161,144,167,160,134,2008-12-01T00:00:00,12,Ham Luong,2008,0,1
139,140,137,150,159,129,176,164,140,2009-01-01T00:00:00,1,Ham Luong,2009,0,1
158,162,128,159,147,105,145,128,103,2009-02-01T00:00:00,2,Ham Luong,2009,0,1
144,102,92,122,95,79,109,90,66,2009-03-01T00:00:00,3,Ham Luong,2009,0,1
184,159,126,167,143,108,163,154,130,2009-04-01T00:00:00,4,Ham Luong,2009,0,1
142,135,130,143,123,116,163,136,129,2009-05-01T00:00:00,5,Ham Luong,2009,0,1
127,137,119,140,144,129,149,136,123,2009-06-01T00:00:00,6,Ham Luong,2009,0,1
95,149,128,146,147,99,158,143,124,2009-07-01T00:00:00,7,Ham Luong,2009,0,1
132,92,94,146,98,101,157,105,120,2009-08-01T00:00:00,8,Ham Luong,2009,0,1
184,192,161,199,197,194,181,167,167,2009-09-01T00:00:00,9,Ham Luong,2009,0,1
140,154,169,127,136,149,124,128,143,2009-10-01T00:00:00,10,Ham Luong,2009,0,1
132,148,163,144,147,145,153,146,113,2009-11-01T00:00:00,11,Ham Luong,2009,0,1
220,188,165,220,178,148,230,187,145,2009-12-01T00:00:00,12,Ham Luong,2009,0,1
151,137,122,149,133,125,149,135,120,2010-01-01T00:00:00,1,Ham Luong,2010,0,1
105,92,86,103,74,72,101,85,84,2010-02-01T00:00:00,2,Ham Luong,2010,0,1
178,153,152,180,148,135,160,141,115,2010-03-01T00:00:00,3,Ham Luong,2010,0,1
153,149,148,173,150,139,164,142,129,2010-04-01T00:00:00,4,Ham Luong,2010,1,1
155,156,142,156,135,144,164,142,144,2010-05-01T00:00:00,5,Ham Luong,2010,1,0
148,135,163,168,151,171,192,194,203,2010-06-01T00:00:00,6,Ham Luong,2010,1,0
210,149,146,209,148,134,184,156,147,2010-07-01T00:00:00,7,Ham Luong,2010,1,0
107,106,137,120,164,137,164,168,119,2010-08-01T00:00:00,8,Ham Luong,2010,1,0
232,167,112,213,172,124,220,173,122,2010-09-01T00:00:00,9,Ham Luong,2010,1,0
117,163,173,144,176,227,172,187,215,2010-10-01T00:00:00,10,Ham Luong,2010,1,0
143,143,129,152,166,147,174,161,115,2010-11-01T00:00:00,11,Ham Luong,2010,1,0
136,146,155,145,165,169,154,181,182,2010-12-01T00:00:00,12,Ham Luong,2010,1,0
207,172,166,220,183,179,208,203,186,2011-01-01T00:00:00,1,Ham Luong,2011,1,0
170,136,132,159,129,102,172,116,101,2011-02-01T00:00:00,2,Ham Luong,2011,1,0
166,171,182,160,140,171,165,144,137,2011-03-01T00:00:00,3,Ham Luong,2011,1,0
213,195,154,208,179,154,225,174,143,2011-04-01T00:00:00,4,Ham Luong,2011,1,0
152,140,123,155,147,129,156,179,162,2011-05-01T00:00:00,5,Ham Luong,2011,1,0
147,140,138,139,144,150,137,147,143,2011-06-01T00:00:00,6,Ham Luong,2011,1,0
128,149,135,153,139,132,156,144,140,2011-07-01T00:00:00,7,Ham Luong,2011,1,0
180,151,129,170,156,139,162,166,165,2011-08-01T00:00:00,8,Ham Luong,2011,1,0
123,134,126,163,147,129,180,129,135,2011-09-01T00:00:00,9,Ham Luong,2011,1,0
163,146,109,162,135,114,161,134,113,2011-10-01T00:00:00,10,Ham Luong,2011,1,0
147,146,162,138,146,151,173,151,136,2011-11-01T00:00:00,11,Ham Luong,2011,1,0
160,169,183,157,168,177,193,195,172,2011-12-01T00:00:00,12,Ham Luong,2011,1,0
156,149,138,174,158,125,145,152,115,2012-01-01T00:00:00,1,Ham Luong,2012,1,0
161,174,170,155,171,148,162,162,119,2012-02-01T00:00:00,2,Ham Luong,2012,1,0
195,153,151,175,119,115,139,109,106,2012-03-01T00:00:00,3,Ham Luong,2012,1,0
162,135,127,163,126,120,189,144,130,2012-04-01T00:00:00,4,Ham Luong,2012,1,0
200,155,122,180,154,137,183,168,138,2012-05-01T00:00:00,5,Ham Luong,2012,1,0
162,180,166,180,168,161,157,141,146,2012-06-01T00:00:00,6,Ham Luong,2012,1,0
160,151,130,145,151,153,149,153,158,2012-07-01T00:00:00,7,Ham Luong,2012,1,0
152,137,81,162,138,76,162,132,85,2012-08-01T00:00:00,8,Ham Luong,2012,1,0
140,120,97,150,136,124,162,148,137,2012-09-01T00:00:00,9,Ham Luong,2012,1,0
194,153,117,184,160,122,162,135,121,2012-10-01T00:00:00,10,Ham Luong,2012,1,0
167,122,109,141,96,95,122,79,76,2012-11-01T00:00:00,11,Ham Luong,2012,1,0
224,223,168,232,217,172,216,186,149,2012-12-01T00:00:00,12,Ham Luong,2012,1,0
233,205,162,222,199,164,206,185,149,2013-01-01T00:00:00,1,Ham Luong,2013,1,0
157,154,129,134,146,111,137,147,105,2013-02-01T00:00:00,2,Ham Luong,2013,1,0
220,206,185,197,200,174,183,178,142,2013-03-01T00:00:00,3,Ham Luong,2013,1,0
174,167,152,175,176,146,184,175,143,2013-04-01T00:00:00,4,Ham Luong,2013,1,0
222,203,158,202,181,134,200,149,120,2013-05-01T00:00:00,5,Ham Luong,2013,1,0
162,165,141,155,146,118,149,130,113,2013-06-01T00:00:00,6,Ham Luong,2013,1,0
154,127,128,137,128,121,143,147,126,2013-07-01T00:00:00,7,Ham Luong,2013,1,0
147,142,95,149,157,100,131,150,101,2013-08-01T00:00:00,8,Ham Luong,2013,1,0
154,143,112,143,145,135,160,158,131,2013-09-01T00:00:00,9,Ham Luong,2013,1,0
138,142,151,148,142,156,138,135,145,2013-10-01T00:00:00,10,Ham Luong,2013,1,0
167,142,120,168,136,120,157,141,125,2013-11-01T00:00:00,11,Ham Luong,2013,1,0
200,185,175,225,177,171,234,173,171,2013-12-01T00:00:00,12,Ham Luong,2013,1,0
214,197,195,215,188,206,231,192,209,2014-01-01T00:00:00,1,Ham Luong,2014,1,0
158,152,133,156,143,107,138,113,100,2014-02-01T00:00:00,2,Ham Luong,2014,1,0
160,134,122,153,108,110,146,104,105,2014-03-01T00:00:00,3,Ham Luong,2014,1,0
218,192,160,237,210,182,240,194,161,2014-04-01T00:00:00,4,Ham Luong,2014,1,0
209,180,150,212,186,157,183,169,176,2014-05-01T00:00:00,5,Ham Luong,2014,1,0
181,208,172,197,180,163,177,142,165,2014-06-01T00:00:00,6,Ham Luong,2014,1,0
152,165,167,133,146,175,139,143,159,2014-07-01T00:00:00,7,Ham Luong,2014,1,0
171,167,147,179,174,151,177,146,132,2014-08-01T00:00:00,8,Ham Luong,2014,1,0
159,175,147,152,155,139,144,147,126,2014-09-01T00:00:00,9,Ham Luong,2014,1,0
160,155,171,148,156,160,173,161,156,2014-10-01T00:00:00,10,Ham Luong,2014,1,0
171,159,163,174,160,167,182,170,158,2014-11-01T00:00:00,11,Ham Luong,2014,1,0
209,208,169,225,209,169,248,191,166,2014-12-01T00:00:00,12,Ham Luong,2014,1,0
197,181,181,204,189,180,202,191,175,2015-01-01T00:00:00,1,Ham Luong,2015,1,0
118,135,116,118,135,130,136,130,123,2015-02-01T00:00:00,2,Ham Luong,2015,1,0
154,125,113,133,107,100,124,105,93,2015-03-01T00:00:00,3,Ham Luong,2015,1,0
178,149,112,171,146,109,171,138,109,2015-04-01T00:00:00,4,Ham Luong,2015,1,0
188,144,125,188,142,127,192,142,145,2015-05-01T00:00:00,5,Ham Luong,2015,1,0
169,179,160,171,187,173,168,183,175,2015-06-01T00:00:00,6,Ham Luong,2015,1,0
146,124,104,156,123,110,160,117,121,2015-07-01T00:00:00,7,Ham Luong,2015,1,0
177,159,121,169,165,156,164,165,166,2015-08-01T00:00:00,8,Ham Luong,2015,1,0
178,153,130,176,152,132,171,163,140,2015-09-01T00:00:00,9,Ham Luong,2015,1,0
206,211,193,204,197,185,199,182,192,2015-10-01T00:00:00,10,Ham Luong,2015,1,0
238,192,152,191,179,156,178,165,140,2015-11-01T00:00:00,11,Ham Luong,2015,1,0
189,179,145,214,176,129,233,168,128,2015-12-01T00:00:00,12,Ham Luong,2015,1,0
175,132,110,172,116,111,182,124,126,2016-01-01T00:00:00,1,Ham Luong,2016,1,0
163,132,116,168,131,115,166,124,103,2016-02-01T00:00:00,2,Ham Luong,2016,1,0
167,158,156,169,149,143,164,142,133,2016-03-01T00:00:00,3,Ham Luong,2016,1,0
178,159,149,182,165,152,178,159,141,2016-04-01T00:00:00,4,Ham Luong,2016,1,0
205,170,144,194,201,131,206,199,133,2016-05-01T00:00:00,5,Ham Luong,2016,1,0
233,169,172,221,188,171,222,177,151,2016-06-01T00:00:00,6,Ham Luong,2016,1,0
168,152,131,196,161,142,208,173,159,2016-07-01T00:00:00,7,Ham Luong,2016,1,0
144,111,116,145,135,104,181,166,111,2016-08-01T00:00:00,8,Ham Luong,2016,1,0
196,155,122,210,186,124,231,188,130,2016-09-01T00:00:00,9,Ham Luong,2016,1,0
179,152,113,195,163,128,177,130,126,2016-10-01T00:00:00,10,Ham Luong,2016,1,0
226,192,148,233,165,145,231,161,145,2016-11-01T00:00:00,11,Ham Luong,2016,1,0
180,149,176,216,162,164,188,171,159,2016-12-01T00:00:00,12,Ham Luong,2016,1,0
196,192,144,184,172,143,171,173,143,2017-01-01T00:00:00,1,Ham Luong,2017,1,0
253,214,187,242,195,165,241,185,159,2017-02-01T00:00:00,2,Ham Luong,2017,1,0
204,205,195,181,193,191,175,168,178,2017-03-01T00:00:00,3,Ham Luong,2017,1,0
183,148,111,162,112,61,148,94,54,2017-04-01T00:00:00,4,Ham Luong,2017,1,0
100,171,191,109,186,147,139,154,129,2017-05-01T00:00:00,5,Ham Luong,2017,1,0
188,169,182,177,149,173,177,167,180,2017-06-01T00:00:00,6,Ham Luong,2017,1,0
112,119,122,127,116,115,152,119,122,2017-07-01T00:00:00,7,Ham Luong,2017,1,0
175,157,152,166,164,182,179,174,193,2017-08-01T00:00:00,8,Ham Luong,2017,1,0
219,161,133,218,153,137,212,167,148,2017-09-01T00:00:00,9,Ham Luong,2017,1,0
195,170,166,215,158,176,220,165,182,2017-10-01T00:00:00,10,Ham Luong,2017,1,0
214,184,174,202,185,164,202,179,146,2017-11-01T00:00:00,11,Ham Luong,2017,1,0
187,172,142,198,188,149,188,140,135,2017-12-01T00:00:00,12,Ham Luong,2017,1,0
225,221,202,219,215,189,251,221,180,2018-01-01T00:00:00,1,Ham Luong,2018,1,0
193,181,181,197,169,188,206,160,165,2018-02-01T00:00:00,2,Ham Luong,2018,1,0
199,144,137,188,135,134,184,132,125,2018-03-01T00:00:00,3,Ham Luong,2018,1,0
162,154,160,160,140,112,152,127,102,2018-04-01T00:00:00,4,Ham Luong,2018,1,0
163,168,155,152,135,128,135,115,130,2018-05-01T00:00:00,5,Ham Luong,2018,1,0
166,156,132,155,177,130,172,197,144,2018-06-01T00:00:00,6,Ham Luong,2018,1,0
176,159,203,179,156,181,167,143,168,2018-07-01T00:00:00,7,Ham Luong,2018,1,0
18,79,95,75,175,113,101,120,100,2018-08-01T00:00:00,8,Ham Luong,2018,1,0
99,73,83,172,96,102,166,96,118,2018-09-01T00:00:00,9,Ham Luong,2018,1,0
194,240,210,205,227,206,139,198,209,2018-10-01T00:00:00,10,Ham Luong,2018,1,0
185,129,117,213,165,138,199,160,138,2018-11-01T00:00:00,11,Ham Luong,2018,1,0
255,226,220,257,202,184,258,204,177,2018-12-01T00:00:00,12,Ham Luong,2018,1,0
142,103,96,141,82,91,142,81,94,2019-01-01T00:00:00,1,Ham Luong,2019,1,0
166,165,146,162,130,135,147,128,131,2019-02-01T00:00:00,2,Ham Luong,2019,1,0
196,190,138,178,173,134,165,151,122,2019-03-01T00:00:00,3,Ham Luong,2019,1,0
116,92,53,141,106,59,140,109,73,2019-04-01T00:00:00,4,Ham Luong,2019,1,0
144,178,77,233,175,77,168,152,81,2019-05-01T00:00:00,5,Ham Luong,2019,1,0
146,144,160,137,150,176,144,152,165,2019-06-01T00:00:00,6,Ham Luong,2019,1,0
110,107,123,116,92,135,111,91,136,2019-07-01T00:00:00,7,Ham Luong,2019,1,0
138,82,80,139,65,68,139,75,75,2019-08-01T00:00:00,8,Ham Luong,2019,1,0
153,77,49,119,126,86,94,132,109,2019-09-01T00:00:00,9,Ham Luong,2019,1,0
159,123,101,143,104,86,143,110,100,2019-10-01T00:00:00,10,Ham Luong,2019,1,0
214,209,188,226,224,205,241,221,199,2019-11-01T00:00:00,11,Ham Luong,2019,1,0
214,199,165,233,218,189,220,199,174,2019-12-01T00:00:00,12,Ham Luong,2019,1,0
286,249,182,313,253,175,303,255,181,2007-01-01T00:00:00,1,My Loi,2007,0,1
194,144,97,220,139,89,234,140,87,2007-02-01T00:00:00,2,My Loi,2007,0,1
232,201,125,224,165,108,217,141,101,2007-03-01T00:00:00,3,My Loi,2007,0,1
282,211,155,282,205,142,277,190,132,2007-04-01T00:00:00,4,My Loi,2007,0,1
165,171,157,179,154,159,174,143,142,2007-05-01T00:00:00,5,My Loi,2007,0,1
201,208,159,194,214,156,243,264,179,2007-06-01T00:00:00,6,My Loi,2007,0,1
173,168,128,183,178,143,196,180,136,2007-07-01T00:00:00,7,My Loi,2007,0,1
154,136,142,164,136,149,165,138,156,2007-08-01T00:00:00,8,My Loi,2007,0,1
161,137,142,128,127,135,157,129,121,2007-09-01T00:00:00,9,My Loi,2007,0,1
169,163,158,214,209,152,223,202,152,2007-10-01T00:00:00,10,My Loi,2007,0,1
214,158,160,241,184,166,267,201,163,2007-11-01T00:00:00,11,My Loi,2007,0,1
269,231,181,299,224,176,303,253,195,2007-12-01T00:00:00,12,My Loi,2007,0,1
314,252,202,342,239,179,349,234,172,2008-01-01T00:00:00,1,My Loi,2008,0,1
220,200,171,241,215,169,294,254,170,2008-02-01T00:00:00,2,My Loi,2008,0,1
275,195,140,269,206,144,266,207,136,2008-03-01T00:00:00,3,My Loi,2008,0,1
266,209,165,252,199,146,252,170,112,2008-04-01T00:00:00,4,My Loi,2008,0,1
168,152,147,174,173,168,197,176,162,2008-05-01T00:00:00,5,My Loi,2008,0,1
162,125,135,162,127,132,190,142,148,2008-06-01T00:00:00,6,My Loi,2008,0,1
139,110,116,164,135,134,166,154,146,2008-07-01T00:00:00,7,My Loi,2008,0,1
117,99,122,136,117,115,177,143,130,2008-08-01T00:00:00,8,My Loi,2008,0,1
129,125,177,160,161,162,170,182,131,2008-09-01T00:00:00,9,My Loi,2008,0,1
240,180,159,256,186,178,250,205,167,2008-10-01T00:00:00,10,My Loi,2008,0,1
218,164,144,233,191,145,267,210,144,2008-11-01T00:00:00,11,My Loi,2008,0,1
246,201,144,274,213,166,279,216,179,2008-12-01T00:00:00,12,My Loi,2008,0,1
208,168,181,245,215,187,247,252,210,2009-01-01T00:00:00,1,My Loi,2009,0,1
222,194,137,236,194,132,245,193,148,2009-02-01T00:00:00,2,My Loi,2009,0,1
239,162,112,214,163,106,226,149,113,2009-03-01T00:00:00,3,My Loi,2009,0,1
241,187,165,253,206,194,271,216,204,2009-04-01T00:00:00,4,My Loi,2009,0,1
226,212,168,235,203,158,269,209,156,2009-05-01T00:00:00,5,My Loi,2009,0,1
164,175,157,167,169,163,187,166,155,2009-06-01T00:00:00,6,My Loi,2009,0,1
148,182,162,158,200,169,186,190,157,2009-07-01T00:00:00,7,My Loi,2009,0,1
190,169,155,191,160,158,215,172,164,2009-08-01T00:00:00,8,My Loi,2009,0,1
185,184,161,176,137,141,200,127,134,2009-09-01T00:00:00,9,My Loi,2009,0,1
202,194,101,220,191,122,244,208,137,2009-10-01T00:00:00,10,My Loi,2009,0,1
233,193,141,256,214,143,272,224,167,2009-11-01T00:00:00,11,My Loi,2009,0,1
333,277,228,347,281,217,377,298,215,2009-12-01T00:00:00,12,My Loi,2009,0,1
251,179,147,250,197,150,258,199,144,2010-01-01T00:00:00,1,My Loi,2010,0,1
165,128,105,183,138,98,206,139,97,2010-02-01T00:00:00,2,My Loi,2010,0,1
261,204,157,249,187,141,267,189,131,2010-03-01T00:00:00,3,My Loi,2010,0,1
249,190,145,245,175,136,239,166,122,2010-04-01T00:00:00,4,My Loi,2010,0,1
251,218,169,248,200,148,242,193,153,2010-05-01T00:00:00,5,My Loi,2010,0,1
167,175,196,199,206,191,240,218,177,2010-06-01T00:00:00,6,My Loi,2010,0,1
194,177,150,197,159,149,225,176,168,2010-07-01T00:00:00,7,My Loi,2010,0,1
166,132,204,168,156,189,181,175,180,2010-08-01T00:00:00,8,My Loi,2010,0,1
215,218,203,231,243,225,241,224,197,2010-09-01T00:00:00,9,My Loi,2010,0,1
195,194,192,204,210,190,223,215,196,2010-10-01T00:00:00,10,My Loi,2010,0,1
244,208,188,236,243,198,220,273,226,2010-11-01T00:00:00,11,My Loi,2010,0,1
246,186,162,291,205,174,371,273,210,2010-12-01T00:00:00,12,My Loi,2010,0,1
300,255,178,329,261,182,371,324,219,2011-01-01T00:00:00,1,My Loi,2011,0,1
237,210,163,245,216,169,268,215,174,2011-02-01T00:00:00,2,My Loi,2011,0,1
275,210,177,261,209,167,269,214,159,2011-03-01T00:00:00,3,My Loi,2011,0,1
312,281,227,309,282,191,333,274,157,2011-04-01T00:00:00,4,My Loi,2011,0,1
241,185,174,253,208,188,258,216,188,2011-05-01T00:00:00,5,My Loi,2011,0,1
151,135,127,136,105,118,160,136,126,2011-06-01T00:00:00,6,My Loi,2011,0,1
171,145,165,185,160,169,188,178,181,2011-07-01T00:00:00,7,My Loi,2011,0,1
204,184,150,181,177,179,200,195,189,2011-08-01T00:00:00,8,My Loi,2011,0,1
142,179,145,123,147,124,141,160,131,2011-09-01T00:00:00,9,My Loi,2011,0,1
207,165,151,217,190,166,230,201,159,2011-10-01T00:00:00,10,My Loi,2011,0,1
264,232,206,288,243,206,291,260,205,2011-11-01T00:00:00,11,My Loi,2011,0,1
293,243,217,332,294,234,338,308,234,2011-12-01T00:00:00,12,My Loi,2011,0,1
221,184,142,234,184,136,279,211,140,2012-01-01T00:00:00,1,My Loi,2012,0,1
251,207,169,286,227,147,296,229,159,2012-02-01T00:00:00,2,My Loi,2012,0,1
224,187,133,235,166,126,252,167,125,2012-03-01T00:00:00,3,My Loi,2012,0,1
245,195,182,227,171,144,224,162,127,2012-04-01T00:00:00,4,My Loi,2012,0,1
171,181,165,188,158,154,213,167,168,2012-05-01T00:00:00,5,My Loi,2012,0,1
128,166,131,154,147,126,162,137,127,2012-06-01T00:00:00,6,My Loi,2012,0,1
139,114,144,148,135,124,182,167,128,2012-07-01T00:00:00,7,My Loi,2012,0,1
189,180,147,202,166,140,200,164,146,2012-08-01T00:00:00,8,My Loi,2012,0,1
188,151,174,204,148,166,188,143,172,2012-09-01T00:00:00,9,My Loi,2012,0,1
231,197,169,242,200,165,250,210,153,2012-10-01T00:00:00,10,My Loi,2012,0,1
209,173,109,217,154,105,224,155,110,2012-11-01T00:00:00,11,My Loi,2012,0,1
261,248,200,240,217,196,234,212,203,2012-12-01T00:00:00,12,My Loi,2012,0,1
322,277,202,305,261,188,316,245,174,2013-01-01T00:00:00,1,My Loi,2013,0,1
209,140,144,201,140,140,209,147,117,2013-02-01T00:00:00,2,My Loi,2013,0,1
270,210,174,246,187,145,246,161,135,2013-03-01T00:00:00,3,My Loi,2013,0,1
223,194,196,210,174,196,220,161,165,2013-04-01T00:00:00,4,My Loi,2013,0,1
234,265,189,254,266,189,261,242,161,2013-05-01T00:00:00,5,My Loi,2013,0,1
159,152,131,158,140,130,185,145,133,2013-06-01T00:00:00,6,My Loi,2013,0,1
136,149,154,155,155,169,189,175,190,2013-07-01T00:00:00,7,My Loi,2013,0,1
154,100,132,163,101,134,148,118,156,2013-08-01T00:00:00,8,My Loi,2013,0,1
274,236,191,272,216,147,263,210,146,2013-09-01T00:00:00,9,My Loi,2013,0,1
214,188,144,222,183,153,224,196,160,2013-10-01T00:00:00,10,My Loi,2013,0,1
231,184,167,228,190,169,276,203,141,2013-11-01T00:00:00,11,My Loi,2013,0,1
302,272,220,329,270,220,355,286,224,2013-12-01T00:00:00,12,My Loi,2013,0,1
275,275,222,290,273,215,300,275,208,2014-01-01T00:00:00,1,My Loi,2014,0,1
219,165,117,235,175,129,242,179,125,2014-02-01T00:00:00,2,My Loi,2014,0,1
256,186,130,235,171,117,226,153,111,2014-03-01T00:00:00,3,My Loi,2014,0,1
342,304,236,313,274,199,280,221,165,2014-04-01T00:00:00,4,My Loi,2014,0,1
234,208,170,233,215,180,256,205,171,2014-05-01T00:00:00,5,My Loi,2014,0,1
216,174,151,193,166,166,222,210,174,2014-06-01T00:00:00,6,My Loi,2014,0,1
198,188,157,205,203,166,161,188,163,2014-07-01T00:00:00,7,My Loi,2014,0,1
201,215,189,223,221,173,207,187,173,2014-08-01T00:00:00,8,My Loi,2014,0,1
180,160,136,191,159,132,210,195,153,2014-09-01T00:00:00,9,My Loi,2014,0,1
199,183,182,218,182,169,243,221,161,2014-10-01T00:00:00,10,My Loi,2014,0,1
265,209,168,298,245,188,280,243,189,2014-11-01T00:00:00,11,My Loi,2014,0,1
314,294,229,328,287,219,325,278,211,2014-12-01T00:00:00,12,My Loi,2014,0,1
294,236,198,311,244,197,331,260,220,2015-01-01T00:00:00,1,My Loi,2015,0,1
226,194,159,244,203,146,247,195,140,2015-02-01T00:00:00,2,My Loi,2015,0,1
216,139,106,213,132,105,213,128,104,2015-03-01T00:00:00,3,My Loi,2015,0,1
282,220,169,262,193,156,242,174,157,2015-04-01T00:00:00,4,My Loi,2015,0,1
277,215,180,258,189,177,222,164,169,2015-05-01T00:00:00,5,My Loi,2015,0,1
212,186,165,220,188,173,236,190,178,2015-06-01T00:00:00,6,My Loi,2015,0,1
187,162,154,178,147,158,182,163,170,2015-07-01T00:00:00,7,My Loi,2015,0,1
210,151,142,202,153,157,200,177,182,2015-08-01T00:00:00,8,My Loi,2015,1,1
181,177,178,193,187,194,193,216,227,2015-09-01T00:00:00,9,My Loi,2015,1,0
235,226,208,253,233,211,275,240,199,2015-10-01T00:00:00,10,My Loi,2015,1,0
235,185,173,229,194,177,213,205,165,2015-11-01T00:00:00,11,My Loi,2015,1,0
295,257,223,282,247,189,266,230,168,2015-12-01T00:00:00,12,My Loi,2015,1,0
265,220,177,280,218,151,297,204,141,2016-01-01T00:00:00,1,My Loi,2016,1,0
217,202,161,222,201,152,241,186,139,2016-02-01T00:00:00,2,My Loi,2016,1,0
246,205,158,255,192,142,261,178,130,2016-03-01T00:00:00,3,My Loi,2016,1,0
252,200,182,240,188,166,223,173,147,2016-04-01T00:00:00,4,My Loi,2016,1,0
285,242,198,291,240,203,293,232,201,2016-05-01T00:00:00,5,My Loi,2016,1,0
258,190,209,278,196,199,297,235,211,2016-06-01T00:00:00,6,My Loi,2016,1,0
235,209,218,239,210,209,237,203,204,2016-07-01T00:00:00,7,My Loi,2016,1,0
192,165,188,175,166,194,212,197,204,2016-08-01T00:00:00,8,My Loi,2016,1,0
242,232,214,248,232,207,277,230,208,2016-09-01T00:00:00,9,My Loi,2016,1,0
190,176,163,195,187,163,262,219,195,2016-10-01T00:00:00,10,My Loi,2016,1,0
304,255,208,306,262,196,296,240,178,2016-11-01T00:00:00,11,My Loi,2016,1,0
257,222,176,279,196,140,296,209,147,2016-12-01T00:00:00,12,My Loi,2016,1,0
235,198,160,238,205,154,241,211,155,2017-01-01T00:00:00,1,My Loi,2017,1,0
295,269,222,306,244,191,323,243,189,2017-02-01T00:00:00,2,My Loi,2017,1,0
285,205,158,278,189,142,281,185,149,2017-03-01T00:00:00,3,My Loi,2017,1,0
246,208,156,244,184,133,236,171,128,2017-04-01T00:00:00,4,My Loi,2017,1,0
185,157,169,197,162,169,271,197,144,2017-05-01T00:00:00,5,My Loi,2017,1,0
209,195,161,210,181,153,214,189,162,2017-06-01T00:00:00,6,My Loi,2017,1,0
173,188,149,179,164,135,180,131,131,2017-07-01T00:00:00,7,My Loi,2017,1,0
253,199,209,234,205,210,244,221,208,2017-08-01T00:00:00,8,My Loi,2017,1,0
239,212,201,219,196,183,246,225,191,2017-09-01T00:00:00,9,My Loi,2017,1,0
228,227,234,262,255,247,301,309,252,2017-10-01T00:00:00,10,My Loi,2017,1,0
262,228,214,276,256,213,292,263,204,2017-11-01T00:00:00,11,My Loi,2017,1,0
276,242,164,260,214,151,272,202,155,2017-12-01T00:00:00,12,My Loi,2017,1,0
421,337,256,496,408,288,503,403,276,2018-01-01T00:00:00,1,My Loi,2018,1,0
307,253,180,316,243,168,293,247,196,2018-02-01T00:00:00,2,My Loi,2018,1,0
278,233,182,280,226,183,301,213,171,2018-03-01T00:00:00,3,My Loi,2018,1,0
260,212,152,251,202,150,232,183,136,2018-04-01T00:00:00,4,My Loi,2018,1,0
267,219,152,276,226,153,315,217,144,2018-05-01T00:00:00,5,My Loi,2018,1,0
201,190,190,195,190,199,223,165,164,2018-06-01T00:00:00,6,My Loi,2018,1,0
149,199,176,165,197,174,170,158,182,2018-07-01T00:00:00,7,My Loi,2018,1,0
147,97,84,179,132,89,181,157,141,2018-08-01T00:00:00,8,My Loi,2018,1,0
240,226,189,250,225,189,240,200,176,2018-09-01T00:00:00,9,My Loi,2018,1,0
204,173,184,203,155,181,252,177,170,2018-10-01T00:00:00,10,My Loi,2018,1,0
206,188,157,236,192,147,238,187,131,2018-11-01T00:00:00,11,My Loi,2018,1,0
296,259,243,312,248,216,311,240,221,2018-12-01T00:00:00,12,My Loi,2018,1,0
256,222,167,263,202,130,255,186,122,2019-01-01T00:00:00,1,My Loi,2019,1,0
225,175,128,216,161,121,182,139,114,2019-02-01T00:00:00,2,My Loi,2019,1,0
244,210,174,236,192,163,211,159,145,2019-03-01T00:00:00,3,My Loi,2019,1,0
201,164,147,200,150,130,185,153,138,2019-04-01T00:00:00,4,My Loi,2019,1,0
216,183,127,214,168,107,206,172,118,2019-05-01T00:00:00,5,My Loi,2019,1,0
123,133,165,118,115,163,156,103,133,2019-06-01T00:00:00,6,My Loi,2019,1,0
92,71,84,106,81,88,178,129,139,2019-07-01T00:00:00,7,My Loi,2019,1,0
132,111,116,156,134,116,178,169,147,2019-08-01T00:00:00,8,My Loi,2019,1,0
195,160,138,237,189,159,200,177,159,2019-09-01T00:00:00,9,My Loi,2019,1,0
287,266,199,298,274,209,290,254,190,2019-10-01T00:00:00,10,My Loi,2019,1,0
382,307,236,388,294,211,393,285,193,2019-11-01T00:00:00,11,My Loi,2019,1,0
329,253,196,388,280,211,390,276,219,2019-12-01T00:00:00,12,My Loi,2019,1,0
158,159,159,161,173,162,171,170,156,2007-01-01T00:00:00,1,My Thuan,2007,1,0
159,143,136,164,145,128,159,139,125,2007-02-01T00:00:00,2,My Thuan,2007,1,0
188,167,174,196,157,156,190,140,143,2007-03-01T00:00:00,3,My Thuan,2007,1,0
203,171,173,183,163,162,209,173,154,2007-04-01T00:00:00,4,My Thuan,2007,1,0
118,120,99,125,115,124,136,140,154,2007-05-01T00:00:00,5,My Thuan,2007,1,0
178,189,172,190,207,149,213,194,122,2007-06-01T00:00:00,6,My Thuan,2007,1,0
157,119,120,158,134,127,161,152,121,2007-07-01T00:00:00,7,My Thuan,2007,1,0
126,120,107,121,121,123,131,115,115,2007-08-01T00:00:00,8,My Thuan,2007,1,0
153,196,171,168,155,142,147,140,150,2007-09-01T00:00:00,9,My Thuan,2007,1,0
106,129,145,115,129,149,119,118,128,2007-10-01T00:00:00,10,My Thuan,2007,1,0
147,147,129,151,163,134,148,166,137,2007-11-01T00:00:00,11,My Thuan,2007,1,0
153,179,202,170,186,198,184,190,194,2007-12-01T00:00:00,12,My Thuan,2007,1,0
157,146,193,163,141,175,181,159,173,2008-01-01T00:00:00,1,My Thuan,2008,1,0
175,171,171,151,150,170,145,155,170,2008-02-01T00:00:00,2,My Thuan,2008,1,0
191,202,217,173,180,188,173,162,180,2008-03-01T00:00:00,3,My Thuan,2008,1,0
157,154,161,158,141,161,165,129,149,2008-04-01T00:00:00,4,My Thuan,2008,1,0
132,131,142,135,123,137,132,118,152,2008-05-01T00:00:00,5,My Thuan,2008,1,0
129,155,127,127,163,110,127,160,110,2008-06-01T00:00:00,6,My Thuan,2008,1,0
145,133,114,121,123,125,121,116,109,2008-07-01T00:00:00,7,My Thuan,2008,1,0
122,122,118,117,121,128,115,154,139,2008-08-01T00:00:00,8,My Thuan,2008,1,0
125,111,135,122,136,145,121,159,125,2008-09-01T00:00:00,9,My Thuan,2008,1,0
133,132,124,121,128,129,132,150,160,2008-10-01T00:00:00,10,My Thuan,2008,1,0
124,120,130,130,133,137,138,127,106,2008-11-01T00:00:00,11,My Thuan,2008,1,0
102,135,147,120,140,144,121,144,159,2008-12-01T00:00:00,12,My Thuan,2008,1,0
138,138,126,146,132,126,147,139,133,2009-01-01T00:00:00,1,My Thuan,2009,1,0
175,148,168,174,144,184,153,133,182,2009-02-01T00:00:00,2,My Thuan,2009,1,0
184,198,196,193,195,159,195,170,123,2009-03-01T00:00:00,3,My Thuan,2009,1,0
195,183,162,183,170,153,212,174,156,2009-04-01T00:00:00,4,My Thuan,2009,1,0
169,184,152,153,179,162,166,180,171,2009-05-01T00:00:00,5,My Thuan,2009,1,0
133,110,87,143,144,119,158,141,128,2009-06-01T00:00:00,6,My Thuan,2009,1,0
108,115,118,114,114,104,98,87,113,2009-07-01T00:00:00,7,My Thuan,2009,1,0
134,125,106,139,107,102,133,115,92,2009-08-01T00:00:00,8,My Thuan,2009,1,0
170,148,139,152,161,177,130,174,186,2009-09-01T00:00:00,9,My Thuan,2009,1,0
150,136,201,142,144,153,140,146,157,2009-10-01T00:00:00,10,My Thuan,2009,1,0
131,139,145,110,132,121,115,132,131,2009-11-01T00:00:00,11,My Thuan,2009,1,0
144,164,208,145,195,200,176,210,199,2009-12-01T00:00:00,12,My Thuan,2009,1,0
125,145,151,128,139,151,137,149,144,2010-01-01T00:00:00,1,My Thuan,2010,1,0
138,136,142,116,113,123,106,107,122,2010-02-01T00:00:00,2,My Thuan,2010,1,0
236,216,207,232,185,185,217,173,182,2010-03-01T00:00:00,3,My Thuan,2010,1,0
163,181,189,161,152,164,157,149,159,2010-04-01T00:00:00,4,My Thuan,2010,1,0
158,165,183,166,154,169,171,160,163,2010-05-01T00:00:00,5,My Thuan,2010,1,0
160,140,134,181,172,130,187,160,150,2010-06-01T00:00:00,6,My Thuan,2010,1,0
131,176,144,129,194,156,147,202,164,2010-07-01T00:00:00,7,My Thuan,2010,1,0
124,97,68,149,118,80,146,114,90,2010-08-01T00:00:00,8,My Thuan,2010,1,0
146,144,126,195,229,186,210,237,178,2010-09-01T00:00:00,9,My Thuan,2010,1,0
121,125,146,140,103,127,139,101,136,2010-10-01T00:00:00,10,My Thuan,2010,1,0
104,108,127,148,140,141,174,144,143,2010-11-01T00:00:00,11,My Thuan,2010,1,0
154,137,149,153,148,142,147,136,142,2010-12-01T00:00:00,12,My Thuan,2010,1,0
165,144,169,180,156,170,181,173,165,2011-01-01T00:00:00,1,My Thuan,2011,1,0
196,180,175,205,185,158,185,180,147,2011-02-01T00:00:00,2,My Thuan,2011,1,0
202,184,197,188,162,159,196,162,159,2011-03-01T00:00:00,3,My Thuan,2011,1,0
197,144,160,187,169,180,205,185,188,2011-04-01T00:00:00,4,My Thuan,2011,1,0
196,185,162,215,178,164,193,159,144,2011-05-01T00:00:00,5,My Thuan,2011,1,0
121,84,115,132,100,134,150,131,131,2011-06-01T00:00:00,6,My Thuan,2011,1,0
150,102,97,134,97,103,134,113,119,2011-07-01T00:00:00,7,My Thuan,2011,1,0
138,150,118,146,179,137,147,187,135,2011-08-01T00:00:00,8,My Thuan,2011,1,0
152,134,135,193,131,146,167,127,133,2011-09-01T00:00:00,9,My Thuan,2011,1,0
118,140,133,135,156,156,172,158,147,2011-10-01T00:00:00,10,My Thuan,2011,1,0
144,140,138,172,157,156,171,148,147,2011-11-01T00:00:00,11,My Thuan,2011,1,0
134,144,189,137,160,192,164,177,184,2011-12-01T00:00:00,12,My Thuan,2011,1,0
162,182,188,171,176,190,179,159,170,2012-01-01T00:00:00,1,My Thuan,2012,1,0
224,211,196,218,187,177,214,184,168,2012-02-01T00:00:00,2,My Thuan,2012,1,0
268,221,202,268,213,186,253,206,178,2012-03-01T00:00:00,3,My Thuan,2012,1,0
189,177,168,184,182,172,185,172,163,2012-04-01T00:00:00,4,My Thuan,2012,1,0
170,179,165,196,198,167,193,202,166,2012-05-01T00:00:00,5,My Thuan,2012,1,0
130,110,157,138,129,163,149,139,170,2012-06-01T00:00:00,6,My Thuan,2012,1,0
141,159,134,146,167,156,155,166,154,2012-07-01T00:00:00,7,My Thuan,2012,1,0
141,146,121,152,158,135,149,159,140,2012-08-01T00:00:00,8,My Thuan,2012,1,0
161,138,141,170,116,133,160,125,123,2012-09-01T00:00:00,9,My Thuan,2012,1,0
147,139,171,158,162,166,166,179,161,2012-10-01T00:00:00,10,My Thuan,2012,1,0
149,158,164,152,176,151,156,175,128,2012-11-01T00:00:00,11,My Thuan,2012,1,0
156,184,160,189,186,183,210,205,212,2012-12-01T00:00:00,12,My Thuan,2012,1,0
230,204,190,225,199,209,233,220,212,2013-01-01T00:00:00,1,My Thuan,2013,1,0
220,198,192,218,198,186,226,188,174,2013-02-01T00:00:00,2,My Thuan,2013,1,0
176,189,204,195,209,221,215,218,208,2013-03-01T00:00:00,3,My Thuan,2013,1,0
212,198,175,196,183,176,185,172,176,2013-04-01T00:00:00,4,My Thuan,2013,1,0
180,155,143,206,198,184,218,207,194,2013-05-01T00:00:00,5,My Thuan,2013,1,0
130,140,175,160,162,201,164,169,202,2013-06-01T00:00:00,6,My Thuan,2013,1,0
139,147,119,131,157,125,131,172,123,2013-07-01T00:00:00,7,My Thuan,2013,1,0
116,109,117,104,120,118,124,138,127,2013-08-01T00:00:00,8,My Thuan,2013,1,0
174,146,153,192,154,172,187,157,160,2013-09-01T00:00:00,9,My Thuan,2013,1,0
123,137,128,133,136,140,139,141,141,2013-10-01T00:00:00,10,My Thuan,2013,1,0
128,161,137,135,170,157,151,159,152,2013-11-01T00:00:00,11,My Thuan,2013,1,0
169,177,154,179,172,165,182,170,171,2013-12-01T00:00:00,12,My Thuan,2013,1,0
235,245,204,223,232,207,220,229,204,2014-01-01T00:00:00,1,My Thuan,2014,1,0
186,174,172,176,199,171,176,189,167,2014-02-01T00:00:00,2,My Thuan,2014,1,0
224,212,188,219,191,169,209,174,161,2014-03-01T00:00:00,3,My Thuan,2014,1,0
233,237,213,227,214,193,230,211,188,2014-04-01T00:00:00,4,My Thuan,2014,1,0
230,194,170,235,195,168,204,177,166,2014-05-01T00:00:00,5,My Thuan,2014,1,0
174,162,155,172,163,161,169,159,167,2014-06-01T00:00:00,6,My Thuan,2014,1,0
136,154,150,150,168,185,131,169,197,2014-07-01T00:00:00,7,My Thuan,2014,1,0
151,140,121,128,136,122,119,144,130,2014-08-01T00:00:00,8,My Thuan,2014,1,0
112,113,112,125,139,148,110,140,167,2014-09-01T00:00:00,9,My Thuan,2014,1,0
176,177,180,181,182,181,181,178,180,2014-10-01T00:00:00,10,My Thuan,2014,1,0
133,149,141,135,170,164,152,176,170,2014-11-01T00:00:00,11,My Thuan,2014,1,0
128,147,159,164,162,183,177,172,192,2014-12-01T00:00:00,12,My Thuan,2014,1,0
245,206,171,226,197,172,232,191,180,2015-01-01T00:00:00,1,My Thuan,2015,1,0
171,145,132,171,145,129,164,140,128,2015-02-01T00:00:00,2,My Thuan,2015,1,0
186,196,192,202,184,169,191,171,141,2015-03-01T00:00:00,3,My Thuan,2015,1,0
198,200,201,204,195,186,189,183,167,2015-04-01T00:00:00,4,My Thuan,2015,1,0
239,197,137,234,196,141,223,197,137,2015-05-01T00:00:00,5,My Thuan,2015,1,0
203,206,209,241,208,196,238,207,196,2015-06-01T00:00:00,6,My Thuan,2015,1,0
137,144,98,127,120,118,129,122,124,2015-07-01T00:00:00,7,My Thuan,2015,1,0
174,161,142,180,172,152,174,184,155,2015-08-01T00:00:00,8,My Thuan,2015,1,0
174,148,148,205,177,145,198,175,144,2015-09-01T00:00:00,9,My Thuan,2015,1,0
170,170,185,194,175,198,193,190,209,2015-10-01T00:00:00,10,My Thuan,2015,1,0
186,211,182,204,210,206,205,224,204,2015-11-01T00:00:00,11,My Thuan,2015,1,0
142,134,162,174,169,174,181,181,182,2015-12-01T00:00:00,12,My Thuan,2015,1,0
240,178,162,220,175,156,219,175,148,2016-01-01T00:00:00,1,My Thuan,2016,1,0
176,181,178,174,173,159,157,167,144,2016-02-01T00:00:00,2,My Thuan,2016,1,0
174,182,187,180,186,176,189,179,172,2016-03-01T00:00:00,3,My Thuan,2016,1,0
187,182,174,197,188,178,193,186,177,2016-04-01T00:00:00,4,My Thuan,2016,1,0
297,267,214,243,227,187,216,210,164,2016-05-01T00:00:00,5,My Thuan,2016,1,0
229,220,245,283,269,208,282,265,191,2016-06-01T00:00:00,6,My Thuan,2016,1,0
136,163,110,136,164,134,142,168,153,2016-07-01T00:00:00,7,My Thuan,2016,1,0
162,120,106,190,152,117,203,161,143,2016-08-01T00:00:00,8,My Thuan,2016,1,0
189,219,207,226,224,196,222,207,169,2016-09-01T00:00:00,9,My Thuan,2016,1,0
92,94,105,108,139,132,120,150,152,2016-10-01T00:00:00,10,My Thuan,2016,1,0
163,194,171,160,198,194,177,212,201,2016-11-01T00:00:00,11,My Thuan,2016,1,0
140,134,156,148,161,161,162,172,158,2016-12-01T00:00:00,12,My Thuan,2016,1,0
224,159,178,203,182,201,196,193,214,2017-01-01T00:00:00,1,My Thuan,2017,1,0
237,226,234,249,247,221,252,245,223,2017-02-01T00:00:00,2,My Thuan,2017,1,0
202,216,234,177,206,233,171,204,211,2017-03-01T00:00:00,3,My Thuan,2017,1,0
195,163,126,192,197,155,175,200,161,2017-04-01T00:00:00,4,My Thuan,2017,1,0
140,80,51,188,114,68,174,109,161,2017-05-01T00:00:00,5,My Thuan,2017,1,0
189,164,162,203,172,168,210,185,183,2017-06-01T00:00:00,6,My Thuan,2017,1,0
136,132,102,147,126,96,161,124,108,2017-07-01T00:00:00,7,My Thuan,2017,1,0
216,181,121,205,153,118,190,168,155,2017-08-01T00:00:00,8,My Thuan,2017,1,0
183,168,165,205,196,166,208,211,169,2017-09-01T00:00:00,9,My Thuan,2017,1,0
169,193,173,155,205,202,160,196,198,2017-10-01T00:00:00,10,My Thuan,2017,1,0
171,154,180,191,202,186,196,218,188,2017-11-01T00:00:00,11,My Thuan,2017,1,0
147,145,133,173,186,176,183,192,180,2017-12-01T00:00:00,12,My Thuan,2017,1,0
230,224,220,229,223,219,239,223,220,2018-01-01T00:00:00,1,My Thuan,2018,1,0
183,178,158,178,188,165,183,187,177,2018-02-01T00:00:00,2,My Thuan,2018,1,0
262,232,174,287,226,165,300,219,161,2018-03-01T00:00:00,3,My Thuan,2018,1,0
219,213,198,195,199,187,175,174,165,2018-04-01T00:00:00,4,My Thuan,2018,1,0
212,220,174,228,202,164,232,179,184,2018-05-01T00:00:00,5,My Thuan,2018,1,0
123,131,148,143,145,140,159,179,158,2018-06-01T00:00:00,6,My Thuan,2018,1,0
150,125,136,180,156,140,195,174,158,2018-07-01T00:00:00,7,My Thuan,2018,1,0
54,75,20,45,38,10,26,10,70,2018-08-01T00:00:00,8,My Thuan,2018,1,0
108,101,99,130,83,83,108,82,78,2018-09-01T00:00:00,9,My Thuan,2018,1,0
160,177,180,184,161,198,217,187,232,2018-10-01T00:00:00,10,My Thuan,2018,1,0
119,151,120,131,152,120,131,152,115,2018-11-01T00:00:00,11,My Thuan,2018,1,0
247,255,247,243,244,226,244,247,221,2018-12-01T00:00:00,12,My Thuan,2018,1,0
193,159,151,187,141,103,185,141,102,2019-01-01T00:00:00,1,My Thuan,2019,1,0
249,207,201,262,177,187,272,178,177,2019-02-01T00:00:00,2,My Thuan,2019,1,0
166,186,194,197,204,196,199,209,203,2019-03-01T00:00:00,3,My Thuan,2019,1,0
115,126,113,122,115,93,131,121,93,2019-04-01T00:00:00,4,My Thuan,2019,1,0
129,138,105,114,108,100,118,128,167,2019-05-01T00:00:00,5,My Thuan,2019,1,0
199,153,118,178,139,114,174,159,147,2019-06-01T00:00:00,6,My Thuan,2019,1,0
119,108,91,93,85,88,94,100,102,2019-07-01T00:00:00,7,My Thuan,2019,1,0
86,114,100,96,123,91,107,138,84,2019-08-01T00:00:00,8,My Thuan,2019,1,0
117,150,132,124,152,112,122,163,84,2019-09-01T00:00:00,9,My Thuan,2019,1,0
167,161,142,202,173,132,201,182,137,2019-10-01T00:00:00,10,My Thuan,2019,1,0
181,218,213,174,211,197,177,206,194,2019-11-01T00:00:00,11,My Thuan,2019,1,0
204,174,179,209,172,180,215,170,183,2019-12-01T00:00:00,12,My Thuan,2019,1,0
185,174,158,213,178,146,232,178,134,2007-01-01T00:00:00,1,Rach Mieu,2007,0,0
150,130,131,149,119,133,152,107,121,2007-02-01T00:00:00,2,Rach Mieu,2007,0,0
170,138,129,169,147,110,198,142,85,2007-03-01T00:00:00,3,Rach Mieu,2007,0,0
207,156,135,213,162,119,213,164,109,2007-04-01T00:00:00,4,Rach Mieu,2007,0,0
149,160,153,171,179,121,182,164,131,2007-05-01T00:00:00,5,Rach Mieu,2007,0,0
217,169,136,236,166,146,237,173,164,2007-06-01T00:00:00,6,Rach Mieu,2007,0,0
158,171,134,170,158,141,163,122,140,2007-07-01T00:00:00,7,Rach Mieu,2007,0,0
136,111,107,133,132,102,141,136,123,2007-08-01T00:00:00,8,Rach Mieu,2007,0,0
133,141,166,125,150,179,138,152,149,2007-09-01T00:00:00,9,Rach Mieu,2007,0,0
129,132,106,142,137,111,141,149,121,2007-10-01T00:00:00,10,Rach Mieu,2007,0,0
134,170,167,137,162,171,141,168,173,2007-11-01T00:00:00,11,Rach Mieu,2007,0,0
222,208,185,244,211,172,255,204,149,2007-12-01T00:00:00,12,Rach Mieu,2007,0,0
199,180,183,224,201,184,235,210,180,2008-01-01T00:00:00,1,Rach Mieu,2008,0,0
160,160,161,170,153,158,182,150,152,2008-02-01T00:00:00,2,Rach Mieu,2008,0,0
177,156,164,178,149,139,188,145,128,2008-03-01T00:00:00,3,Rach Mieu,2008,0,0
201,140,140,234,151,137,230,152,128,2008-04-01T00:00:00,4,Rach Mieu,2008,0,0
145,128,150,154,139,150,150,146,153,2008-05-01T00:00:00,5,Rach Mieu,2008,0,0
142,146,131,145,156,161,130,158,157,2008-06-01T00:00:00,6,Rach Mieu,2008,0,0
125,122,103,122,119,118,126,122,120,2008-07-01T00:00:00,7,Rach Mieu,2008,0,0
119,139,123,108,128,120,93,125,120,2008-08-01T00:00:00,8,Rach Mieu,2008,0,0
132,140,113,155,140,102,131,122,103,2008-09-01T00:00:00,9,Rach Mieu,2008,0,0
152,183,160,190,159,143,200,150,128,2008-10-01T00:00:00,10,Rach Mieu,2008,0,0
135,128,109,139,154,95,156,159,87,2008-11-01T00:00:00,11,Rach Mieu,2008,0,0
164,150,160,211,180,161,207,167,160,2008-12-01T00:00:00,12,Rach Mieu,2008,0,0
140,139,140,141,150,159,146,176,164,2009-01-01T00:00:00,1,Rach Mieu,2009,1,0
142,158,162,144,159,147,180,145,128,2009-02-01T00:00:00,2,Rach Mieu,2009,1,0
189,144,102,177,122,95,151,109,90,2009-03-01T00:00:00,3,Rach Mieu,2009,1,0
198,184,159,189,167,143,178,163,154,2009-04-01T00:00:00,4,Rach Mieu,2009,1,0
182,142,135,206,143,123,214,163,136,2009-05-01T00:00:00,5,Rach Mieu,2009,1,0
172,127,137,171,140,144,178,149,136,2009-06-01T00:00:00,6,Rach Mieu,2009,1,0
82,95,149,118,146,147,149,158,143,2009-07-01T00:00:00,7,Rach Mieu,2009,1,0
137,132,92,150,146,98,170,157,105,2009-08-01T00:00:00,8,Rach Mieu,2009,1,0
168,184,192,182,199,197,190,181,167,2009-09-01T00:00:00,9,Rach Mieu,2009,1,0
130,140,154,107,127,136,157,124,128,2009-10-01T00:00:00,10,Rach Mieu,2009,1,0
130,132,148,165,144,147,190,153,146,2009-11-01T00:00:00,11,Rach Mieu,2009,1,0
215,220,188,249,220,178,272,230,187,2009-12-01T00:00:00,12,Rach Mieu,2009,1,0
166,151,137,185,149,133,187,149,135,2010-01-01T00:00:00,1,Rach Mieu,2010,1,0
115,105,92,119,103,74,113,101,85,2010-02-01T00:00:00,2,Rach Mieu,2010,1,0
204,178,153,218,180,148,205,160,141,2010-03-01T00:00:00,3,Rach Mieu,2010,1,0
189,153,149,232,173,150,218,164,142,2010-04-01T00:00:00,4,Rach Mieu,2010,1,0
187,155,156,195,156,135,205,164,142,2010-05-01T00:00:00,5,Rach Mieu,2010,1,0
167,148,135,163,168,151,161,192,194,2010-06-01T00:00:00,6,Rach Mieu,2010,1,0
184,210,149,210,209,148,205,184,156,2010-07-01T00:00:00,7,Rach Mieu,2010,1,0
133,107,106,117,120,164,115,164,168,2010-08-01T00:00:00,8,Rach Mieu,2010,1,0
236,232,167,222,213,172,210,220,173,2010-09-01T00:00:00,9,Rach Mieu,2010,1,0
157,117,163,168,144,176,194,172,187,2010-10-01T00:00:00,10,Rach Mieu,2010,1,0
166,143,143,163,152,166,165,174,161,2010-11-01T00:00:00,11,Rach Mieu,2010,1,0
155,136,146,164,145,165,176,154,181,2010-12-01T00:00:00,12,Rach Mieu,2010,1,0
211,207,172,224,220,183,236,208,203,2011-01-01T00:00:00,1,Rach Mieu,2011,1,0
162,170,136,177,159,129,205,172,116,2011-02-01T00:00:00,2,Rach Mieu,2011,1,0
169,166,171,180,160,140,199,165,144,2011-03-01T00:00:00,3,Rach Mieu,2011,1,0
249,213,195,257,208,179,267,225,174,2011-04-01T00:00:00,4,Rach Mieu,2011,1,0
172,152,140,160,155,147,171,156,179,2011-05-01T00:00:00,5,Rach Mieu,2011,1,0
162,147,140,160,139,144,165,137,147,2011-06-01T00:00:00,6,Rach Mieu,2011,1,0
112,128,149,101,153,139,102,156,144,2011-07-01T00:00:00,7,Rach Mieu,2011,1,0
174,180,151,193,170,156,203,162,166,2011-08-01T00:00:00,8,Rach Mieu,2011,1,0
154,123,134,174,163,147,208,180,129,2011-09-01T00:00:00,9,Rach Mieu,2011,1,0
170,163,146,150,162,135,152,161,134,2011-10-01T00:00:00,10,Rach Mieu,2011,1,0
194,147,146,188,138,146,212,173,151,2011-11-01T00:00:00,11,Rach Mieu,2011,1,0
169,160,169,191,157,168,230,193,195,2011-12-01T00:00:00,12,Rach Mieu,2011,1,0
198,156,149,199,174,158,178,145,152,2012-01-01T00:00:00,1,Rach Mieu,2012,1,0
201,161,174,185,155,171,196,162,162,2012-02-01T00:00:00,2,Rach Mieu,2012,1,0
237,195,153,236,175,119,208,139,109,2012-03-01T00:00:00,3,Rach Mieu,2012,1,0
188,162,135,195,163,126,201,189,144,2012-04-01T00:00:00,4,Rach Mieu,2012,1,0
173,200,155,184,180,154,186,183,168,2012-05-01T00:00:00,5,Rach Mieu,2012,1,0
170,162,180,175,180,168,182,157,141,2012-06-01T00:00:00,6,Rach Mieu,2012,1,0
167,160,151,145,145,151,136,149,153,2012-07-01T00:00:00,7,Rach Mieu,2012,1,0
159,152,137,163,162,138,187,162,132,2012-08-01T00:00:00,8,Rach Mieu,2012,1,0
132,140,120,134,150,136,155,162,148,2012-09-01T00:00:00,9,Rach Mieu,2012,1,0
177,194,153,181,184,160,193,162,135,2012-10-01T00:00:00,10,Rach Mieu,2012,1,0
171,167,122,166,141,96,174,122,79,2012-11-01T00:00:00,11,Rach Mieu,2012,1,0
227,224,223,241,232,217,249,216,186,2012-12-01T00:00:00,12,Rach Mieu,2012,1,0
260,233,205,270,222,199,270,206,185,2013-01-01T00:00:00,1,Rach Mieu,2013,1,0
206,157,154,174,134,146,145,137,147,2013-02-01T00:00:00,2,Rach Mieu,2013,1,0
240,220,206,240,197,200,221,183,178,2013-03-01T00:00:00,3,Rach Mieu,2013,1,0
187,174,167,209,175,176,211,184,175,2013-04-01T00:00:00,4,Rach Mieu,2013,1,0
241,222,203,229,202,181,243,200,149,2013-05-01T00:00:00,5,Rach Mieu,2013,1,0
169,162,165,154,155,146,151,149,130,2013-06-01T00:00:00,6,Rach Mieu,2013,1,0
133,154,127,134,137,128,146,143,147,2013-07-01T00:00:00,7,Rach Mieu,2013,1,0
122,147,142,119,149,157,116,131,150,2013-08-01T00:00:00,8,Rach Mieu,2013,1,0
174,154,143,179,143,145,204,160,158,2013-09-01T00:00:00,9,Rach Mieu,2013,1,0
154,138,142,161,148,142,176,138,135,2013-10-01T00:00:00,10,Rach Mieu,2013,1,0
164,167,142,182,168,136,186,157,141,2013-11-01T00:00:00,11,Rach Mieu,2013,1,0
208,200,185,246,225,177,293,234,173,2013-12-01T00:00:00,12,Rach Mieu,2013,1,0
212,214,197,232,215,188,260,231,192,2014-01-01T00:00:00,1,Rach Mieu,2014,1,0
155,158,152,159,156,143,168,138,113,2014-02-01T00:00:00,2,Rach Mieu,2014,1,0
204,160,134,198,153,108,197,146,104,2014-03-01T00:00:00,3,Rach Mieu,2014,1,0
259,218,192,280,237,210,309,240,194,2014-04-01T00:00:00,4,Rach Mieu,2014,1,0
236,209,180,248,212,186,222,183,169,2014-05-01T00:00:00,5,Rach Mieu,2014,1,0
179,181,208,183,197,180,182,177,142,2014-06-01T00:00:00,6,Rach Mieu,2014,1,0
135,152,165,130,133,146,175,139,143,2014-07-01T00:00:00,7,Rach Mieu,2014,1,0
172,171,167,191,179,174,198,177,146,2014-08-01T00:00:00,8,Rach Mieu,2014,1,0
130,159,175,160,152,155,157,144,147,2014-09-01T00:00:00,9,Rach Mieu,2014,1,0
170,160,155,166,148,156,170,173,161,2014-10-01T00:00:00,10,Rach Mieu,2014,1,0
173,171,159,192,174,160,211,182,170,2014-11-01T00:00:00,11,Rach Mieu,2014,1,0
204,209,208,228,225,209,285,248,191,2014-12-01T00:00:00,12,Rach Mieu,2014,1,0
238,197,181,222,204,189,220,202,191,2015-01-01T00:00:00,1,Rach Mieu,2015,1,0
167,118,135,159,118,135,168,136,130,2015-02-01T00:00:00,2,Rach Mieu,2015,1,0
177,154,125,171,133,107,158,124,105,2015-03-01T00:00:00,3,Rach Mieu,2015,1,0
197,178,149,211,171,146,227,171,138,2015-04-01T00:00:00,4,Rach Mieu,2015,1,0
208,188,144,217,188,142,240,192,142,2015-05-01T00:00:00,5,Rach Mieu,2015,1,0
196,169,179,190,171,187,198,168,183,2015-06-01T00:00:00,6,Rach Mieu,2015,1,0
159,146,124,179,156,123,170,160,117,2015-07-01T00:00:00,7,Rach Mieu,2015,1,0
156,177,159,157,169,165,161,164,165,2015-08-01T00:00:00,8,Rach Mieu,2015,1,0
204,178,153,200,176,152,188,171,163,2015-09-01T00:00:00,9,Rach Mieu,2015,1,0
180,206,211,192,204,197,221,199,182,2015-10-01T00:00:00,10,Rach Mieu,2015,1,0
201,238,192,204,191,179,196,178,165,2015-11-01T00:00:00,11,Rach Mieu,2015,1,0
189,189,179,206,214,176,250,233,168,2015-12-01T00:00:00,12,Rach Mieu,2015,1,0
217,175,132,225,172,116,218,182,124,2016-01-01T00:00:00,1,Rach Mieu,2016,1,0
158,163,132,188,168,131,205,166,124,2016-02-01T00:00:00,2,Rach Mieu,2016,1,0
209,167,158,213,169,149,208,164,142,2016-03-01T00:00:00,3,Rach Mieu,2016,1,0
207,178,159,211,182,165,211,178,159,2016-04-01T00:00:00,4,Rach Mieu,2016,1,0
228,205,170,226,194,201,241,206,199,2016-05-01T00:00:00,5,Rach Mieu,2016,1,0
265,233,169,247,221,188,205,222,177,2016-06-01T00:00:00,6,Rach Mieu,2016,1,0
141,168,152,161,196,161,177,208,173,2016-07-01T00:00:00,7,Rach Mieu,2016,1,0
176,144,111,150,145,135,162,181,166,2016-08-01T00:00:00,8,Rach Mieu,2016,1,0
196,196,155,200,210,186,232,231,188,2016-09-01T00:00:00,9,Rach Mieu,2016,1,0
165,179,152,196,195,163,202,177,130,2016-10-01T00:00:00,10,Rach Mieu,2016,1,0
192,226,192,205,233,165,251,231,161,2016-11-01T00:00:00,11,Rach Mieu,2016,1,0
168,180,149,208,216,162,217,188,171,2016-12-01T00:00:00,12,Rach Mieu,2016,1,0
200,196,192,179,184,172,187,171,173,2017-01-01T00:00:00,1,Rach Mieu,2017,1,0
269,253,214,263,242,195,272,241,185,2017-02-01T00:00:00,2,Rach Mieu,2017,1,0
191,204,205,180,181,193,192,175,168,2017-03-01T00:00:00,3,Rach Mieu,2017,1,0
199,183,148,204,162,112,218,148,94,2017-04-01T00:00:00,4,Rach Mieu,2017,1,0
147,100,171,139,109,186,134,139,154,2017-05-01T00:00:00,5,Rach Mieu,2017,1,0
197,188,169,194,177,149,211,177,167,2017-06-01T00:00:00,6,Rach Mieu,2017,1,0
193,112,119,197,127,116,183,152,119,2017-07-01T00:00:00,7,Rach Mieu,2017,1,0
183,175,157,182,166,164,179,179,174,2017-08-01T00:00:00,8,Rach Mieu,2017,1,0
221,219,161,219,218,153,223,212,167,2017-09-01T00:00:00,9,Rach Mieu,2017,1,0
189,195,170,208,215,158,217,220,165,2017-10-01T00:00:00,10,Rach Mieu,2017,1,0
199,214,184,194,202,185,217,202,179,2017-11-01T00:00:00,11,Rach Mieu,2017,1,0
225,187,172,220,198,188,265,188,140,2017-12-01T00:00:00,12,Rach Mieu,2017,1,0
281,225,221,281,219,215,322,251,221,2018-01-01T00:00:00,1,Rach Mieu,2018,1,0
196,193,181,207,197,169,241,206,160,2018-02-01T00:00:00,2,Rach Mieu,2018,1,0
279,199,144,275,188,135,239,184,132,2018-03-01T00:00:00,3,Rach Mieu,2018,1,0
186,162,154,198,160,140,199,152,127,2018-04-01T00:00:00,4,Rach Mieu,2018,1,0
208,163,168,195,152,135,180,135,115,2018-05-01T00:00:00,5,Rach Mieu,2018,1,0
136,166,156,144,155,177,144,172,197,2018-06-01T00:00:00,6,Rach Mieu,2018,1,0
188,176,159,195,179,156,188,167,143,2018-07-01T00:00:00,7,Rach Mieu,2018,1,0
24,18,79,30,75,175,58,101,120,2018-08-01T00:00:00,8,Rach Mieu,2018,1,0
128,99,73,168,172,96,202,166,96,2018-09-01T00:00:00,9,Rach Mieu,2018,1,0
219,194,240,236,205,227,163,139,198,2018-10-01T00:00:00,10,Rach Mieu,2018,1,0
185,185,129,224,213,165,206,199,160,2018-11-01T00:00:00,11,Rach Mieu,2018,1,0
261,255,226,277,257,202,278,258,204,2018-12-01T00:00:00,12,Rach Mieu,2018,1,0
182,142,103,180,141,82,200,142,81,2019-01-01T00:00:00,1,Rach Mieu,2019,1,0
246,166,165,231,162,130,199,147,128,2019-02-01T00:00:00,2,Rach Mieu,2019,1,0
208,196,190,203,178,173,207,165,151,2019-03-01T00:00:00,3,Rach Mieu,2019,1,0
142,116,92,165,141,106,157,140,109,2019-04-01T00:00:00,4,Rach Mieu,2019,1,0
122,144,178,188,233,175,228,168,152,2019-05-01T00:00:00,5,Rach Mieu,2019,1,0
164,146,144,164,137,150,116,144,152,2019-06-01T00:00:00,6,Rach Mieu,2019,1,0
105,110,107,145,116,92,152,111,91,2019-07-01T00:00:00,7,Rach Mieu,2019,1,0
95,138,82,70,139,65,76,139,75,2019-08-01T00:00:00,8,Rach Mieu,2019,1,0
143,153,77,178,119,126,147,94,132,2019-09-01T00:00:00,9,Rach Mieu,2019,1,0
193,159,123,187,143,104,210,143,110,2019-10-01T00:00:00,10,Rach Mieu,2019,1,0
193,214,209,195,226,224,279,241,221,2019-11-01T00:00:00,11,Rach Mieu,2019,1,0
253,214,199,255,233,218,272,220,199,2019-12-01T00:00:00,12,Rach Mieu,2019,1,0
127,144,176,133,149,191,149,161,164,2007-01-01T00:00:00,1,Vam Cong,2007,0,1
143,137,123,145,133,118,154,141,138,2007-02-01T00:00:00,2,Vam Cong,2007,0,1
223,237,219,205,223,223,189,185,207,2007-03-01T00:00:00,3,Vam Cong,2007,0,1
267,232,214,247,220,211,235,204,179,2007-04-01T00:00:00,4,Vam Cong,2007,0,1
139,130,121,134,106,105,117,124,96,2007-05-01T00:00:00,5,Vam Cong,2007,0,1
160,172,128,205,192,142,193,183,162,2007-06-01T00:00:00,6,Vam Cong,2007,0,1
135,117,124,146,131,126,145,130,128,2007-07-01T00:00:00,7,Vam Cong,2007,0,1
120,137,125,125,133,107,127,118,87,2007-08-01T00:00:00,8,Vam Cong,2007,0,1
108,146,126,115,143,142,128,181,178,2007-09-01T00:00:00,9,Vam Cong,2007,0,1
94,110,115,75,109,120,73,115,122,2007-10-01T00:00:00,10,Vam Cong,2007,0,1
95,111,122,117,128,123,133,135,122,2007-11-01T00:00:00,11,Vam Cong,2007,0,1
148,160,154,165,173,177,165,163,180,2007-12-01T00:00:00,12,Vam Cong,2007,0,1
179,181,207,175,176,197,171,166,197,2008-01-01T00:00:00,1,Vam Cong,2008,0,1
144,148,140,140,153,143,157,171,165,2008-02-01T00:00:00,2,Vam Cong,2008,0,1
243,253,270,242,250,256,217,230,242,2008-03-01T00:00:00,3,Vam Cong,2008,0,1
247,163,170,222,170,168,174,158,157,2008-04-01T00:00:00,4,Vam Cong,2008,0,1
133,107,110,117,121,129,119,135,135,2008-05-01T00:00:00,5,Vam Cong,2008,0,1
101,127,128,99,137,133,112,155,137,2008-06-01T00:00:00,6,Vam Cong,2008,0,1
149,166,146,156,165,134,159,156,114,2008-07-01T00:00:00,7,Vam Cong,2008,0,1
87,106,96,113,111,111,109,118,114,2008-08-01T00:00:00,8,Vam Cong,2008,0,1
147,120,91,168,119,130,140,110,128,2008-09-01T00:00:00,9,Vam Cong,2008,0,1
124,122,97,114,134,121,117,131,122,2008-10-01T00:00:00,10,Vam Cong,2008,0,1
97,127,127,97,97,129,107,95,140,2008-11-01T00:00:00,11,Vam Cong,2008,0,1
136,117,135,113,118,136,104,135,138,2008-12-01T00:00:00,12,Vam Cong,2008,0,1
101,102,120,109,117,132,116,127,138,2009-01-01T00:00:00,1,Vam Cong,2009,0,1
169,163,140,185,160,150,179,149,164,2009-02-01T00:00:00,2,Vam Cong,2009,0,1
197,209,256,180,200,236,169,181,193,2009-03-01T00:00:00,3,Vam Cong,2009,0,1
298,267,185,239,240,175,206,214,180,2009-04-01T00:00:00,4,Vam Cong,2009,0,1
165,173,172,169,166,162,163,172,155,2009-05-01T00:00:00,5,Vam Cong,2009,0,1
109,87,115,115,98,110,124,117,82,2009-06-01T00:00:00,6,Vam Cong,2009,0,1
122,118,95,129,115,94,132,103,107,2009-07-01T00:00:00,7,Vam Cong,2009,0,1
155,129,94,143,128,86,131,139,102,2009-08-01T00:00:00,8,Vam Cong,2009,0,1
136,129,126,135,127,123,144,135,135,2009-09-01T00:00:00,9,Vam Cong,2009,0,1
113,121,120,122,127,129,152,144,192,2009-10-01T00:00:00,10,Vam Cong,2009,0,1
148,137,146,145,132,148,139,137,148,2009-11-01T00:00:00,11,Vam Cong,2009,0,1
166,191,154,156,163,160,156,147,194,2009-12-01T00:00:00,12,Vam Cong,2009,0,1
171,167,170,150,166,168,133,153,152,2010-01-01T00:00:00,1,Vam Cong,2010,0,1
160,165,133,167,165,141,155,152,152,2010-02-01T00:00:00,2,Vam Cong,2010,0,1
266,294,294,268,282,276,256,235,227,2010-03-01T00:00:00,3,Vam Cong,2010,0,1
224,211,171,204,204,170,169,177,191,2010-04-01T00:00:00,4,Vam Cong,2010,0,1
156,173,164,158,173,172,152,159,184,2010-05-01T00:00:00,5,Vam Cong,2010,0,1
155,153,160,156,143,158,148,120,132,2010-06-01T00:00:00,6,Vam Cong,2010,0,1
206,194,120,182,173,118,141,152,147,2010-07-01T00:00:00,7,Vam Cong,2010,0,1
144,117,129,130,110,128,114,82,70,2010-08-01T00:00:00,8,Vam Cong,2010,0,1
113,136,157,114,136,158,124,128,107,2010-09-01T00:00:00,9,Vam Cong,2010,0,1
129,120,149,128,126,156,120,131,155,2010-10-01T00:00:00,10,Vam Cong,2010,0,1
104,90,101,90,93,101,86,98,118,2010-11-01T00:00:00,11,Vam Cong,2010,0,1
154,148,130,119,111,129,117,117,137,2010-12-01T00:00:00,12,Vam Cong,2010,0,1
155,141,150,155,149,161,153,131,162,2011-01-01T00:00:00,1,Vam Cong,2011,0,1
164,180,183,178,178,182,183,166,178,2011-02-01T00:00:00,2,Vam Cong,2011,0,1
234,261,291,217,229,270,196,189,206,2011-03-01T00:00:00,3,Vam Cong,2011,0,1
291,241,163,251,210,163,204,157,154,2011-04-01T00:00:00,4,Vam Cong,2011,0,1
217,155,123,209,159,135,200,171,161,2011-05-01T00:00:00,5,Vam Cong,2011,0,1
113,99,103,103,102,105,97,108,110,2011-06-01T00:00:00,6,Vam Cong,2011,0,1
132,133,127,159,141,124,160,115,108,2011-07-01T00:00:00,7,Vam Cong,2011,0,1
142,171,128,133,149,118,134,136,122,2011-08-01T00:00:00,8,Vam Cong,2011,0,1
112,95,112,105,110,112,109,150,117,2011-09-01T00:00:00,9,Vam Cong,2011,0,1
97,113,127,124,140,133,126,138,120,2011-10-01T00:00:00,10,Vam Cong,2011,0,1
129,134,136,120,129,134,121,132,123,2011-11-01T00:00:00,11,Vam Cong,2011,0,1
168,177,161,156,156,160,146,148,176,2011-12-01T00:00:00,12,Vam Cong,2011,0,1
153,149,131,149,164,146,155,182,173,2012-01-01T00:00:00,1,Vam Cong,2012,0,1
197,224,201,210,230,207,225,246,211,2012-02-01T00:00:00,2,Vam Cong,2012,0,1
256,289,261,289,285,253,283,240,209,2012-03-01T00:00:00,3,Vam Cong,2012,0,1
197,174,161,191,161,162,193,171,169,2012-04-01T00:00:00,4,Vam Cong,2012,0,1
167,164,145,156,163,146,148,170,156,2012-05-01T00:00:00,5,Vam Cong,2012,0,1
102,95,115,102,100,125,129,104,143,2012-06-01T00:00:00,6,Vam Cong,2012,0,1
156,150,136,158,151,135,156,154,137,2012-07-01T00:00:00,7,Vam Cong,2012,0,1
119,148,130,140,147,124,150,139,122,2012-08-01T00:00:00,8,Vam Cong,2012,0,1
150,118,87,153,127,87,163,142,134,2012-09-01T00:00:00,9,Vam Cong,2012,0,1
140,146,156,144,145,163,144,128,166,2012-10-01T00:00:00,10,Vam Cong,2012,0,1
126,159,168,140,164,175,139,152,170,2012-11-01T00:00:00,11,Vam Cong,2012,0,1
203,189,167,171,175,169,149,173,158,2012-12-01T00:00:00,12,Vam Cong,2012,0,1
233,237,201,250,229,200,238,220,196,2013-01-01T00:00:00,1,Vam Cong,2013,0,1
220,205,199,247,203,196,239,194,198,2013-02-01T00:00:00,2,Vam Cong,2013,0,1
279,307,306,232,244,222,202,219,209,2013-03-01T00:00:00,3,Vam Cong,2013,0,1
235,184,170,228,198,168,223,205,168,2013-04-01T00:00:00,4,Vam Cong,2013,0,1
188,159,139,184,154,133,188,157,133,2013-05-01T00:00:00,5,Vam Cong,2013,0,1
135,174,175,133,164,163,115,133,161,2013-06-01T00:00:00,6,Vam Cong,2013,0,1
161,156,156,155,152,151,145,146,123,2013-07-01T00:00:00,7,Vam Cong,2013,0,1
166,108,96,147,104,104,117,100,111,2013-08-01T00:00:00,8,Vam Cong,2013,0,1
116,114,124,137,124,125,153,146,156,2013-09-01T00:00:00,9,Vam Cong,2013,0,1
85,136,120,97,133,119,112,126,121,2013-10-01T00:00:00,10,Vam Cong,2013,0,1
142,166,151,147,157,148,141,150,141,2013-11-01T00:00:00,11,Vam Cong,2013,0,1
182,176,133,163,164,135,163,167,158,2013-12-01T00:00:00,12,Vam Cong,2013,0,1
208,182,183,220,203,198,234,239,204,2014-01-01T00:00:00,1,Vam Cong,2014,0,1
168,188,190,196,182,180,199,171,170,2014-02-01T00:00:00,2,Vam Cong,2014,0,1
218,246,242,231,251,242,229,232,211,2014-03-01T00:00:00,3,Vam Cong,2014,0,1
291,294,227,271,276,220,239,251,222,2014-04-01T00:00:00,4,Vam Cong,2014,0,1
190,172,164,206,177,161,211,173,162,2014-05-01T00:00:00,5,Vam Cong,2014,0,1
136,135,150,162,143,155,163,155,165,2014-06-01T00:00:00,6,Vam Cong,2014,0,1
129,146,137,122,148,143,127,142,140,2014-07-01T00:00:00,7,Vam Cong,2014,0,1
164,129,107,153,137,107,161,150,130,2014-08-01T00:00:00,8,Vam Cong,2014,0,1
97,126,99,92,111,85,96,100,98,2014-09-01T00:00:00,9,Vam Cong,2014,0,1
120,140,141,146,144,155,174,167,178,2014-10-01T00:00:00,10,Vam Cong,2014,0,1
145,168,142,137,152,133,128,149,140,2014-11-01T00:00:00,11,Vam Cong,2014,0,1
105,131,152,110,122,156,112,129,154,2014-12-01T00:00:00,12,Vam Cong,2014,0,1
212,204,176,227,207,181,246,209,171,2015-01-01T00:00:00,1,Vam Cong,2015,0,1
133,164,148,151,175,152,164,152,134,2015-02-01T00:00:00,2,Vam Cong,2015,0,1
211,249,264,217,248,258,187,207,213,2015-03-01T00:00:00,3,Vam Cong,2015,0,1
241,212,180,218,198,172,191,202,195,2015-04-01T00:00:00,4,Vam Cong,2015,0,1
151,145,139,178,185,152,208,205,146,2015-05-01T00:00:00,5,Vam Cong,2015,0,1
172,190,220,154,189,221,173,194,214,2015-06-01T00:00:00,6,Vam Cong,2015,0,1
171,175,119,165,165,108,135,154,106,2015-07-01T00:00:00,7,Vam Cong,2015,0,1
199,192,148,183,168,133,160,155,140,2015-08-01T00:00:00,8,Vam Cong,2015,0,1
154,137,118,153,128,123,155,132,144,2015-09-01T00:00:00,9,Vam Cong,2015,0,1
139,172,177,147,173,179,157,167,179,2015-10-01T00:00:00,10,Vam Cong,2015,0,1
175,190,206,165,200,196,174,205,184,2015-11-01T00:00:00,11,Vam Cong,2015,0,1
165,146,136,149,130,148,139,115,157,2015-12-01T00:00:00,12,Vam Cong,2015,0,1
204,198,189,239,200,177,258,188,168,2016-01-01T00:00:00,1,Vam Cong,2016,0,1
167,202,231,182,206,225,179,194,190,2016-02-01T00:00:00,2,Vam Cong,2016,0,1
251,234,208,215,215,200,184,188,194,2016-03-01T00:00:00,3,Vam Cong,2016,0,1
205,186,162,187,180,160,181,180,173,2016-04-01T00:00:00,4,Vam Cong,2016,0,1
291,285,219,306,284,219,294,277,221,2016-05-01T00:00:00,5,Vam Cong,2016,0,1
201,244,156,206,229,175,201,216,217,2016-06-01T00:00:00,6,Vam Cong,2016,0,1
160,170,169,153,166,174,133,160,146,2016-07-01T00:00:00,7,Vam Cong,2016,0,1
141,132,133,141,130,134,157,126,117,2016-08-01T00:00:00,8,Vam Cong,2016,0,1
157,178,128,166,176,124,178,206,176,2016-09-01T00:00:00,9,Vam Cong,2016,0,1
114,96,92,107,95,99,101,89,109,2016-10-01T00:00:00,10,Vam Cong,2016,0,1
176,199,188,170,200,188,162,198,177,2016-11-01T00:00:00,11,Vam Cong,2016,0,1
133,133,141,133,139,150,142,123,143,2016-12-01T00:00:00,12,Vam Cong,2016,0,1
207,186,168,246,202,180,234,170,180,2017-01-01T00:00:00,1,Vam Cong,2017,0,1
203,217,246,210,222,258,225,223,252,2017-02-01T00:00:00,2,Vam Cong,2017,0,1
235,286,261,241,277,256,220,223,227,2017-03-01T00:00:00,3,Vam Cong,2017,0,1
215,181,152,216,177,155,209,179,135,2017-04-01T00:00:00,4,Vam Cong,2017,0,1
98,133,126,110,133,123,146,102,76,2017-05-01T00:00:00,5,Vam Cong,2017,0,1
142,149,148,158,146,147,184,160,155,2017-06-01T00:00:00,6,Vam Cong,2017,0,1
168,138,188,141,137,165,123,128,121,2017-07-01T00:00:00,7,Vam Cong,2017,0,1
193,190,163,206,182,158,213,190,143,2017-08-01T00:00:00,8,Vam Cong,2017,0,1
161,138,136,155,143,126,175,151,144,2017-09-01T00:00:00,9,Vam Cong,2017,0,1
178,176,166,184,176,169,185,188,172,2017-10-01T00:00:00,10,Vam Cong,2017,0,1
191,190,173,180,172,167,174,161,177,2017-11-01T00:00:00,11,Vam Cong,2017,0,1
110,122,162,114,118,159,123,130,130,2017-12-01T00:00:00,12,Vam Cong,2017,0,1
182,176,230,182,183,227,205,198,220,2018-01-01T00:00:00,1,Vam Cong,2018,0,1
235,185,164,219,180,161,189,181,156,2018-02-01T00:00:00,2,Vam Cong,2018,0,1
223,295,308,225,296,302,241,248,229,2018-03-01T00:00:00,3,Vam Cong,2018,0,1
220,225,182,224,222,180,241,234,198,2018-04-01T00:00:00,4,Vam Cong,2018,0,1
195,190,157,191,185,154,209,209,163,2018-05-01T00:00:00,5,Vam Cong,2018,0,1
65,97,104,59,100,108,98,117,118,2018-06-01T00:00:00,6,Vam Cong,2018,0,1
182,210,193,180,213,184,149,143,150,2018-07-01T00:00:00,7,Vam Cong,2018,0,1
65,49,36,68,45,32,69,72,25,2018-08-01T00:00:00,8,Vam Cong,2018,0,1
68,101,76,77,97,76,110,91,93,2018-09-01T00:00:00,9,Vam Cong,2018,0,1
146,144,128,137,143,127,134,157,152,2018-10-01T00:00:00,10,Vam Cong,2018,0,1
129,179,173,129,181,173,110,170,163,2018-11-01T00:00:00,11,Vam Cong,2018,0,1
250,281,252,256,278,254,236,263,246,2018-12-01T00:00:00,12,Vam Cong,2018,0,1
204,180,195,202,176,192,210,179,188,2019-01-01T00:00:00,1,Vam Cong,2019,0,1
198,255,251,205,256,245,228,219,227,2019-02-01T00:00:00,2,Vam Cong,2019,0,1
224,217,187,202,204,188,181,191,196,2019-03-01T00:00:00,3,Vam Cong,2019,0,1
162,151,132,150,149,131,122,133,128,2019-04-01T00:00:00,4,Vam Cong,2019,0,1
95,75,75,86,78,73,105,108,75,2019-05-01T00:00:00,5,Vam Cong,2019,1,1
165,133,172,160,133,171,184,138,139,2019-06-01T00:00:00,6,Vam Cong,2019,1,1
126,120,131,119,126,129,133,124,109,2019-07-01T00:00:00,7,Vam Cong,2019,1,0
106,56,59,105,55,62,99,86,75,2019-08-01T00:00:00,8,Vam Cong,2019,1,0
172,168,167,161,171,164,112,149,139,2019-09-01T00:00:00,9,Vam Cong,2019,1,0
146,207,188,143,205,190,158,179,150,2019-10-01T00:00:00,10,Vam Cong,2019,1,0
241,253,229,238,254,231,218,245,221,2019-11-01T00:00:00,11,Vam Cong,2019,1,0
211,215,215,209,215,214,202,179,184,2019-12-01T00:00:00,12,Vam Cong,2019,1,0