date,first,month,name,year,bridge,pp,elnino,bwidth,rain,temperature,humid
2007-01-01T00:00:00,371.8221631,1,Can Tho,2007,0,1,1,23.1,38,26.1,80
2007-02-01T00:00:00,305.168305,2,Can Tho,2007,0,1,0,23.1,0,26.4,79
2007-03-01T00:00:00,348.7209878,3,Can Tho,2007,0,1,0,23.1,39,27.9,79
2007-04-01T00:00:00,385.5492912,4,Can Tho,2007,0,1,0,23.1,86,29.2,77
2007-05-01T00:00:00,300.253538,5,Can Tho,2007,0,1,0,23.1,174,28.4,84
2007-06-01T00:00:00,273.0619286,6,Can Tho,2007,0,1,0,23.1,322,28.3,85
2007-07-01T00:00:00,538.0320981,7,Can Tho,2007,0,1,0,23.1,421,27.3,87
2007-08-01T00:00:00,332.1819977,8,Can Tho,2007,0,1,0,23.1,371,27.4,86
2007-09-01T00:00:00,518.5305201,9,Can Tho,2007,0,1,0,23.1,307,27.5,86
2007-10-01T00:00:00,425.0898387,10,Can Tho,2007,0,1,0,23.1,508,27.1,87
2007-11-01T00:00:00,531.494132,11,Can Tho,2007,0,1,0,23.1,339,26.6,82
2007-12-01T00:00:00,391.0895832,12,Can Tho,2007,0,1,0,23.1,1,26.9,79
2008-01-01T00:00:00,286.2270269,1,Can Tho,2008,0,1,0,23.1,113,26.2,80
2008-02-01T00:00:00,399.9962476,2,Can Tho,2008,0,1,0,23.1,8,26.5,76
2008-03-01T00:00:00,475.0236914,3,Can Tho,2008,0,1,0,23.1,0,27.3,77
2008-04-01T00:00:00,367.1997355,4,Can Tho,2008,0,1,0,23.1,94,28.7,79
2008-05-01T00:00:00,440.2437963,5,Can Tho,2008,0,1,0,23.1,272,27.9,85
2008-06-01T00:00:00,530.3426966,6,Can Tho,2008,0,1,0,23.1,381,27.7,86
2008-07-01T00:00:00,361.3199966,7,Can Tho,2008,0,1,0,23.1,332,27.4,86
2008-08-01T00:00:00,431.9590756,8,Can Tho,2008,0,1,0,23.1,260,27.4,86
2008-09-01T00:00:00,445.5670054,9,Can Tho,2008,0,1,0,23.1,429,27,87
2008-10-01T00:00:00,465.5214262,10,Can Tho,2008,0,1,0,23.1,348,27.2,89
2008-11-01T00:00:00,394.9944429,11,Can Tho,2008,0,1,0,23.1,270,26.7,85
2008-12-01T00:00:00,315.7415013,12,Can Tho,2008,0,1,0,23.1,172,26.2,82
2009-01-01T00:00:00,394.9626378,1,Can Tho,2009,0,1,0,23.1,22.7,25.1,80
2009-02-01T00:00:00,275.1582333,2,Can Tho,2009,0,1,0,23.1,101.3,26.7,82
2009-03-01T00:00:00,345.4341352,3,Can Tho,2009,0,1,0,23.1,2.2,28.6,78
2009-04-01T00:00:00,333.1006855,4,Can Tho,2009,0,1,0,23.1,201.4,28.9,81
2009-05-01T00:00:00,337.2570417,5,Can Tho,2009,0,1,0,23.1,342.4,28.3,84
2009-06-01T00:00:00,345.460286,6,Can Tho,2009,0,1,0,23.1,169.3,28.8,81
2009-07-01T00:00:00,271.6743825,7,Can Tho,2009,0,1,1,23.1,413.5,27.2,86
2009-08-01T00:00:00,426.4227492,8,Can Tho,2009,0,1,1,23.1,210.1,28.1,84
2009-09-01T00:00:00,272.8382869,9,Can Tho,2009,0,2,1,23.1,488.3,27,87
2009-10-01T00:00:00,535.3316999,10,Can Tho,2009,0,2,1,23.1,208,27.5,85
2009-11-01T00:00:00,360.1326114,11,Can Tho,2009,0,2,1,23.1,65.6,27.4,81
2009-12-01T00:00:00,353.5911953,12,Can Tho,2009,0,2,1,23.1,19.6,26.7,79
2010-01-01T00:00:00,348.6826048,1,Can Tho,2010,0,2,1,23.1,22.7,25.1,78
2010-02-01T00:00:00,286.8701459,2,Can Tho,2010,0,2,1,23.1,101.3,26.7,78
2010-03-01T00:00:00,454.7928038,3,Can Tho,2010,0,2,1,23.1,2.2,28.6,78
2010-04-01T00:00:00,491.0152206,4,Can Tho,2010,1,2,0,23.1,201.4,28.9,82
2010-05-01T00:00:00,311.1226642,5,Can Tho,2010,1,2,0,23.1,342.4,28.2,87
2010-06-01T00:00:00,352.9299148,6,Can Tho,2010,1,2,0,23.1,169.3,28.8,85
2010-07-01T00:00:00,391.7128466,7,Can Tho,2010,1,2,0,23.1,413.5,27.2,89
2010-08-01T00:00:00,468.6417053,8,Can Tho,2010,1,2,0,23.1,210.1,28.1,90
2010-09-01T00:00:00,410.6374291,9,Can Tho,2010,1,2,0,23.1,488.3,27,91
2010-10-01T00:00:00,386.282596,10,Can Tho,2010,1,2,0,23.1,208,27.5,87
2010-11-01T00:00:00,547.6522127,11,Can Tho,2010,1,2,0,23.1,65.6,27.4,83
2010-12-01T00:00:00,351.0207333,12,Can Tho,2010,1,2,0,23.1,19.6,26.7,81
2011-01-01T00:00:00,378.6401592,1,Can Tho,2011,1,2,0,23.1,19,26.3,75
2011-02-01T00:00:00,562.3307743,2,Can Tho,2011,1,2,0,23.1,0,26.4,75
2011-03-01T00:00:00,431.7462956,3,Can Tho,2011,1,2,0,23.1,87.2,27.4,75
2011-04-01T00:00:00,464.3612467,4,Can Tho,2011,1,2,0,23.1,91,28,76
2011-05-01T00:00:00,410.3913826,5,Can Tho,2011,1,2,0,23.1,241.5,28.7,81
2011-06-01T00:00:00,721.5030731,6,Can Tho,2011,1,2,0,23.1,369.8,28,83
2011-07-01T00:00:00,484.8011811,7,Can Tho,2011,1,2,0,23.1,298.1,27.7,82
2011-08-01T00:00:00,405.1810596,8,Can Tho,2011,1,2,0,23.1,236.8,27.9,82
2011-09-01T00:00:00,486.7234216,9,Can Tho,2011,1,2,0,23.1,593.8,27.2,85
2011-10-01T00:00:00,333.3571941,10,Can Tho,2011,1,2,0,23.1,187.4,28.1,80
2011-11-01T00:00:00,522.0894612,11,Can Tho,2011,1,3,0,23.1,242.9,27.5,82
2011-12-01T00:00:00,334.8148247,12,Can Tho,2011,1,3,0,23.1,78.4,26.4,78
2012-01-01T00:00:00,341.528107,1,Can Tho,2012,1,3,0,23.1,7.3,26.6,78
2012-02-01T00:00:00,377.9091794,2,Can Tho,2012,1,3,0,23.1,24.4,27.2,76
2012-03-01T00:00:00,615.7490532,3,Can Tho,2012,1,3,0,23.1,233.7,28.1,78
2012-04-01T00:00:00,407.3138377,4,Can Tho,2012,1,3,0,23.1,136.7,29,78
2012-05-01T00:00:00,388.2374849,5,Can Tho,2012,1,3,0,23.1,249.7,28.2,83
2012-06-01T00:00:00,465.0391308,6,Can Tho,2012,1,3,0,23.1,166.3,28.4,82
2012-07-01T00:00:00,457.8940191,7,Can Tho,2012,1,3,0,23.1,288.5,27.5,85
2012-08-01T00:00:00,335.9362822,8,Can Tho,2012,1,3,0,23.1,218.4,27.8,83
2012-09-01T00:00:00,345.9208143,9,Can Tho,2012,1,3,0,23.1,533.3,26.6,88
2012-10-01T00:00:00,558.465011,10,Can Tho,2012,1,3,0,23.1,192.4,27.8,83
2012-11-01T00:00:00,377.0356898,11,Can Tho,2012,1,3,0,23.1,91.4,27.8,83
2012-12-01T00:00:00,293.6857136,12,Can Tho,2012,1,3,0,23.1,11.8,27.8,78
2013-01-01T00:00:00,419.5058552,1,Can Tho,2013,1,3,0,23.1,36.9,26.5,78
2013-02-01T00:00:00,292.5723013,2,Can Tho,2013,1,3,0,23.1,8.1,27.5,75
2013-03-01T00:00:00,498.4089985,3,Can Tho,2013,1,3,0,23.1,0,28.5,76
2013-04-01T00:00:00,472.2688754,4,Can Tho,2013,1,3,0,23.1,104.3,29.3,79
2013-05-01T00:00:00,402.5482248,5,Can Tho,2013,1,3,0,23.1,196,29.3,82
2013-06-01T00:00:00,460.7148089,6,Can Tho,2013,1,3,0,23.1,291.6,28.2,85
2013-07-01T00:00:00,299.4056158,7,Can Tho,2013,1,3,0,23.1,258.4,27.3,85
2013-08-01T00:00:00,417.398197,8,Can Tho,2013,1,3,0,23.1,288.3,27.6,85
2013-09-01T00:00:00,428.7670821,9,Can Tho,2013,1,3,0,23.1,233,27.7,85
2013-10-01T00:00:00,564.7686488,10,Can Tho,2013,1,3,0,23.1,265.1,27.5,85
2013-11-01T00:00:00,544.9861179,11,Can Tho,2013,1,3,0,23.1,230.5,27.6,82
2013-12-01T00:00:00,495.9888939,12,Can Tho,2013,1,3,0,23.1,29.1,26.1,77
2014-01-01T00:00:00,397.6041509,1,Can Tho,2014,1,3,0,23.1,8.3,25.3,76
2014-02-01T00:00:00,551.5251981,2,Can Tho,2014,1,3,0,23.1,0,25.9,78
2014-03-01T00:00:00,513.1784836,3,Can Tho,2014,1,3,0,23.1,0,27.9,77
2014-04-01T00:00:00,406.897551,4,Can Tho,2014,1,3,0,23.1,61.2,29.5,76
2014-05-01T00:00:00,344.8834454,5,Can Tho,2014,1,3,0,23.1,153.6,29.4,81
2014-06-01T00:00:00,431.4800401,6,Can Tho,2014,1,3,0,23.1,190.3,28.2,85
2014-07-01T00:00:00,352.2921776,7,Can Tho,2014,1,3,0,23.1,388.6,27.7,85
2014-08-01T00:00:00,359.4071866,8,Can Tho,2014,1,3,0,23.1,341.7,28,82
2014-09-01T00:00:00,455.3204096,9,Can Tho,2014,1,3,0,23.1,273.3,27.6,84
2014-10-01T00:00:00,534.0457699,10,Can Tho,2014,1,3,1,23.1,254.4,27.5,84
2014-11-01T00:00:00,421.611463,11,Can Tho,2014,1,3,1,23.1,291.3,27.6,85
2014-12-01T00:00:00,360.7260728,12,Can Tho,2014,1,3,1,23.1,103,27.2,79
2015-01-01T00:00:00,451.7316815,1,Can Tho,2015,1,3,1,23.1,43.6,25.6,79
2015-02-01T00:00:00,410.2290884,2,Can Tho,2015,1,3,1,23.1,0,26,76
2015-03-01T00:00:00,635.3289846,3,Can Tho,2015,1,3,1,23.1,0,27.9,75
2015-04-01T00:00:00,606.0184787,4,Can Tho,2015,1,3,1,23.1,6.4,29.4,74
2015-05-01T00:00:00,345.6484312,5,Can Tho,2015,1,3,1,23.1,131.6,29.7,76
2015-06-01T00:00:00,444.4030459,6,Can Tho,2015,1,3,1,23.1,466.6,28.2,84
2015-07-01T00:00:00,480.9594303,7,Can Tho,2015,1,3,1,23.1,200.7,28.6,83
2015-08-01T00:00:00,322.7872716,8,Can Tho,2015,1,3,1,23.1,250.6,28.3,83
2015-09-01T00:00:00,603.1284725,9,Can Tho,2015,1,3,1,23.1,645.3,27.6,86
2015-10-01T00:00:00,459.8978169,10,Can Tho,2015,1,3,1,23.1,231.4,28.3,83
2015-11-01T00:00:00,431.3051047,11,Can Tho,2015,1,3,1,23.1,272.4,28,83
2015-12-01T00:00:00,238.8724683,12,Can Tho,2015,1,3,1,23.1,48.6,27.8,78
2016-01-01T00:00:00,318.6446884,1,Can Tho,2016,1,3,1,23.1,0.2,27.9,78
2016-02-01T00:00:00,491.5961231,2,Can Tho,2016,1,3,1,23.1,2.1,27.3,73
2016-03-01T00:00:00,608.8878971,3,Can Tho,2016,1,3,1,23.1,0,28,75
2016-04-01T00:00:00,519.8178311,4,Can Tho,2016,1,3,1,23.1,4,30.1,74
2016-05-01T00:00:00,477.3510594,5,Can Tho,2016,1,3,0,23.1,161.4,29.9,79
2016-06-01T00:00:00,440.5369457,6,Can Tho,2016,1,3,0,23.1,230.8,28.3,84
2016-07-01T00:00:00,384.3626331,7,Can Tho,2016,1,3,0,23.1,432.2,28.3,84
2016-08-01T00:00:00,469.9120731,8,Can Tho,2016,1,3,0,23.1,271.9,28.4,83
2016-09-01T00:00:00,379.1346995,9,Can Tho,2016,1,3,0,23.1,345,27.6,85
2016-10-01T00:00:00,638.0754062,10,Can Tho,2016,1,3,0,23.1,501.1,27,88
2016-11-01T00:00:00,366.8215098,11,Can Tho,2016,1,3,0,23.1,183.6,27.9,82
2016-12-01T00:00:00,354.9928649,12,Can Tho,2016,1,3,0,23.1,171.8,27.1,80
2017-01-01T00:00:00,309.2986058,1,Can Tho,2017,1,3,0,23.1,15.8,27.3,76
2017-02-01T00:00:00,335.0020421,2,Can Tho,2017,1,3,0,23.1,54.3,27.1,76
2017-03-01T00:00:00,535.1875136,3,Can Tho,2017,1,3,0,23.1,12.5,27.9,76
2017-04-01T00:00:00,433.0392404,4,Can Tho,2017,1,3,0,23.1,98.1,29.3,77
2017-05-01T00:00:00,550.9241213,5,Can Tho,2017,1,3,0,23.1,272.4,29,82
2017-06-01T00:00:00,429.3976538,6,Can Tho,2017,1,3,0,23.1,148.6,28.7,82
2017-07-01T00:00:00,460.1297402,7,Can Tho,2017,1,3,0,23.1,251.4,28,84
2017-08-01T00:00:00,410.9532254,8,Can Tho,2017,1,3,0,23.1,383.1,27.7,86
2017-09-01T00:00:00,480.5653282,9,Can Tho,2017,1,3,0,23.1,291.5,28.2,83
2017-10-01T00:00:00,434.3436745,10,Can Tho,2017,1,3,0,23.1,453.8,27.5,86
2017-11-01T00:00:00,513.6157121,11,Can Tho,2017,1,3,0,23.1,121.3,27.7,83
2017-12-01T00:00:00,314.0519528,12,Can Tho,2017,1,3,0,23.1,72.4,26.3,79
2018-01-01T00:00:00,429.5837673,1,Can Tho,2018,1,3,0,23.1,42.5,26.7,80
2018-02-01T00:00:00,478.1972466,2,Can Tho,2018,1,3,0,23.1,11.2,26.6,76
2018-03-01T00:00:00,464.9811993,3,Can Tho,2018,1,3,0,23.1,0.2,28.1,76
2018-04-01T00:00:00,530.0512262,4,Can Tho,2018,1,3,0,23.1,10.1,29.1,76
2018-05-01T00:00:00,475.5613491,5,Can Tho,2018,1,3,0,23.1,219.8,29.3,80
2018-06-01T00:00:00,519.9440645,6,Can Tho,2018,1,3,0,23.1,238.8,28.1,84
2018-07-01T00:00:00,406.8900738,7,Can Tho,2018,1,3,0,23.1,522.9,27.5,86
2018-08-01T00:00:00,446.0648241,8,Can Tho,2018,1,3,0,23.1,288.8,28,84
2018-09-01T00:00:00,412.7390392,9,Can Tho,2018,1,3,1,23.1,293.7,27.6,85
2018-10-01T00:00:00,545.5961477,10,Can Tho,2018,1,3,1,23.1,227.6,28.1,81
2018-11-01T00:00:00,457.7629385,11,Can Tho,2018,1,3,1,23.1,104.5,28.1,80
2018-12-01T00:00:00,329.6445436,12,Can Tho,2018,1,3,1,23.1,47.7,27.8,80
2019-01-01T00:00:00,330.5252921,1,Can Tho,2019,1,3,1,23.1,149.3,27,77
2019-02-01T00:00:00,383.7898444,2,Can Tho,2019,1,3,1,23.1,0.8,27.4,76
2019-03-01T00:00:00,596.8193962,3,Can Tho,2019,1,3,1,23.1,13.1,28.6,77
2019-04-01T00:00:00,313.1628804,4,Can Tho,2019,1,3,1,23.1,60.7,29.9,77
2019-05-01T00:00:00,480.6500055,5,Can Tho,2019,1,3,1,23.1,205.4,29.5,82
2019-06-01T00:00:00,442.2697813,6,Can Tho,2019,1,3,1,23.1,444.8,28.5,85
2019-07-01T00:00:00,417.2092959,7,Can Tho,2019,1,3,0,23.1,242.2,28.2,85
2019-08-01T00:00:00,462.162566,8,Can Tho,2019,1,3,0,23.1,464.5,27.6,86
2019-09-01T00:00:00,464.8359403,9,Can Tho,2019,1,3,0,23.1,302.5,27.9,84
2019-10-01T00:00:00,595.3211961,10,Can Tho,2019,1,3,0,23.1,269.5,27.9,85
2019-11-01T00:00:00,509.0111142,11,Can Tho,2019,1,3,0,23.1,110.1,27.8,80
2019-12-01T00:00:00,321.2105203,12,Can Tho,2019,1,3,0,23.1,0,26.5,76
2007-01-01T00:00:00,314.642311,1,Cao Lanh,2007,0,1,1,24.5,38,26.1,80
2007-02-01T00:00:00,329.9908693,2,Cao Lanh,2007,0,1,0,24.5,0,26.4,79
2007-03-01T00:00:00,421.9096148,3,Cao Lanh,2007,0,1,0,24.5,39,27.9,79
2007-04-01T00:00:00,399.8586885,4,Cao Lanh,2007,0,1,0,24.5,86,29.2,77
2007-05-01T00:00:00,381.3836613,5,Cao Lanh,2007,0,1,0,24.5,174,28.4,84
2007-06-01T00:00:00,341.1796889,6,Cao Lanh,2007,0,1,0,24.5,322,28.3,85
2007-07-01T00:00:00,481.3354051,7,Cao Lanh,2007,0,1,0,24.5,421,27.3,87
2007-08-01T00:00:00,485.6456811,8,Cao Lanh,2007,0,1,0,24.5,371,27.4,86
2007-09-01T00:00:00,733.9614347,9,Cao Lanh,2007,0,1,0,24.5,307,27.5,86
2007-10-01T00:00:00,429.9909251,10,Cao Lanh,2007,0,1,0,24.5,508,27.1,87
2007-11-01T00:00:00,677.5202024,11,Cao Lanh,2007,0,1,0,24.5,339,26.6,82
2007-12-01T00:00:00,421.5227837,12,Cao Lanh,2007,0,1,0,24.5,1,26.9,79
2008-01-01T00:00:00,274.4376928,1,Cao Lanh,2008,0,1,0,24.5,113,26.2,80
2008-02-01T00:00:00,390.5376513,2,Cao Lanh,2008,0,1,0,24.5,8,26.5,76
2008-03-01T00:00:00,603.5894316,3,Cao Lanh,2008,0,1,0,24.5,0,27.3,77
2008-04-01T00:00:00,401.028721,4,Cao Lanh,2008,0,1,0,24.5,94,28.7,79
2008-05-01T00:00:00,408.3628315,5,Cao Lanh,2008,0,1,0,24.5,272,27.9,85
2008-06-01T00:00:00,356.160653,6,Cao Lanh,2008,0,1,0,24.5,381,27.7,86
2008-07-01T00:00:00,461.7688739,7,Cao Lanh,2008,0,1,0,24.5,332,27.4,86
2008-08-01T00:00:00,495.0224333,8,Cao Lanh,2008,0,1,0,24.5,260,27.4,86
2008-09-01T00:00:00,635.7377831,9,Cao Lanh,2008,0,1,0,24.5,429,27,87
2008-10-01T00:00:00,487.5972368,10,Cao Lanh,2008,0,1,0,24.5,348,27.2,89
2008-11-01T00:00:00,451.7658605,11,Cao Lanh,2008,0,1,0,24.5,270,26.7,85
2008-12-01T00:00:00,396.634071,12,Cao Lanh,2008,0,1,0,24.5,172,26.2,82
2009-01-01T00:00:00,384.9189845,1,Cao Lanh,2009,0,1,0,24.5,22.7,25.1,80
2009-02-01T00:00:00,297.3695568,2,Cao Lanh,2009,0,1,0,24.5,101.3,26.7,82
2009-03-01T00:00:00,386.2099354,3,Cao Lanh,2009,0,1,0,24.5,2.2,28.6,78
2009-04-01T00:00:00,407.476582,4,Cao Lanh,2009,0,1,0,24.5,201.4,28.9,81
2009-05-01T00:00:00,388.2901705,5,Cao Lanh,2009,0,1,0,24.5,342.4,28.3,84
2009-06-01T00:00:00,313.7693746,6,Cao Lanh,2009,0,1,0,24.5,169.3,28.8,81
2009-07-01T00:00:00,381.7746527,7,Cao Lanh,2009,0,1,1,24.5,413.5,27.2,86
2009-08-01T00:00:00,535.8361685,8,Cao Lanh,2009,0,1,1,24.5,210.1,28.1,84
2009-09-01T00:00:00,510.6787581,9,Cao Lanh,2009,0,2,1,24.5,488.3,27,87
2009-10-01T00:00:00,610.4969062,10,Cao Lanh,2009,0,2,1,24.5,208,27.5,85
2009-11-01T00:00:00,337.6533361,11,Cao Lanh,2009,0,2,1,24.5,65.6,27.4,81
2009-12-01T00:00:00,409.509759,12,Cao Lanh,2009,0,2,1,24.5,19.6,26.7,79
2010-01-01T00:00:00,332.5532752,1,Cao Lanh,2010,0,2,1,24.5,22.7,25.1,78
2010-02-01T00:00:00,334.4085998,2,Cao Lanh,2010,0,2,1,24.5,101.3,26.7,78
2010-03-01T00:00:00,537.8929876,3,Cao Lanh,2010,0,2,1,24.5,2.2,28.6,78
2010-04-01T00:00:00,486.2691904,4,Cao Lanh,2010,0,2,0,24.5,201.4,28.9,82
2010-05-01T00:00:00,429.5442847,5,Cao Lanh,2010,0,2,0,24.5,342.4,28.2,87
2010-06-01T00:00:00,419.6363894,6,Cao Lanh,2010,0,2,0,24.5,169.3,28.8,85
2010-07-01T00:00:00,369.9760596,7,Cao Lanh,2010,0,2,0,24.5,413.5,27.2,89
2010-08-01T00:00:00,418.7560174,8,Cao Lanh,2010,0,2,0,24.5,210.1,28.1,90
2010-09-01T00:00:00,560.11621,9,Cao Lanh,2010,0,2,0,24.5,488.3,27,91
2010-10-01T00:00:00,684.0319433,10,Cao Lanh,2010,0,2,0,24.5,208,27.5,87
2010-11-01T00:00:00,537.4323526,11,Cao Lanh,2010,0,2,0,24.5,65.6,27.4,83
2010-12-01T00:00:00,391.0950823,12,Cao Lanh,2010,0,2,0,24.5,19.6,26.7,81
2011-01-01T00:00:00,352.9911019,1,Cao Lanh,2011,0,2,0,24.5,19,26.3,75
2011-02-01T00:00:00,669.4584989,2,Cao Lanh,2011,0,2,0,24.5,0,26.4,75
2011-03-01T00:00:00,452.0640421,3,Cao Lanh,2011,0,2,0,24.5,87.2,27.4,75
2011-04-01T00:00:00,648.5770412,4,Cao Lanh,2011,0,2,0,24.5,91,28,76
2011-05-01T00:00:00,288.9855429,5,Cao Lanh,2011,0,2,0,24.5,241.5,28.7,81
2011-06-01T00:00:00,549.4619352,6,Cao Lanh,2011,0,2,0,24.5,369.8,28,83
2011-07-01T00:00:00,411.9860695,7,Cao Lanh,2011,0,2,0,24.5,298.1,27.7,82
2011-08-01T00:00:00,474.0464305,8,Cao Lanh,2011,0,2,0,24.5,236.8,27.9,82
2011-09-01T00:00:00,442.0116524,9,Cao Lanh,2011,0,2,0,24.5,593.8,27.2,85
2011-10-01T00:00:00,469.2948792,10,Cao Lanh,2011,0,2,0,24.5,187.4,28.1,80
2011-11-01T00:00:00,447.047522,11,Cao Lanh,2011,0,3,0,24.5,242.9,27.5,82
2011-12-01T00:00:00,414.5004886,12,Cao Lanh,2011,0,3,0,24.5,78.4,26.4,78
2012-01-01T00:00:00,280.8311742,1,Cao Lanh,2012,0,3,0,24.5,7.3,26.6,78
2012-02-01T00:00:00,413.7134431,2,Cao Lanh,2012,0,3,0,24.5,24.4,27.2,76
2012-03-01T00:00:00,609.2715468,3,Cao Lanh,2012,0,3,0,24.5,233.7,28.1,78
2012-04-01T00:00:00,376.0941698,4,Cao Lanh,2012,0,3,0,24.5,136.7,29,78
2012-05-01T00:00:00,355.1165485,5,Cao Lanh,2012,0,3,0,24.5,249.7,28.2,83
2012-06-01T00:00:00,418.2502454,6,Cao Lanh,2012,0,3,0,24.5,166.3,28.4,82
2012-07-01T00:00:00,495.7089255,7,Cao Lanh,2012,0,3,0,24.5,288.5,27.5,85
2012-08-01T00:00:00,436.1438984,8,Cao Lanh,2012,0,3,0,24.5,218.4,27.8,83
2012-09-01T00:00:00,227.9517085,9,Cao Lanh,2012,0,3,0,24.5,533.3,26.6,88
2012-10-01T00:00:00,526.6359276,10,Cao Lanh,2012,0,3,0,24.5,192.4,27.8,83
2012-11-01T00:00:00,397.8040224,11,Cao Lanh,2012,0,3,0,24.5,91.4,27.8,83
2012-12-01T00:00:00,236.157076,12,Cao Lanh,2012,0,3,0,24.5,11.8,27.8,78
2013-01-01T00:00:00,423.9184367,1,Cao Lanh,2013,0,3,0,24.5,36.9,26.5,78
2013-02-01T00:00:00,392.9565259,2,Cao Lanh,2013,0,3,0,24.5,8.1,27.5,75
2013-03-01T00:00:00,660.2276353,3,Cao Lanh,2013,0,3,0,24.5,0,28.5,76
2013-04-01T00:00:00,607.4994965,4,Cao Lanh,2013,0,3,0,24.5,104.3,29.3,79
2013-05-01T00:00:00,390.0098038,5,Cao Lanh,2013,0,3,0,24.5,196,29.3,82
2013-06-01T00:00:00,533.0736709,6,Cao Lanh,2013,0,3,0,24.5,291.6,28.2,85
2013-07-01T00:00:00,255.9929394,7,Cao Lanh,2013,0,3,0,24.5,258.4,27.3,85
2013-08-01T00:00:00,390.538948,8,Cao Lanh,2013,0,3,0,24.5,288.3,27.6,85
2013-09-01T00:00:00,628.9284437,9,Cao Lanh,2013,0,3,0,24.5,233,27.7,85
2013-10-01T00:00:00,538.9765662,10,Cao Lanh,2013,0,3,0,24.5,265.1,27.5,85
2013-11-01T00:00:00,364.389278,11,Cao Lanh,2013,0,3,0,24.5,230.5,27.6,82
2013-12-01T00:00:00,436.6311233,12,Cao Lanh,2013,0,3,0,24.5,29.1,26.1,77
2014-01-01T00:00:00,406.3482359,1,Cao Lanh,2014,0,3,0,24.5,8.3,25.3,76
2014-02-01T00:00:00,599.1022675,2,Cao Lanh,2014,0,3,0,24.5,0,25.9,78
2014-03-01T00:00:00,545.3622517,3,Cao Lanh,2014,0,3,0,24.5,0,27.9,77
2014-04-01T00:00:00,424.5549452,4,Cao Lanh,2014,0,3,0,24.5,61.2,29.5,76
2014-05-01T00:00:00,338.4610437,5,Cao Lanh,2014,0,3,0,24.5,153.6,29.4,81
2014-06-01T00:00:00,382.9701157,6,Cao Lanh,2014,0,3,0,24.5,190.3,28.2,85
2014-07-01T00:00:00,521.8426783,7,Cao Lanh,2014,0,3,0,24.5,388.6,27.7,85
2014-08-01T00:00:00,360.993745,8,Cao Lanh,2014,0,3,0,24.5,341.7,28,82
2014-09-01T00:00:00,524.3633345,9,Cao Lanh,2014,0,3,0,24.5,273.3,27.6,84
2014-10-01T00:00:00,499.3911755,10,Cao Lanh,2014,0,3,1,24.5,254.4,27.5,84
2014-11-01T00:00:00,351.9287619,11,Cao Lanh,2014,0,3,1,24.5,291.3,27.6,85
2014-12-01T00:00:00,186.8330814,12,Cao Lanh,2014,0,3,1,24.5,103,27.2,79
2015-01-01T00:00:00,524.0849632,1,Cao Lanh,2015,0,3,1,24.5,43.6,25.6,79
2015-02-01T00:00:00,491.0373632,2,Cao Lanh,2015,0,3,1,24.5,0,26,76
2015-03-01T00:00:00,635.6939869,3,Cao Lanh,2015,0,3,1,24.5,0,27.9,75
2015-04-01T00:00:00,651.5325882,4,Cao Lanh,2015,0,3,1,24.5,6.4,29.4,74
2015-05-01T00:00:00,406.6788646,5,Cao Lanh,2015,0,3,1,24.5,131.6,29.7,76
2015-06-01T00:00:00,417.8654371,6,Cao Lanh,2015,0,3,1,24.5,466.6,28.2,84
2015-07-01T00:00:00,386.0853814,7,Cao Lanh,2015,0,3,1,24.5,200.7,28.6,83
2015-08-01T00:00:00,367.9661949,8,Cao Lanh,2015,0,3,1,24.5,250.6,28.3,83
2015-09-01T00:00:00,627.4340984,9,Cao Lanh,2015,0,3,1,24.5,645.3,27.6,86
2015-10-01T00:00:00,701.4286211,10,Cao Lanh,2015,0,3,1,24.5,231.4,28.3,83
2015-11-01T00:00:00,336.0826785,11,Cao Lanh,2015,0,3,1,24.5,272.4,28,83
2015-12-01T00:00:00,258.0225416,12,Cao Lanh,2015,0,3,1,24.5,48.6,27.8,78
2016-01-01T00:00:00,382.745113,1,Cao Lanh,2016,0,3,1,24.5,0.2,27.9,78
2016-02-01T00:00:00,517.0827887,2,Cao Lanh,2016,0,3,1,24.5,2.1,27.3,73
2016-03-01T00:00:00,656.1227477,3,Cao Lanh,2016,0,3,1,24.5,0,28,75
2016-04-01T00:00:00,594.8614195,4,Cao Lanh,2016,0,3,1,24.5,4,30.1,74
2016-05-01T00:00:00,471.1619757,5,Cao Lanh,2016,0,3,0,24.5,161.4,29.9,79
2016-06-01T00:00:00,403.871904,6,Cao Lanh,2016,0,3,0,24.5,230.8,28.3,84
2016-07-01T00:00:00,412.7019949,7,Cao Lanh,2016,0,3,0,24.5,432.2,28.3,84
2016-08-01T00:00:00,309.9911753,8,Cao Lanh,2016,0,3,0,24.5,271.9,28.4,83
2016-09-01T00:00:00,356.4237482,9,Cao Lanh,2016,0,3,0,24.5,345,27.6,85
2016-10-01T00:00:00,606.4537563,10,Cao Lanh,2016,0,3,0,24.5,501.1,27,88
2016-11-01T00:00:00,273.1893471,11,Cao Lanh,2016,0,3,0,24.5,183.6,27.9,82
2016-12-01T00:00:00,297.6398163,12,Cao Lanh,2016,0,3,0,24.5,171.8,27.1,80
2017-01-01T00:00:00,330.1455699,1,Cao Lanh,2017,0,3,0,24.5,15.8,27.3,76
2017-02-01T00:00:00,317.1687571,2,Cao Lanh,2017,0,3,0,24.5,54.3,27.1,76
2017-03-01T00:00:00,514.4599915,3,Cao Lanh,2017,0,3,0,24.5,12.5,27.9,76
2017-04-01T00:00:00,458.5715105,4,Cao Lanh,2017,0,3,0,24.5,98.1,29.3,77
2017-05-01T00:00:00,469.9575991,5,Cao Lanh,2017,0,3,0,24.5,272.4,29,82
2017-06-01T00:00:00,333.4988313,6,Cao Lanh,2017,0,3,0,24.5,148.6,28.7,82
2017-07-01T00:00:00,264.181828,7,Cao Lanh,2017,0,3,0,24.5,251.4,28,84
2017-08-01T00:00:00,469.022939,8,Cao Lanh,2017,0,3,0,24.5,383.1,27.7,86
2017-09-01T00:00:00,497.8005096,9,Cao Lanh,2017,0,3,0,24.5,291.5,28.2,83
2017-10-01T00:00:00,403.4901599,10,Cao Lanh,2017,0,3,0,24.5,453.8,27.5,86
2017-11-01T00:00:00,417.0085724,11,Cao Lanh,2017,0,3,0,24.5,121.3,27.7,83
2017-12-01T00:00:00,234.4970739,12,Cao Lanh,2017,0,3,0,24.5,72.4,26.3,79
2018-01-01T00:00:00,349.8733268,1,Cao Lanh,2018,0,3,0,24.5,42.5,26.7,80
2018-02-01T00:00:00,620.7180556,2,Cao Lanh,2018,0,3,0,24.5,11.2,26.6,76
2018-03-01T00:00:00,623.9615959,3,Cao Lanh,2018,0,3,0,24.5,0.2,28.1,76
2018-04-01T00:00:00,535.1493697,4,Cao Lanh,2018,0,3,0,24.5,10.1,29.1,76
2018-05-01T00:00:00,456.8348681,5,Cao Lanh,2018,1,3,0,24.5,219.8,29.3,80
2018-06-01T00:00:00,538.3395764,6,Cao Lanh,2018,1,3,0,24.5,238.8,28.1,84
2018-07-01T00:00:00,307.8671281,7,Cao Lanh,2018,1,3,0,24.5,522.9,27.5,86
2018-08-01T00:00:00,350.7365783,8,Cao Lanh,2018,1,3,0,24.5,288.8,28,84
2018-09-01T00:00:00,441.9105698,9,Cao Lanh,2018,1,3,1,24.5,293.7,27.6,85
2018-10-01T00:00:00,567.2304882,10,Cao Lanh,2018,1,3,1,24.5,227.6,28.1,81
2018-11-01T00:00:00,492.7530724,11,Cao Lanh,2018,1,3,1,24.5,104.5,28.1,80
2018-12-01T00:00:00,300.5000431,12,Cao Lanh,2018,1,3,1,24.5,47.7,27.8,80
2019-01-01T00:00:00,412.020218,1,Cao Lanh,2019,1,3,1,24.5,149.3,27,77
2019-02-01T00:00:00,460.2355045,2,Cao Lanh,2019,1,3,1,24.5,0.8,27.4,76
2019-03-01T00:00:00,568.9016431,3,Cao Lanh,2019,1,3,1,24.5,13.1,28.6,77
2019-04-01T00:00:00,411.6172257,4,Cao Lanh,2019,1,3,1,24.5,60.7,29.9,77
2019-05-01T00:00:00,436.9252458,5,Cao Lanh,2019,1,3,1,24.5,205.4,29.5,82
2019-06-01T00:00:00,373.3599601,6,Cao Lanh,2019,1,3,1,24.5,444.8,28.5,85
2019-07-01T00:00:00,435.9518801,7,Cao Lanh,2019,1,3,0,24.5,242.2,28.2,85
2019-08-01T00:00:00,590.6761416,8,Cao Lanh,2019,1,3,0,24.5,464.5,27.6,86
2019-09-01T00:00:00,545.4586011,9,Cao Lanh,2019,1,3,0,24.5,302.5,27.9,84
2019-10-01T00:00:00,548.1367882,10,Cao Lanh,2019,1,3,0,24.5,269.5,27.9,85
2019-11-01T00:00:00,427.6712189,11,Cao Lanh,2019,1,3,0,24.5,110.1,27.8,80
2019-12-01T00:00:00,302.6082456,12,Cao Lanh,2019,1,3,0,24.5,0,26.5,76
2007-01-01T00:00:00,338.6102867,1,Co Chien,2007,0,1,1,16,38,26.1,80
2007-02-01T00:00:00,274.4264733,2,Co Chien,2007,0,1,0,16,0,26.4,79
2007-03-01T00:00:00,381.3440347,3,Co Chien,2007,0,1,0,16,39,27.9,79
2007-04-01T00:00:00,372.4130443,4,Co Chien,2007,0,1,0,16,86,29.2,77
2007-05-01T00:00:00,362.457364,5,Co Chien,2007,0,1,0,16,174,28.4,84
2007-06-01T00:00:00,329.7215316,6,Co Chien,2007,0,1,0,16,322,28.3,85
2007-07-01T00:00:00,414.1434078,7,Co Chien,2007,0,1,0,16,421,27.3,87
2007-08-01T00:00:00,384.7128848,8,Co Chien,2007,0,1,0,16,371,27.4,86
2007-09-01T00:00:00,486.0559691,9,Co Chien,2007,0,1,0,16,307,27.5,86
2007-10-01T00:00:00,364.1520211,10,Co Chien,2007,0,1,0,16,508,27.1,87
2007-11-01T00:00:00,421.3127233,11,Co Chien,2007,0,1,0,16,339,26.6,82
2007-12-01T00:00:00,307.1832441,12,Co Chien,2007,0,1,0,16,1,26.9,79
2008-01-01T00:00:00,259.3899903,1,Co Chien,2008,0,1,0,16,113,26.2,80
2008-02-01T00:00:00,386.0559365,2,Co Chien,2008,0,1,0,16,8,26.5,76
2008-03-01T00:00:00,390.5244434,3,Co Chien,2008,0,1,0,16,0,27.3,77
2008-04-01T00:00:00,344.9082873,4,Co Chien,2008,0,1,0,16,94,28.7,79
2008-05-01T00:00:00,466.2777233,5,Co Chien,2008,0,1,0,16,272,27.9,85
2008-06-01T00:00:00,411.8971766,6,Co Chien,2008,0,1,0,16,381,27.7,86
2008-07-01T00:00:00,386.5663864,7,Co Chien,2008,0,1,0,16,332,27.4,86
2008-08-01T00:00:00,394.7843,8,Co Chien,2008,0,1,0,16,260,27.4,86
2008-09-01T00:00:00,409.7144077,9,Co Chien,2008,0,1,0,16,429,27,87
2008-10-01T00:00:00,332.702506,10,Co Chien,2008,0,1,0,16,348,27.2,89
2008-11-01T00:00:00,279.3049286,11,Co Chien,2008,0,1,0,16,270,26.7,85
2008-12-01T00:00:00,430.7855453,12,Co Chien,2008,0,1,0,16,172,26.2,82
2009-01-01T00:00:00,403.8690511,1,Co Chien,2009,0,1,0,16,22.7,25.1,80
2009-02-01T00:00:00,225.3417489,2,Co Chien,2009,0,1,0,16,101.3,26.7,82
2009-03-01T00:00:00,278.507383,3,Co Chien,2009,0,1,0,16,2.2,28.6,78
2009-04-01T00:00:00,331.1293021,4,Co Chien,2009,0,1,0,16,201.4,28.9,81
2009-05-01T00:00:00,364.0099197,5,Co Chien,2009,0,1,0,16,342.4,28.3,84
2009-06-01T00:00:00,404.6921078,6,Co Chien,2009,0,1,0,16,169.3,28.8,81
2009-07-01T00:00:00,323.0758101,7,Co Chien,2009,0,1,1,16,413.5,27.2,86
2009-08-01T00:00:00,391.0284039,8,Co Chien,2009,0,1,1,16,210.1,28.1,84
2009-09-01T00:00:00,325.487665,9,Co Chien,2009,0,2,1,16,488.3,27,87
2009-10-01T00:00:00,296.2279801,10,Co Chien,2009,0,2,1,16,208,27.5,85
2009-11-01T00:00:00,335.1330961,11,Co Chien,2009,0,2,1,16,65.6,27.4,81
2009-12-01T00:00:00,299.6234299,12,Co Chien,2009,0,2,1,16,19.6,26.7,79
2010-01-01T00:00:00,322.5863726,1,Co Chien,2010,0,2,1,16,22.7,25.1,78
2010-02-01T00:00:00,245.9045456,2,Co Chien,2010,0,2,1,16,101.3,26.7,78
2010-03-01T00:00:00,359.9529554,3,Co Chien,2010,0,2,1,16,2.2,28.6,78
2010-04-01T00:00:00,499.3624871,4,Co Chien,2010,0,2,0,16,201.4,28.9,82
2010-05-01T00:00:00,381.3022698,5,Co Chien,2010,0,2,0,16,342.4,28.2,87
2010-06-01T00:00:00,384.7419717,6,Co Chien,2010,0,2,0,16,169.3,28.8,85
2010-07-01T00:00:00,315.8706955,7,Co Chien,2010,0,2,0,16,413.5,27.2,89
2010-08-01T00:00:00,455.1471367,8,Co Chien,2010,0,2,0,16,210.1,28.1,90
2010-09-01T00:00:00,432.3374485,9,Co Chien,2010,0,2,0,16,488.3,27,91
2010-10-01T00:00:00,426.9586718,10,Co Chien,2010,0,2,0,16,208,27.5,87
2010-11-01T00:00:00,465.4684656,11,Co Chien,2010,0,2,0,16,65.6,27.4,83
2010-12-01T00:00:00,266.9829231,12,Co Chien,2010,0,2,0,16,19.6,26.7,81
2011-01-01T00:00:00,312.7170861,1,Co Chien,2011,0,2,0,16,19,26.3,75
2011-02-01T00:00:00,493.3973273,2,Co Chien,2011,0,2,0,16,0,26.4,75
2011-03-01T00:00:00,352.2938775,3,Co Chien,2011,0,2,0,16,87.2,27.4,75
2011-04-01T00:00:00,513.1831323,4,Co Chien,2011,0,2,0,16,91,28,76
2011-05-01T00:00:00,353.0953967,5,Co Chien,2011,0,2,0,16,241.5,28.7,81
2011-06-01T00:00:00,472.7815504,6,Co Chien,2011,0,2,0,16,369.8,28,83
2011-07-01T00:00:00,457.595813,7,Co Chien,2011,0,2,0,16,298.1,27.7,82
2011-08-01T00:00:00,430.7076854,8,Co Chien,2011,0,2,0,16,236.8,27.9,82
2011-09-01T00:00:00,486.6354207,9,Co Chien,2011,0,2,0,16,593.8,27.2,85
2011-10-01T00:00:00,313.5865433,10,Co Chien,2011,0,2,0,16,187.4,28.1,80
2011-11-01T00:00:00,349.8773696,11,Co Chien,2011,0,3,0,16,242.9,27.5,82
2011-12-01T00:00:00,340.0871037,12,Co Chien,2011,0,3,0,16,78.4,26.4,78
2012-01-01T00:00:00,286.3328692,1,Co Chien,2012,0,3,0,16,7.3,26.6,78
2012-02-01T00:00:00,314.8806762,2,Co Chien,2012,0,3,0,16,24.4,27.2,76
2012-03-01T00:00:00,335.1199256,3,Co Chien,2012,0,3,0,16,233.7,28.1,78
2012-04-01T00:00:00,285.1240458,4,Co Chien,2012,0,3,0,16,136.7,29,78
2012-05-01T00:00:00,472.2363351,5,Co Chien,2012,0,3,0,16,249.7,28.2,83
2012-06-01T00:00:00,334.4292302,6,Co Chien,2012,0,3,0,16,166.3,28.4,82
2012-07-01T00:00:00,424.7283867,7,Co Chien,2012,0,3,0,16,288.5,27.5,85
2012-08-01T00:00:00,400.0874189,8,Co Chien,2012,0,3,0,16,218.4,27.8,83
2012-09-01T00:00:00,369.4703901,9,Co Chien,2012,0,3,0,16,533.3,26.6,88
2012-10-01T00:00:00,394.469878,10,Co Chien,2012,0,3,0,16,192.4,27.8,83
2012-11-01T00:00:00,272.8654013,11,Co Chien,2012,0,3,0,16,91.4,27.8,83
2012-12-01T00:00:00,232.9176974,12,Co Chien,2012,0,3,0,16,11.8,27.8,78
2013-01-01T00:00:00,374.2339789,1,Co Chien,2013,0,3,0,16,36.9,26.5,78
2013-02-01T00:00:00,244.33167,2,Co Chien,2013,0,3,0,16,8.1,27.5,75
2013-03-01T00:00:00,468.0646539,3,Co Chien,2013,0,3,0,16,0,28.5,76
2013-04-01T00:00:00,418.5996397,4,Co Chien,2013,0,3,0,16,104.3,29.3,79
2013-05-01T00:00:00,327.682848,5,Co Chien,2013,0,3,0,16,196,29.3,82
2013-06-01T00:00:00,415.2873631,6,Co Chien,2013,0,3,0,16,291.6,28.2,85
2013-07-01T00:00:00,294.8983003,7,Co Chien,2013,0,3,0,16,258.4,27.3,85
2013-08-01T00:00:00,390.8996495,8,Co Chien,2013,0,3,0,16,288.3,27.6,85
2013-09-01T00:00:00,336.8925282,9,Co Chien,2013,0,3,0,16,233,27.7,85
2013-10-01T00:00:00,399.0572235,10,Co Chien,2013,0,3,0,16,265.1,27.5,85
2013-11-01T00:00:00,363.6815657,11,Co Chien,2013,0,3,0,16,230.5,27.6,82
2013-12-01T00:00:00,540.0240148,12,Co Chien,2013,0,3,0,16,29.1,26.1,77
2014-01-01T00:00:00,449.010014,1,Co Chien,2014,0,3,0,16,8.3,25.3,76
2014-02-01T00:00:00,426.6378051,2,Co Chien,2014,0,3,0,16,0,25.9,78
2014-03-01T00:00:00,383.5370568,3,Co Chien,2014,0,3,0,16,0,27.9,77
2014-04-01T00:00:00,463.8295547,4,Co Chien,2014,0,3,0,16,61.2,29.5,76
2014-05-01T00:00:00,342.943052,5,Co Chien,2014,0,3,0,16,153.6,29.4,81
2014-06-01T00:00:00,391.3230509,6,Co Chien,2014,0,3,0,16,190.3,28.2,85
2014-07-01T00:00:00,389.0776357,7,Co Chien,2014,0,3,0,16,388.6,27.7,85
2014-08-01T00:00:00,405.5626882,8,Co Chien,2014,0,3,0,16,341.7,28,82
2014-09-01T00:00:00,488.5420959,9,Co Chien,2014,0,3,0,16,273.3,27.6,84
2014-10-01T00:00:00,388.8711821,10,Co Chien,2014,0,3,1,16,254.4,27.5,84
2014-11-01T00:00:00,259.5058028,11,Co Chien,2014,0,3,1,16,291.3,27.6,85
2014-12-01T00:00:00,266.1818051,12,Co Chien,2014,0,3,1,16,103,27.2,79
2015-01-01T00:00:00,445.8047489,1,Co Chien,2015,0,3,1,16,43.6,25.6,79
2015-02-01T00:00:00,390.0789522,2,Co Chien,2015,0,3,1,16,0,26,76
2015-03-01T00:00:00,448.8031199,3,Co Chien,2015,0,3,1,16,0,27.9,75
2015-04-01T00:00:00,547.8291674,4,Co Chien,2015,0,3,1,16,6.4,29.4,74
2015-05-01T00:00:00,326.7197638,5,Co Chien,2015,1,3,1,16,131.6,29.7,76
2015-06-01T00:00:00,343.5490865,6,Co Chien,2015,1,3,1,16,466.6,28.2,84
2015-07-01T00:00:00,340.6685279,7,Co Chien,2015,1,3,1,16,200.7,28.6,83
2015-08-01T00:00:00,338.1848359,8,Co Chien,2015,1,3,1,16,250.6,28.3,83
2015-09-01T00:00:00,439.332929,9,Co Chien,2015,1,3,1,16,645.3,27.6,86
2015-10-01T00:00:00,293.2110954,10,Co Chien,2015,1,3,1,16,231.4,28.3,83
2015-11-01T00:00:00,235.1900967,11,Co Chien,2015,1,3,1,16,272.4,28,83
2015-12-01T00:00:00,232.94269,12,Co Chien,2015,1,3,1,16,48.6,27.8,78
2016-01-01T00:00:00,268.8014254,1,Co Chien,2016,1,3,1,16,0.2,27.9,78
2016-02-01T00:00:00,344.3539411,2,Co Chien,2016,1,3,1,16,2.1,27.3,73
2016-03-01T00:00:00,517.309899,3,Co Chien,2016,1,3,1,16,0,28,75
2016-04-01T00:00:00,489.5388466,4,Co Chien,2016,1,3,1,16,4,30.1,74
2016-05-01T00:00:00,379.4737352,5,Co Chien,2016,1,3,0,16,161.4,29.9,79
2016-06-01T00:00:00,384.3157795,6,Co Chien,2016,1,3,0,16,230.8,28.3,84
2016-07-01T00:00:00,455.530943,7,Co Chien,2016,1,3,0,16,432.2,28.3,84
2016-08-01T00:00:00,460.6635734,8,Co Chien,2016,1,3,0,16,271.9,28.4,83
2016-09-01T00:00:00,313.267887,9,Co Chien,2016,1,3,0,16,345,27.6,85
2016-10-01T00:00:00,507.1644337,10,Co Chien,2016,1,3,0,16,501.1,27,88
2016-11-01T00:00:00,225.3155443,11,Co Chien,2016,1,3,0,16,183.6,27.9,82
2016-12-01T00:00:00,385.584451,12,Co Chien,2016,1,3,0,16,171.8,27.1,80
2017-01-01T00:00:00,297.4076047,1,Co Chien,2017,1,3,0,16,15.8,27.3,76
2017-02-01T00:00:00,294.7065024,2,Co Chien,2017,1,3,0,16,54.3,27.1,76
2017-03-01T00:00:00,419.2662913,3,Co Chien,2017,1,3,0,16,12.5,27.9,76
2017-04-01T00:00:00,417.3812268,4,Co Chien,2017,1,3,0,16,98.1,29.3,77
2017-05-01T00:00:00,467.5175996,5,Co Chien,2017,1,3,0,16,272.4,29,82
2017-06-01T00:00:00,368.0195673,6,Co Chien,2017,1,3,0,16,148.6,28.7,82
2017-07-01T00:00:00,354.168391,7,Co Chien,2017,1,3,0,16,251.4,28,84
2017-08-01T00:00:00,491.0009139,8,Co Chien,2017,1,3,0,16,383.1,27.7,86
2017-09-01T00:00:00,411.6043175,9,Co Chien,2017,1,3,0,16,291.5,28.2,83
2017-10-01T00:00:00,361.324944,10,Co Chien,2017,1,3,0,16,453.8,27.5,86
2017-11-01T00:00:00,307.5025785,11,Co Chien,2017,1,3,0,16,121.3,27.7,83
2017-12-01T00:00:00,328.9822158,12,Co Chien,2017,1,3,0,16,72.4,26.3,79
2018-01-01T00:00:00,377.6540787,1,Co Chien,2018,1,3,0,16,42.5,26.7,80
2018-02-01T00:00:00,510.2834851,2,Co Chien,2018,1,3,0,16,11.2,26.6,76
2018-03-01T00:00:00,357.8432315,3,Co Chien,2018,1,3,0,16,0.2,28.1,76
2018-04-01T00:00:00,463.3411544,4,Co Chien,2018,1,3,0,16,10.1,29.1,76
2018-05-01T00:00:00,467.8863339,5,Co Chien,2018,1,3,0,16,219.8,29.3,80
2018-06-01T00:00:00,428.5318,6,Co Chien,2018,1,3,0,16,238.8,28.1,84
2018-07-01T00:00:00,475.8785116,7,Co Chien,2018,1,3,0,16,522.9,27.5,86
2018-08-01T00:00:00,372.775536,8,Co Chien,2018,1,3,0,16,288.8,28,84
2018-09-01T00:00:00,456.4224814,9,Co Chien,2018,1,3,1,16,293.7,27.6,85
2018-10-01T00:00:00,380.2120426,10,Co Chien,2018,1,3,1,16,227.6,28.1,81
2018-11-01T00:00:00,312.7540676,11,Co Chien,2018,1,3,1,16,104.5,28.1,80
2018-12-01T00:00:00,341.8756367,12,Co Chien,2018,1,3,1,16,47.7,27.8,80
2019-01-01T00:00:00,286.4623256,1,Co Chien,2019,1,3,1,16,149.3,27,77
2019-02-01T00:00:00,296.9643309,2,Co Chien,2019,1,3,1,16,0.8,27.4,76
2019-03-01T00:00:00,432.3039628,3,Co Chien,2019,1,3,1,16,13.1,28.6,77
2019-04-01T00:00:00,324.1382707,4,Co Chien,2019,1,3,1,16,60.7,29.9,77
2019-05-01T00:00:00,493.6761095,5,Co Chien,2019,1,3,1,16,205.4,29.5,82
2019-06-01T00:00:00,373.8840167,6,Co Chien,2019,1,3,1,16,444.8,28.5,85
2019-07-01T00:00:00,429.5603129,7,Co Chien,2019,1,3,0,16,242.2,28.2,85
2019-08-01T00:00:00,439.5592888,8,Co Chien,2019,1,3,0,16,464.5,27.6,86
2019-09-01T00:00:00,409.9829397,9,Co Chien,2019,1,3,0,16,302.5,27.9,84
2019-10-01T00:00:00,326.2926299,10,Co Chien,2019,1,3,0,16,269.5,27.9,85
2019-11-01T00:00:00,302.5724579,11,Co Chien,2019,1,3,0,16,110.1,27.8,80
2019-12-01T00:00:00,312.5693933,12,Co Chien,2019,1,3,0,16,0,26.5,76
2007-01-01T00:00:00,345.7208276,1,Ham Luong,2007,0,1,1,16,38,26.1,80
2007-02-01T00:00:00,300.0867456,2,Ham Luong,2007,0,1,0,16,0,26.4,79
2007-03-01T00:00:00,369.2359592,3,Ham Luong,2007,0,1,0,16,39,27.9,79
2007-04-01T00:00:00,338.2159515,4,Ham Luong,2007,0,1,0,16,86,29.2,77
2007-05-01T00:00:00,362.9852335,5,Ham Luong,2007,0,1,0,16,174,28.4,84
2007-06-01T00:00:00,354.3693629,6,Ham Luong,2007,0,1,0,16,322,28.3,85
2007-07-01T00:00:00,378.8350846,7,Ham Luong,2007,0,1,0,16,421,27.3,87
2007-08-01T00:00:00,373.1715602,8,Ham Luong,2007,0,1,0,16,371,27.4,86
2007-09-01T00:00:00,529.2300587,9,Ham Luong,2007,0,1,0,16,307,27.5,86
2007-10-01T00:00:00,384.8436608,10,Ham Luong,2007,0,1,0,16,508,27.1,87
2007-11-01T00:00:00,349.3285858,11,Ham Luong,2007,0,1,0,16,339,26.6,82
2007-12-01T00:00:00,289.0108626,12,Ham Luong,2007,0,1,0,16,1,26.9,79
2008-01-01T00:00:00,274.091069,1,Ham Luong,2008,0,1,0,16,113,26.2,80
2008-02-01T00:00:00,384.9621237,2,Ham Luong,2008,0,1,0,16,8,26.5,76
2008-03-01T00:00:00,386.1226977,3,Ham Luong,2008,0,1,0,16,0,27.3,77
2008-04-01T00:00:00,367.6096316,4,Ham Luong,2008,0,1,0,16,94,28.7,79
2008-05-01T00:00:00,527.6317875,5,Ham Luong,2008,0,1,0,16,272,27.9,85
2008-06-01T00:00:00,389.3226388,6,Ham Luong,2008,0,1,0,16,381,27.7,86
2008-07-01T00:00:00,346.0734718,7,Ham Luong,2008,0,1,0,16,332,27.4,86
2008-08-01T00:00:00,506.3166414,8,Ham Luong,2008,0,1,0,16,260,27.4,86
2008-09-01T00:00:00,397.7748793,9,Ham Luong,2008,0,1,0,16,429,27,87
2008-10-01T00:00:00,315.550784,10,Ham Luong,2008,0,1,0,16,348,27.2,89
2008-11-01T00:00:00,272.0529963,11,Ham Luong,2008,0,1,0,16,270,26.7,85
2008-12-01T00:00:00,376.3827212,12,Ham Luong,2008,0,1,0,16,172,26.2,82
2009-01-01T00:00:00,428.5569886,1,Ham Luong,2009,0,1,0,16,22.7,25.1,80
2009-02-01T00:00:00,197.812837,2,Ham Luong,2009,0,1,0,16,101.3,26.7,82
2009-03-01T00:00:00,267.7596879,3,Ham Luong,2009,0,1,0,16,2.2,28.6,78
2009-04-01T00:00:00,296.047366,4,Ham Luong,2009,0,1,0,16,201.4,28.9,81
2009-05-01T00:00:00,364.94228,5,Ham Luong,2009,0,1,0,16,342.4,28.3,84
2009-06-01T00:00:00,399.5614686,6,Ham Luong,2009,0,1,0,16,169.3,28.8,81
2009-07-01T00:00:00,244.415728,7,Ham Luong,2009,0,1,1,16,413.5,27.2,86
2009-08-01T00:00:00,334.5691326,8,Ham Luong,2009,0,1,1,16,210.1,28.1,84
2009-09-01T00:00:00,331.346592,9,Ham Luong,2009,0,2,1,16,488.3,27,87
2009-10-01T00:00:00,309.578969,10,Ham Luong,2009,0,2,1,16,208,27.5,85
2009-11-01T00:00:00,327.3888923,11,Ham Luong,2009,0,2,1,16,65.6,27.4,81
2009-12-01T00:00:00,343.4753993,12,Ham Luong,2009,0,2,1,16,19.6,26.7,79
2010-01-01T00:00:00,338.7797982,1,Ham Luong,2010,0,2,1,16,22.7,25.1,78
2010-02-01T00:00:00,236.880249,2,Ham Luong,2010,0,2,1,16,101.3,26.7,78
2010-03-01T00:00:00,381.6944247,3,Ham Luong,2010,0,2,1,16,2.2,28.6,78
2010-04-01T00:00:00,439.3976519,4,Ham Luong,2010,1,2,0,16,201.4,28.9,82
2010-05-01T00:00:00,393.8977585,5,Ham Luong,2010,1,2,0,16,342.4,28.2,87
2010-06-01T00:00:00,399.305579,6,Ham Luong,2010,1,2,0,16,169.3,28.8,85
2010-07-01T00:00:00,355.7487157,7,Ham Luong,2010,1,2,0,16,413.5,27.2,89
2010-08-01T00:00:00,485.6268381,8,Ham Luong,2010,1,2,0,16,210.1,28.1,90
2010-09-01T00:00:00,417.750506,9,Ham Luong,2010,1,2,0,16,488.3,27,91
2010-10-01T00:00:00,465.2114145,10,Ham Luong,2010,1,2,0,16,208,27.5,87
2010-11-01T00:00:00,525.4011036,11,Ham Luong,2010,1,2,0,16,65.6,27.4,83
2010-12-01T00:00:00,263.0063275,12,Ham Luong,2010,1,2,0,16,19.6,26.7,81
2011-01-01T00:00:00,318.5943358,1,Ham Luong,2011,1,2,0,16,19,26.3,75
2011-02-01T00:00:00,512.6002196,2,Ham Luong,2011,1,2,0,16,0,26.4,75
2011-03-01T00:00:00,330.2797721,3,Ham Luong,2011,1,2,0,16,87.2,27.4,75
2011-04-01T00:00:00,520.0968122,4,Ham Luong,2011,1,2,0,16,91,28,76
2011-05-01T00:00:00,326.3836764,5,Ham Luong,2011,1,2,0,16,241.5,28.7,81
2011-06-01T00:00:00,620.1096516,6,Ham Luong,2011,1,2,0,16,369.8,28,83
2011-07-01T00:00:00,488.1244034,7,Ham Luong,2011,1,2,0,16,298.1,27.7,82
2011-08-01T00:00:00,437.5951069,8,Ham Luong,2011,1,2,0,16,236.8,27.9,82
2011-09-01T00:00:00,435.5477028,9,Ham Luong,2011,1,2,0,16,593.8,27.2,85
2011-10-01T00:00:00,304.7794567,10,Ham Luong,2011,1,2,0,16,187.4,28.1,80
2011-11-01T00:00:00,335.4389712,11,Ham Luong,2011,1,3,0,16,242.9,27.5,82
2011-12-01T00:00:00,309.220818,12,Ham Luong,2011,1,3,0,16,78.4,26.4,78
2012-01-01T00:00:00,262.3172589,1,Ham Luong,2012,1,3,0,16,7.3,26.6,78
2012-02-01T00:00:00,298.1430751,2,Ham Luong,2012,1,3,0,16,24.4,27.2,76
2012-03-01T00:00:00,362.1996913,3,Ham Luong,2012,1,3,0,16,233.7,28.1,78
2012-04-01T00:00:00,291.1176946,4,Ham Luong,2012,1,3,0,16,136.7,29,78
2012-05-01T00:00:00,364.7833877,5,Ham Luong,2012,1,3,0,16,249.7,28.2,83
2012-06-01T00:00:00,370.3940521,6,Ham Luong,2012,1,3,0,16,166.3,28.4,82
2012-07-01T00:00:00,357.0741434,7,Ham Luong,2012,1,3,0,16,288.5,27.5,85
2012-08-01T00:00:00,354.5003575,8,Ham Luong,2012,1,3,0,16,218.4,27.8,83
2012-09-01T00:00:00,325.0671325,9,Ham Luong,2012,1,3,0,16,533.3,26.6,88
2012-10-01T00:00:00,324.0706425,10,Ham Luong,2012,1,3,0,16,192.4,27.8,83
2012-11-01T00:00:00,289.430014,11,Ham Luong,2012,1,3,0,16,91.4,27.8,83
2012-12-01T00:00:00,225.7418289,12,Ham Luong,2012,1,3,0,16,11.8,27.8,78
2013-01-01T00:00:00,421.4996347,1,Ham Luong,2013,1,3,0,16,36.9,26.5,78
2013-02-01T00:00:00,240.6081235,2,Ham Luong,2013,1,3,0,16,8.1,27.5,75
2013-03-01T00:00:00,484.2742655,3,Ham Luong,2013,1,3,0,16,0,28.5,76
2013-04-01T00:00:00,394.9160848,4,Ham Luong,2013,1,3,0,16,104.3,29.3,79
2013-05-01T00:00:00,391.9298875,5,Ham Luong,2013,1,3,0,16,196,29.3,82
2013-06-01T00:00:00,445.1757793,6,Ham Luong,2013,1,3,0,16,291.6,28.2,85
2013-07-01T00:00:00,223.51559,7,Ham Luong,2013,1,3,0,16,258.4,27.3,85
2013-08-01T00:00:00,361.8732827,8,Ham Luong,2013,1,3,0,16,288.3,27.6,85
2013-09-01T00:00:00,349.6887509,9,Ham Luong,2013,1,3,0,16,233,27.7,85
2013-10-01T00:00:00,400.2158078,10,Ham Luong,2013,1,3,0,16,265.1,27.5,85
2013-11-01T00:00:00,318.1104631,11,Ham Luong,2013,1,3,0,16,230.5,27.6,82
2013-12-01T00:00:00,571.4848259,12,Ham Luong,2013,1,3,0,16,29.1,26.1,77
2014-01-01T00:00:00,442.3865691,1,Ham Luong,2014,1,3,0,16,8.3,25.3,76
2014-02-01T00:00:00,460.1912333,2,Ham Luong,2014,1,3,0,16,0,25.9,78
2014-03-01T00:00:00,362.118938,3,Ham Luong,2014,1,3,0,16,0,27.9,77
2014-04-01T00:00:00,466.1927346,4,Ham Luong,2014,1,3,0,16,61.2,29.5,76
2014-05-01T00:00:00,349.7029572,5,Ham Luong,2014,1,3,0,16,153.6,29.4,81
2014-06-01T00:00:00,385.8036164,6,Ham Luong,2014,1,3,0,16,190.3,28.2,85
2014-07-01T00:00:00,379.947992,7,Ham Luong,2014,1,3,0,16,388.6,27.7,85
2014-08-01T00:00:00,397.9194509,8,Ham Luong,2014,1,3,0,16,341.7,28,82
2014-09-01T00:00:00,399.5574833,9,Ham Luong,2014,1,3,0,16,273.3,27.6,84
2014-10-01T00:00:00,375.0513058,10,Ham Luong,2014,1,3,1,16,254.4,27.5,84
2014-11-01T00:00:00,266.4443476,11,Ham Luong,2014,1,3,1,16,291.3,27.6,85
2014-12-01T00:00:00,285.6460076,12,Ham Luong,2014,1,3,1,16,103,27.2,79
2015-01-01T00:00:00,446.7400373,1,Ham Luong,2015,1,3,1,16,43.6,25.6,79
2015-02-01T00:00:00,446.308663,2,Ham Luong,2015,1,3,1,16,0,26,76
2015-03-01T00:00:00,438.4566188,3,Ham Luong,2015,1,3,1,16,0,27.9,75
2015-04-01T00:00:00,553.7163436,4,Ham Luong,2015,1,3,1,16,6.4,29.4,74
2015-05-01T00:00:00,331.7171912,5,Ham Luong,2015,1,3,1,16,131.6,29.7,76
2015-06-01T00:00:00,425.6358772,6,Ham Luong,2015,1,3,1,16,466.6,28.2,84
2015-07-01T00:00:00,360.987298,7,Ham Luong,2015,1,3,1,16,200.7,28.6,83
2015-08-01T00:00:00,312.10513,8,Ham Luong,2015,1,3,1,16,250.6,28.3,83
2015-09-01T00:00:00,468.9887358,9,Ham Luong,2015,1,3,1,16,645.3,27.6,86
2015-10-01T00:00:00,323.3292603,10,Ham Luong,2015,1,3,1,16,231.4,28.3,83
2015-11-01T00:00:00,251.2365806,11,Ham Luong,2015,1,3,1,16,272.4,28,83
2015-12-01T00:00:00,265.981693,12,Ham Luong,2015,1,3,1,16,48.6,27.8,78
2016-01-01T00:00:00,274.3043613,1,Ham Luong,2016,1,3,1,16,0.2,27.9,78
2016-02-01T00:00:00,376.9463931,2,Ham Luong,2016,1,3,1,16,2.1,27.3,73
2016-03-01T00:00:00,528.3735636,3,Ham Luong,2016,1,3,1,16,0,28,75
2016-04-01T00:00:00,560.2836219,4,Ham Luong,2016,1,3,1,16,4,30.1,74
2016-05-01T00:00:00,429.860992,5,Ham Luong,2016,1,3,0,16,161.4,29.9,79
2016-06-01T00:00:00,393.5328029,6,Ham Luong,2016,1,3,0,16,230.8,28.3,84
2016-07-01T00:00:00,448.233399,7,Ham Luong,2016,1,3,0,16,432.2,28.3,84
2016-08-01T00:00:00,505.1780747,8,Ham Luong,2016,1,3,0,16,271.9,28.4,83
2016-09-01T00:00:00,279.7081317,9,Ham Luong,2016,1,3,0,16,345,27.6,85
2016-10-01T00:00:00,570.0579039,10,Ham Luong,2016,1,3,0,16,501.1,27,88
2016-11-01T00:00:00,288.0814639,11,Ham Luong,2016,1,3,0,16,183.6,27.9,82
2016-12-01T00:00:00,343.8763184,12,Ham Luong,2016,1,3,0,16,171.8,27.1,80
2017-01-01T00:00:00,288.489752,1,Ham Luong,2017,1,3,0,16,15.8,27.3,76
2017-02-01T00:00:00,291.6341645,2,Ham Luong,2017,1,3,0,16,54.3,27.1,76
2017-03-01T00:00:00,384.7250002,3,Ham Luong,2017,1,3,0,16,12.5,27.9,76
2017-04-01T00:00:00,420.2993822,4,Ham Luong,2017,1,3,0,16,98.1,29.3,77
2017-05-01T00:00:00,484.2277706,5,Ham Luong,2017,1,3,0,16,272.4,29,82
2017-06-01T00:00:00,355.6995579,6,Ham Luong,2017,1,3,0,16,148.6,28.7,82
2017-07-01T00:00:00,407.4220851,7,Ham Luong,2017,1,3,0,16,251.4,28,84
2017-08-01T00:00:00,558.7451038,8,Ham Luong,2017,1,3,0,16,383.1,27.7,86
2017-09-01T00:00:00,376.69874,9,Ham Luong,2017,1,3,0,16,291.5,28.2,83
2017-10-01T00:00:00,392.3093983,10,Ham Luong,2017,1,3,0,16,453.8,27.5,86
2017-11-01T00:00:00,377.1393684,11,Ham Luong,2017,1,3,0,16,121.3,27.7,83
2017-12-01T00:00:00,322.4379625,12,Ham Luong,2017,1,3,0,16,72.4,26.3,79
2018-01-01T00:00:00,381.088263,1,Ham Luong,2018,1,3,0,16,42.5,26.7,80
2018-02-01T00:00:00,498.8515513,2,Ham Luong,2018,1,3,0,16,11.2,26.6,76
2018-03-01T00:00:00,396.5611622,3,Ham Luong,2018,1,3,0,16,0.2,28.1,76
2018-04-01T00:00:00,423.6310466,4,Ham Luong,2018,1,3,0,16,10.1,29.1,76
2018-05-01T00:00:00,435.9112965,5,Ham Luong,2018,1,3,0,16,219.8,29.3,80
2018-06-01T00:00:00,477.097682,6,Ham Luong,2018,1,3,0,16,238.8,28.1,84
2018-07-01T00:00:00,429.2979033,7,Ham Luong,2018,1,3,0,16,522.9,27.5,86
2018-08-01T00:00:00,404.8637488,8,Ham Luong,2018,1,3,0,16,288.8,28,84
2018-09-01T00:00:00,434.6007107,9,Ham Luong,2018,1,3,1,16,293.7,27.6,85
2018-10-01T00:00:00,414.3032258,10,Ham Luong,2018,1,3,1,16,227.6,28.1,81
2018-11-01T00:00:00,299.9563972,11,Ham Luong,2018,1,3,1,16,104.5,28.1,80
2018-12-01T00:00:00,370.0320916,12,Ham Luong,2018,1,3,1,16,47.7,27.8,80
2019-01-01T00:00:00,285.3028261,1,Ham Luong,2019,1,3,1,16,149.3,27,77
2019-02-01T00:00:00,288.9751391,2,Ham Luong,2019,1,3,1,16,0.8,27.4,76
2019-03-01T00:00:00,448.2572222,3,Ham Luong,2019,1,3,1,16,13.1,28.6,77
2019-04-01T00:00:00,350.467816,4,Ham Luong,2019,1,3,1,16,60.7,29.9,77
2019-05-01T00:00:00,451.3429017,5,Ham Luong,2019,1,3,1,16,205.4,29.5,82
2019-06-01T00:00:00,318.6821723,6,Ham Luong,2019,1,3,1,16,444.8,28.5,85
2019-07-01T00:00:00,452.0757056,7,Ham Luong,2019,1,3,0,16,242.2,28.2,85
2019-08-01T00:00:00,466.0578351,8,Ham Luong,2019,1,3,0,16,464.5,27.6,86
2019-09-01T00:00:00,341.6318725,9,Ham Luong,2019,1,3,0,16,302.5,27.9,84
2019-10-01T00:00:00,393.2251268,10,Ham Luong,2019,1,3,0,16,269.5,27.9,85
2019-11-01T00:00:00,313.1700996,11,Ham Luong,2019,1,3,0,16,110.1,27.8,80
2019-12-01T00:00:00,322.3925577,12,Ham Luong,2019,1,3,0,16,0,26.5,76
2007-01-01T00:00:00,380.7560553,1,My Thuan,2007,1,1,1,23.66,38,26.1,80
2007-02-01T00:00:00,344.5386135,2,My Thuan,2007,1,1,0,23.66,0,26.4,79
2007-03-01T00:00:00,358.715725,3,My Thuan,2007,1,1,0,23.66,39,27.9,79
2007-04-01T00:00:00,387.4428109,4,My Thuan,2007,1,1,0,23.66,86,29.2,77
2007-05-01T00:00:00,405.6069576,5,My Thuan,2007,1,1,0,23.66,174,28.4,84
2007-06-01T00:00:00,435.8768384,6,My Thuan,2007,1,1,0,23.66,322,28.3,85
2007-07-01T00:00:00,370.9239104,7,My Thuan,2007,1,1,0,23.66,421,27.3,87
2007-08-01T00:00:00,309.0443194,8,My Thuan,2007,1,1,0,23.66,371,27.4,86
2007-09-01T00:00:00,509.6720411,9,My Thuan,2007,1,1,0,23.66,307,27.5,86
2007-10-01T00:00:00,309.4722995,10,My Thuan,2007,1,1,0,23.66,508,27.1,87
2007-11-01T00:00:00,386.685545,11,My Thuan,2007,1,1,0,23.66,339,26.6,82
2007-12-01T00:00:00,314.8200494,12,My Thuan,2007,1,1,0,23.66,1,26.9,79
2008-01-01T00:00:00,284.9615575,1,My Thuan,2008,1,1,0,23.66,113,26.2,80
2008-02-01T00:00:00,413.2954084,2,My Thuan,2008,1,1,0,23.66,8,26.5,76
2008-03-01T00:00:00,524.4611488,3,My Thuan,2008,1,1,0,23.66,0,27.3,77
2008-04-01T00:00:00,339.2240883,4,My Thuan,2008,1,1,0,23.66,94,28.7,79
2008-05-01T00:00:00,521.0165162,5,My Thuan,2008,1,1,0,23.66,272,27.9,85
2008-06-01T00:00:00,429.9455414,6,My Thuan,2008,1,1,0,23.66,381,27.7,86
2008-07-01T00:00:00,340.1595782,7,My Thuan,2008,1,1,0,23.66,332,27.4,86
2008-08-01T00:00:00,416.3984903,8,My Thuan,2008,1,1,0,23.66,260,27.4,86
2008-09-01T00:00:00,412.0917072,9,My Thuan,2008,1,1,0,23.66,429,27,87
2008-10-01T00:00:00,417.7850018,10,My Thuan,2008,1,1,0,23.66,348,27.2,89
2008-11-01T00:00:00,355.9705704,11,My Thuan,2008,1,1,0,23.66,270,26.7,85
2008-12-01T00:00:00,317.9049021,12,My Thuan,2008,1,1,0,23.66,172,26.2,82
2009-01-01T00:00:00,405.1304906,1,My Thuan,2009,1,1,0,23.66,22.7,25.1,80
2009-02-01T00:00:00,252.092907,2,My Thuan,2009,1,1,0,23.66,101.3,26.7,82
2009-03-01T00:00:00,363.0060997,3,My Thuan,2009,1,1,0,23.66,2.2,28.6,78
2009-04-01T00:00:00,355.4816672,4,My Thuan,2009,1,1,0,23.66,201.4,28.9,81
2009-05-01T00:00:00,353.7141632,5,My Thuan,2009,1,1,0,23.66,342.4,28.3,84
2009-06-01T00:00:00,360.0565797,6,My Thuan,2009,1,1,0,23.66,169.3,28.8,81
2009-07-01T00:00:00,241.9892158,7,My Thuan,2009,1,1,1,23.66,413.5,27.2,86
2009-08-01T00:00:00,397.3645797,8,My Thuan,2009,1,1,1,23.66,210.1,28.1,84
2009-09-01T00:00:00,168.8337011,9,My Thuan,2009,1,2,1,23.66,488.3,27,87
2009-10-01T00:00:00,449.736478,10,My Thuan,2009,1,2,1,23.66,208,27.5,85
2009-11-01T00:00:00,299.4539537,11,My Thuan,2009,1,2,1,23.66,65.6,27.4,81
2009-12-01T00:00:00,424.2887087,12,My Thuan,2009,1,2,1,23.66,19.6,26.7,79
2010-01-01T00:00:00,397.956436,1,My Thuan,2010,1,2,1,23.66,22.7,25.1,78
2010-02-01T00:00:00,303.0230999,2,My Thuan,2010,1,2,1,23.66,101.3,26.7,78
2010-03-01T00:00:00,476.4231997,3,My Thuan,2010,1,2,1,23.66,2.2,28.6,78
2010-04-01T00:00:00,460.2389421,4,My Thuan,2010,1,2,0,23.66,201.4,28.9,82
2010-05-01T00:00:00,348.3796365,5,My Thuan,2010,1,2,0,23.66,342.4,28.2,87
2010-06-01T00:00:00,357.9302894,6,My Thuan,2010,1,2,0,23.66,169.3,28.8,85
2010-07-01T00:00:00,335.6459516,7,My Thuan,2010,1,2,0,23.66,413.5,27.2,89
2010-08-01T00:00:00,315.7234647,8,My Thuan,2010,1,2,0,23.66,210.1,28.1,90
2010-09-01T00:00:00,363.8488221,9,My Thuan,2010,1,2,0,23.66,488.3,27,91
2010-10-01T00:00:00,576.6236428,10,My Thuan,2010,1,2,0,23.66,208,27.5,87
2010-11-01T00:00:00,339.8458746,11,My Thuan,2010,1,2,0,23.66,65.6,27.4,83
2010-12-01T00:00:00,293.4267413,12,My Thuan,2010,1,2,0,23.66,19.6,26.7,81
2011-01-01T00:00:00,324.3428823,1,My Thuan,2011,1,2,0,23.66,19,26.3,75
2011-02-01T00:00:00,587.9389874,2,My Thuan,2011,1,2,0,23.66,0,26.4,75
2011-03-01T00:00:00,366.1341901,3,My Thuan,2011,1,2,0,23.66,87.2,27.4,75
2011-04-01T00:00:00,518.1234228,4,My Thuan,2011,1,2,0,23.66,91,28,76
2011-05-01T00:00:00,327.5514923,5,My Thuan,2011,1,2,0,23.66,241.5,28.7,81
2011-06-01T00:00:00,427.6012419,6,My Thuan,2011,1,2,0,23.66,369.8,28,83
2011-07-01T00:00:00,393.5792125,7,My Thuan,2011,1,2,0,23.66,298.1,27.7,82
2011-08-01T00:00:00,341.2583958,8,My Thuan,2011,1,2,0,23.66,236.8,27.9,82
2011-09-01T00:00:00,276.5052389,9,My Thuan,2011,1,2,0,23.66,593.8,27.2,85
2011-10-01T00:00:00,385.2847951,10,My Thuan,2011,1,2,0,23.66,187.4,28.1,80
2011-11-01T00:00:00,377.8786812,11,My Thuan,2011,1,3,0,23.66,242.9,27.5,82
2011-12-01T00:00:00,305.8507622,12,My Thuan,2011,1,3,0,23.66,78.4,26.4,78
2012-01-01T00:00:00,297.9732704,1,My Thuan,2012,1,3,0,23.66,7.3,26.6,78
2012-02-01T00:00:00,390.0040861,2,My Thuan,2012,1,3,0,23.66,24.4,27.2,76
2012-03-01T00:00:00,671.4307392,3,My Thuan,2012,1,3,0,23.66,233.7,28.1,78
2012-04-01T00:00:00,281.8786265,4,My Thuan,2012,1,3,0,23.66,136.7,29,78
2012-05-01T00:00:00,365.7384465,5,My Thuan,2012,1,3,0,23.66,249.7,28.2,83
2012-06-01T00:00:00,388.5912565,6,My Thuan,2012,1,3,0,23.66,166.3,28.4,82
2012-07-01T00:00:00,414.1179655,7,My Thuan,2012,1,3,0,23.66,288.5,27.5,85
2012-08-01T00:00:00,339.8692161,8,My Thuan,2012,1,3,0,23.66,218.4,27.8,83
2012-09-01T00:00:00,351.8123207,9,My Thuan,2012,1,3,0,23.66,533.3,26.6,88
2012-10-01T00:00:00,441.1131743,10,My Thuan,2012,1,3,0,23.66,192.4,27.8,83
2012-11-01T00:00:00,354.0366094,11,My Thuan,2012,1,3,0,23.66,91.4,27.8,83
2012-12-01T00:00:00,273.7080894,12,My Thuan,2012,1,3,0,23.66,11.8,27.8,78
2013-01-01T00:00:00,394.6890703,1,My Thuan,2013,1,3,0,23.66,36.9,26.5,78
2013-02-01T00:00:00,290.5321936,2,My Thuan,2013,1,3,0,23.66,8.1,27.5,75
2013-03-01T00:00:00,498.0705914,3,My Thuan,2013,1,3,0,23.66,0,28.5,76
2013-04-01T00:00:00,470.705527,4,My Thuan,2013,1,3,0,23.66,104.3,29.3,79
2013-05-01T00:00:00,385.6192628,5,My Thuan,2013,1,3,0,23.66,196,29.3,82
2013-06-01T00:00:00,459.5177004,6,My Thuan,2013,1,3,0,23.66,291.6,28.2,85
2013-07-01T00:00:00,229.3638708,7,My Thuan,2013,1,3,0,23.66,258.4,27.3,85
2013-08-01T00:00:00,288.4018817,8,My Thuan,2013,1,3,0,23.66,288.3,27.6,85
2013-09-01T00:00:00,329.7119968,9,My Thuan,2013,1,3,0,23.66,233,27.7,85
2013-10-01T00:00:00,392.4904154,10,My Thuan,2013,1,3,0,23.66,265.1,27.5,85
2013-11-01T00:00:00,326.8734688,11,My Thuan,2013,1,3,0,23.66,230.5,27.6,82
2013-12-01T00:00:00,520.5300707,12,My Thuan,2013,1,3,0,23.66,29.1,26.1,77
2014-01-01T00:00:00,395.2122154,1,My Thuan,2014,1,3,0,23.66,8.3,25.3,76
2014-02-01T00:00:00,501.0069955,2,My Thuan,2014,1,3,0,23.66,0,25.9,78
2014-03-01T00:00:00,412.4620495,3,My Thuan,2014,1,3,0,23.66,0,27.9,77
2014-04-01T00:00:00,316.3527706,4,My Thuan,2014,1,3,0,23.66,61.2,29.5,76
2014-05-01T00:00:00,373.1998666,5,My Thuan,2014,1,3,0,23.66,153.6,29.4,81
2014-06-01T00:00:00,309.4771494,6,My Thuan,2014,1,3,0,23.66,190.3,28.2,85
2014-07-01T00:00:00,320.5788338,7,My Thuan,2014,1,3,0,23.66,388.6,27.7,85
2014-08-01T00:00:00,264.0456117,8,My Thuan,2014,1,3,0,23.66,341.7,28,82
2014-09-01T00:00:00,466.1209964,9,My Thuan,2014,1,3,0,23.66,273.3,27.6,84
2014-10-01T00:00:00,409.3262657,10,My Thuan,2014,1,3,1,23.66,254.4,27.5,84
2014-11-01T00:00:00,324.4624498,11,My Thuan,2014,1,3,1,23.66,291.3,27.6,85
2014-12-01T00:00:00,246.9506433,12,My Thuan,2014,1,3,1,23.66,103,27.2,79
2015-01-01T00:00:00,506.5073556,1,My Thuan,2015,1,3,1,23.66,43.6,25.6,79
2015-02-01T00:00:00,454.8302783,2,My Thuan,2015,1,3,1,23.66,0,26,76
2015-03-01T00:00:00,518.1129457,3,My Thuan,2015,1,3,1,23.66,0,27.9,75
2015-04-01T00:00:00,527.1213969,4,My Thuan,2015,1,3,1,23.66,6.4,29.4,74
2015-05-01T00:00:00,334.2828823,5,My Thuan,2015,1,3,1,23.66,131.6,29.7,76
2015-06-01T00:00:00,420.117902,6,My Thuan,2015,1,3,1,23.66,466.6,28.2,84
2015-07-01T00:00:00,395.2418953,7,My Thuan,2015,1,3,1,23.66,200.7,28.6,83
2015-08-01T00:00:00,348.0945304,8,My Thuan,2015,1,3,1,23.66,250.6,28.3,83
2015-09-01T00:00:00,485.6901742,9,My Thuan,2015,1,3,1,23.66,645.3,27.6,86
2015-10-01T00:00:00,477.0868891,10,My Thuan,2015,1,3,1,23.66,231.4,28.3,83
2015-11-01T00:00:00,371.9534733,11,My Thuan,2015,1,3,1,23.66,272.4,28,83
2015-12-01T00:00:00,241.9076574,12,My Thuan,2015,1,3,1,23.66,48.6,27.8,78
2016-01-01T00:00:00,312.6340965,1,My Thuan,2016,1,3,1,23.66,0.2,27.9,78
2016-02-01T00:00:00,493.0474878,2,My Thuan,2016,1,3,1,23.66,2.1,27.3,73
2016-03-01T00:00:00,641.6799349,3,My Thuan,2016,1,3,1,23.66,0,28,75
2016-04-01T00:00:00,527.1378697,4,My Thuan,2016,1,3,1,23.66,4,30.1,74
2016-05-01T00:00:00,520.2329362,5,My Thuan,2016,1,3,0,23.66,161.4,29.9,79
2016-06-01T00:00:00,366.4280945,6,My Thuan,2016,1,3,0,23.66,230.8,28.3,84
2016-07-01T00:00:00,410.0912276,7,My Thuan,2016,1,3,0,23.66,432.2,28.3,84
2016-08-01T00:00:00,292.8587558,8,My Thuan,2016,1,3,0,23.66,271.9,28.4,83
2016-09-01T00:00:00,430.6952694,9,My Thuan,2016,1,3,0,23.66,345,27.6,85
2016-10-01T00:00:00,544.8421976,10,My Thuan,2016,1,3,0,23.66,501.1,27,88
2016-11-01T00:00:00,371.2560905,11,My Thuan,2016,1,3,0,23.66,183.6,27.9,82
2016-12-01T00:00:00,265.7377236,12,My Thuan,2016,1,3,0,23.66,171.8,27.1,80
2017-01-01T00:00:00,228.7035791,1,My Thuan,2017,1,3,0,23.66,15.8,27.3,76
2017-02-01T00:00:00,309.6519515,2,My Thuan,2017,1,3,0,23.66,54.3,27.1,76
2017-03-01T00:00:00,440.8172481,3,My Thuan,2017,1,3,0,23.66,12.5,27.9,76
2017-04-01T00:00:00,405.1200421,4,My Thuan,2017,1,3,0,23.66,98.1,29.3,77
2017-05-01T00:00:00,446.7688905,5,My Thuan,2017,1,3,0,23.66,272.4,29,82
2017-06-01T00:00:00,377.3270976,6,My Thuan,2017,1,3,0,23.66,148.6,28.7,82
2017-07-01T00:00:00,321.3622641,7,My Thuan,2017,1,3,0,23.66,251.4,28,84
2017-08-01T00:00:00,469.5600721,8,My Thuan,2017,1,3,0,23.66,383.1,27.7,86
2017-09-01T00:00:00,347.1408315,9,My Thuan,2017,1,3,0,23.66,291.5,28.2,83
2017-10-01T00:00:00,390.1106286,10,My Thuan,2017,1,3,0,23.66,453.8,27.5,86
2017-11-01T00:00:00,383.7354186,11,My Thuan,2017,1,3,0,23.66,121.3,27.7,83
2017-12-01T00:00:00,277.5278559,12,My Thuan,2017,1,3,0,23.66,72.4,26.3,79
2018-01-01T00:00:00,386.1825165,1,My Thuan,2018,1,3,0,23.66,42.5,26.7,80
2018-02-01T00:00:00,458.4277041,2,My Thuan,2018,1,3,0,23.66,11.2,26.6,76
2018-03-01T00:00:00,554.2202694,3,My Thuan,2018,1,3,0,23.66,0.2,28.1,76
2018-04-01T00:00:00,422.8887576,4,My Thuan,2018,1,3,0,23.66,10.1,29.1,76
2018-05-01T00:00:00,503.6195816,5,My Thuan,2018,1,3,0,23.66,219.8,29.3,80
2018-06-01T00:00:00,488.3221559,6,My Thuan,2018,1,3,0,23.66,238.8,28.1,84
2018-07-01T00:00:00,365.7592871,7,My Thuan,2018,1,3,0,23.66,522.9,27.5,86
2018-08-01T00:00:00,333.102249,8,My Thuan,2018,1,3,0,23.66,288.8,28,84
2018-09-01T00:00:00,346.8903325,9,My Thuan,2018,1,3,1,23.66,293.7,27.6,85
2018-10-01T00:00:00,405.9414707,10,My Thuan,2018,1,3,1,23.66,227.6,28.1,81
2018-11-01T00:00:00,351.662185,11,My Thuan,2018,1,3,1,23.66,104.5,28.1,80
2018-12-01T00:00:00,276.6207985,12,My Thuan,2018,1,3,1,23.66,47.7,27.8,80
2019-01-01T00:00:00,345.4105853,1,My Thuan,2019,1,3,1,23.66,149.3,27,77
2019-02-01T00:00:00,334.3640763,2,My Thuan,2019,1,3,1,23.66,0.8,27.4,76
2019-03-01T00:00:00,534.5076189,3,My Thuan,2019,1,3,1,23.66,13.1,28.6,77
2019-04-01T00:00:00,313.2195988,4,My Thuan,2019,1,3,1,23.66,60.7,29.9,77
2019-05-01T00:00:00,429.8629779,5,My Thuan,2019,1,3,1,23.66,205.4,29.5,82
2019-06-01T00:00:00,310.3140552,6,My Thuan,2019,1,3,1,23.66,444.8,28.5,85
2019-07-01T00:00:00,379.4348804,7,My Thuan,2019,1,3,0,23.66,242.2,28.2,85
2019-08-01T00:00:00,437.5394434,8,My Thuan,2019,1,3,0,23.66,464.5,27.6,86
2019-09-01T00:00:00,384.6937123,9,My Thuan,2019,1,3,0,23.66,302.5,27.9,84
2019-10-01T00:00:00,470.2061402,10,My Thuan,2019,1,3,0,23.66,269.5,27.9,85
2019-11-01T00:00:00,398.5153348,11,My Thuan,2019,1,3,0,23.66,110.1,27.8,80
2019-12-01T00:00:00,325.2923833,12,My Thuan,2019,1,3,0,23.66,0,26.5,76
2007-01-01T00:00:00,361.9842352,1,Rach Mieu,2007,0,1,1,15,38,26.1,80
2007-02-01T00:00:00,307.7091532,2,Rach Mieu,2007,0,1,0,15,0,26.4,79
2007-03-01T00:00:00,345.4221436,3,Rach Mieu,2007,0,1,0,15,39,27.9,79
2007-04-01T00:00:00,338.7286097,4,Rach Mieu,2007,0,1,0,15,86,29.2,77
2007-05-01T00:00:00,355.0101584,5,Rach Mieu,2007,0,1,0,15,174,28.4,84
2007-06-01T00:00:00,323.6613333,6,Rach Mieu,2007,0,1,0,15,322,28.3,85
2007-07-01T00:00:00,431.7057911,7,Rach Mieu,2007,0,1,0,15,421,27.3,87
2007-08-01T00:00:00,384.7095433,8,Rach Mieu,2007,0,1,0,15,371,27.4,86
2007-09-01T00:00:00,544.5356239,9,Rach Mieu,2007,0,1,0,15,307,27.5,86
2007-10-01T00:00:00,332.489917,10,Rach Mieu,2007,0,1,0,15,508,27.1,87
2007-11-01T00:00:00,343.2604391,11,Rach Mieu,2007,0,1,0,15,339,26.6,82
2007-12-01T00:00:00,330.1117598,12,Rach Mieu,2007,0,1,0,15,1,26.9,79
2008-01-01T00:00:00,332.1295301,1,Rach Mieu,2008,0,1,0,15,113,26.2,80
2008-02-01T00:00:00,353.9314888,2,Rach Mieu,2008,0,1,0,15,8,26.5,76
2008-03-01T00:00:00,394.2189816,3,Rach Mieu,2008,0,1,0,15,0,27.3,77
2008-04-01T00:00:00,374.0547799,4,Rach Mieu,2008,0,1,0,15,94,28.7,79
2008-05-01T00:00:00,543.8186324,5,Rach Mieu,2008,0,1,0,15,272,27.9,85
2008-06-01T00:00:00,401.2388219,6,Rach Mieu,2008,0,1,0,15,381,27.7,86
2008-07-01T00:00:00,350.401161,7,Rach Mieu,2008,0,1,0,15,332,27.4,86
2008-08-01T00:00:00,511.9706287,8,Rach Mieu,2008,0,1,0,15,260,27.4,86
2008-09-01T00:00:00,363.5863023,9,Rach Mieu,2008,0,1,0,15,429,27,87
2008-10-01T00:00:00,329.6774632,10,Rach Mieu,2008,0,1,0,15,348,27.2,89
2008-11-01T00:00:00,276.6695103,11,Rach Mieu,2008,0,1,0,15,270,26.7,85
2008-12-01T00:00:00,363.4044025,12,Rach Mieu,2008,0,1,0,15,172,26.2,82
2009-01-01T00:00:00,385.3546553,1,Rach Mieu,2009,1,1,0,15,22.7,25.1,80
2009-02-01T00:00:00,180.1000587,2,Rach Mieu,2009,1,1,0,15,101.3,26.7,82
2009-03-01T00:00:00,244.1749349,3,Rach Mieu,2009,1,1,0,15,2.2,28.6,78
2009-04-01T00:00:00,290.9954031,4,Rach Mieu,2009,1,1,0,15,201.4,28.9,81
2009-05-01T00:00:00,376.8139114,5,Rach Mieu,2009,1,1,0,15,342.4,28.3,84
2009-06-01T00:00:00,391.8985055,6,Rach Mieu,2009,1,1,0,15,169.3,28.8,81
2009-07-01T00:00:00,255.9410854,7,Rach Mieu,2009,1,1,1,15,413.5,27.2,86
2009-08-01T00:00:00,362.2791019,8,Rach Mieu,2009,1,1,1,15,210.1,28.1,84
2009-09-01T00:00:00,298.2445906,9,Rach Mieu,2009,1,2,1,15,488.3,27,87
2009-10-01T00:00:00,352.485489,10,Rach Mieu,2009,1,2,1,15,208,27.5,85
2009-11-01T00:00:00,267.0173019,11,Rach Mieu,2009,1,2,1,15,65.6,27.4,81
2009-12-01T00:00:00,393.786478,12,Rach Mieu,2009,1,2,1,15,19.6,26.7,79
2010-01-01T00:00:00,357.3168095,1,Rach Mieu,2010,1,2,1,15,22.7,25.1,78
2010-02-01T00:00:00,256.4394505,2,Rach Mieu,2010,1,2,1,15,101.3,26.7,78
2010-03-01T00:00:00,426.3038333,3,Rach Mieu,2010,1,2,1,15,2.2,28.6,78
2010-04-01T00:00:00,401.711909,4,Rach Mieu,2010,1,2,0,15,201.4,28.9,82
2010-05-01T00:00:00,320.3870191,5,Rach Mieu,2010,1,2,0,15,342.4,28.2,87
2010-06-01T00:00:00,337.1438872,6,Rach Mieu,2010,1,2,0,15,169.3,28.8,85
2010-07-01T00:00:00,334.1748724,7,Rach Mieu,2010,1,2,0,15,413.5,27.2,89
2010-08-01T00:00:00,479.9991976,8,Rach Mieu,2010,1,2,0,15,210.1,28.1,90
2010-09-01T00:00:00,422.4026963,9,Rach Mieu,2010,1,2,0,15,488.3,27,91
2010-10-01T00:00:00,428.2796358,10,Rach Mieu,2010,1,2,0,15,208,27.5,87
2010-11-01T00:00:00,396.5907193,11,Rach Mieu,2010,1,2,0,15,65.6,27.4,83
2010-12-01T00:00:00,318.7739515,12,Rach Mieu,2010,1,2,0,15,19.6,26.7,81
2011-01-01T00:00:00,364.8683707,1,Rach Mieu,2011,1,2,0,15,19,26.3,75
2011-02-01T00:00:00,511.8685443,2,Rach Mieu,2011,1,2,0,15,0,26.4,75
2011-03-01T00:00:00,337.7580431,3,Rach Mieu,2011,1,2,0,15,87.2,27.4,75
2011-04-01T00:00:00,533.2311853,4,Rach Mieu,2011,1,2,0,15,91,28,76
2011-05-01T00:00:00,378.2700151,5,Rach Mieu,2011,1,2,0,15,241.5,28.7,81
2011-06-01T00:00:00,580.724208,6,Rach Mieu,2011,1,2,0,15,369.8,28,83
2011-07-01T00:00:00,480.8482071,7,Rach Mieu,2011,1,2,0,15,298.1,27.7,82
2011-08-01T00:00:00,451.8214475,8,Rach Mieu,2011,1,2,0,15,236.8,27.9,82
2011-09-01T00:00:00,367.5160994,9,Rach Mieu,2011,1,2,0,15,593.8,27.2,85
2011-10-01T00:00:00,334.9805344,10,Rach Mieu,2011,1,2,0,15,187.4,28.1,80
2011-11-01T00:00:00,402.2533043,11,Rach Mieu,2011,1,3,0,15,242.9,27.5,82
2011-12-01T00:00:00,342.3954648,12,Rach Mieu,2011,1,3,0,15,78.4,26.4,78
2012-01-01T00:00:00,225.0213223,1,Rach Mieu,2012,1,3,0,15,7.3,26.6,78
2012-02-01T00:00:00,348.6076582,2,Rach Mieu,2012,1,3,0,15,24.4,27.2,76
2012-03-01T00:00:00,375.2064643,3,Rach Mieu,2012,1,3,0,15,233.7,28.1,78
2012-04-01T00:00:00,308.9664175,4,Rach Mieu,2012,1,3,0,15,136.7,29,78
2012-05-01T00:00:00,394.7507406,5,Rach Mieu,2012,1,3,0,15,249.7,28.2,83
2012-06-01T00:00:00,360.7304653,6,Rach Mieu,2012,1,3,0,15,166.3,28.4,82
2012-07-01T00:00:00,390.1188405,7,Rach Mieu,2012,1,3,0,15,288.5,27.5,85
2012-08-01T00:00:00,392.8878079,8,Rach Mieu,2012,1,3,0,15,218.4,27.8,83
2012-09-01T00:00:00,286.2279265,9,Rach Mieu,2012,1,3,0,15,533.3,26.6,88
2012-10-01T00:00:00,299.6134789,10,Rach Mieu,2012,1,3,0,15,192.4,27.8,83
2012-11-01T00:00:00,283.882438,11,Rach Mieu,2012,1,3,0,15,91.4,27.8,83
2012-12-01T00:00:00,232.3744096,12,Rach Mieu,2012,1,3,0,15,11.8,27.8,78
2013-01-01T00:00:00,421.6292186,1,Rach Mieu,2013,1,3,0,15,36.9,26.5,78
2013-02-01T00:00:00,283.211438,2,Rach Mieu,2013,1,3,0,15,8.1,27.5,75
2013-03-01T00:00:00,532.4016191,3,Rach Mieu,2013,1,3,0,15,0,28.5,76
2013-04-01T00:00:00,445.1946244,4,Rach Mieu,2013,1,3,0,15,104.3,29.3,79
2013-05-01T00:00:00,381.5829087,5,Rach Mieu,2013,1,3,0,15,196,29.3,82
2013-06-01T00:00:00,459.733142,6,Rach Mieu,2013,1,3,0,15,291.6,28.2,85
2013-07-01T00:00:00,281.0669236,7,Rach Mieu,2013,1,3,0,15,258.4,27.3,85
2013-08-01T00:00:00,371.8789994,8,Rach Mieu,2013,1,3,0,15,288.3,27.6,85
2013-09-01T00:00:00,384.2098369,9,Rach Mieu,2013,1,3,0,15,233,27.7,85
2013-10-01T00:00:00,461.8240799,10,Rach Mieu,2013,1,3,0,15,265.1,27.5,85
2013-11-01T00:00:00,350.0647435,11,Rach Mieu,2013,1,3,0,15,230.5,27.6,82
2013-12-01T00:00:00,555.8954598,12,Rach Mieu,2013,1,3,0,15,29.1,26.1,77
2014-01-01T00:00:00,461.0980719,1,Rach Mieu,2014,1,3,0,15,8.3,25.3,76
2014-02-01T00:00:00,459.5780069,2,Rach Mieu,2014,1,3,0,15,0,25.9,78
2014-03-01T00:00:00,368.7544161,3,Rach Mieu,2014,1,3,0,15,0,27.9,77
2014-04-01T00:00:00,434.8286942,4,Rach Mieu,2014,1,3,0,15,61.2,29.5,76
2014-05-01T00:00:00,348.0998743,5,Rach Mieu,2014,1,3,0,15,153.6,29.4,81
2014-06-01T00:00:00,411.0313266,6,Rach Mieu,2014,1,3,0,15,190.3,28.2,85
2014-07-01T00:00:00,342.4408349,7,Rach Mieu,2014,1,3,0,15,388.6,27.7,85
2014-08-01T00:00:00,363.9750389,8,Rach Mieu,2014,1,3,0,15,341.7,28,82
2014-09-01T00:00:00,352.0969375,9,Rach Mieu,2014,1,3,0,15,273.3,27.6,84
2014-10-01T00:00:00,384.5889316,10,Rach Mieu,2014,1,3,1,15,254.4,27.5,84
2014-11-01T00:00:00,319.5162221,11,Rach Mieu,2014,1,3,1,15,291.3,27.6,85
2014-12-01T00:00:00,298.1616804,12,Rach Mieu,2014,1,3,1,15,103,27.2,79
2015-01-01T00:00:00,469.4131244,1,Rach Mieu,2015,1,3,1,15,43.6,25.6,79
2015-02-01T00:00:00,481.0540268,2,Rach Mieu,2015,1,3,1,15,0,26,76
2015-03-01T00:00:00,422.1970452,3,Rach Mieu,2015,1,3,1,15,0,27.9,75
2015-04-01T00:00:00,631.4495069,4,Rach Mieu,2015,1,3,1,15,6.4,29.4,74
2015-05-01T00:00:00,356.4118053,5,Rach Mieu,2015,1,3,1,15,131.6,29.7,76
2015-06-01T00:00:00,444.4872172,6,Rach Mieu,2015,1,3,1,15,466.6,28.2,84
2015-07-01T00:00:00,442.8769351,7,Rach Mieu,2015,1,3,1,15,200.7,28.6,83
2015-08-01T00:00:00,362.8145218,8,Rach Mieu,2015,1,3,1,15,250.6,28.3,83
2015-09-01T00:00:00,489.1537687,9,Rach Mieu,2015,1,3,1,15,645.3,27.6,86
2015-10-01T00:00:00,414.4437597,10,Rach Mieu,2015,1,3,1,15,231.4,28.3,83
2015-11-01T00:00:00,266.7706156,11,Rach Mieu,2015,1,3,1,15,272.4,28,83
2015-12-01T00:00:00,300.9193012,12,Rach Mieu,2015,1,3,1,15,48.6,27.8,78
2016-01-01T00:00:00,305.427009,1,Rach Mieu,2016,1,3,1,15,0.2,27.9,78
2016-02-01T00:00:00,473.9556126,2,Rach Mieu,2016,1,3,1,15,2.1,27.3,73
2016-03-01T00:00:00,511.4723546,3,Rach Mieu,2016,1,3,1,15,0,28,75
2016-04-01T00:00:00,528.6676658,4,Rach Mieu,2016,1,3,1,15,4,30.1,74
2016-05-01T00:00:00,457.5195456,5,Rach Mieu,2016,1,3,0,15,161.4,29.9,79
2016-06-01T00:00:00,405.3378389,6,Rach Mieu,2016,1,3,0,15,230.8,28.3,84
2016-07-01T00:00:00,401.1619274,7,Rach Mieu,2016,1,3,0,15,432.2,28.3,84
2016-08-01T00:00:00,379.4389414,8,Rach Mieu,2016,1,3,0,15,271.9,28.4,83
2016-09-01T00:00:00,307.5135435,9,Rach Mieu,2016,1,3,0,15,345,27.6,85
2016-10-01T00:00:00,346.1582853,10,Rach Mieu,2016,1,3,0,15,501.1,27,88
2016-11-01T00:00:00,314.115309,11,Rach Mieu,2016,1,3,0,15,183.6,27.9,82
2016-12-01T00:00:00,399.3742798,12,Rach Mieu,2016,1,3,0,15,171.8,27.1,80
2017-01-01T00:00:00,267.5043014,1,Rach Mieu,2017,1,3,0,15,15.8,27.3,76
2017-02-01T00:00:00,331.4119808,2,Rach Mieu,2017,1,3,0,15,54.3,27.1,76
2017-03-01T00:00:00,416.6625326,3,Rach Mieu,2017,1,3,0,15,12.5,27.9,76
2017-04-01T00:00:00,430.7151073,4,Rach Mieu,2017,1,3,0,15,98.1,29.3,77
2017-05-01T00:00:00,422.3443215,5,Rach Mieu,2017,1,3,0,15,272.4,29,82
2017-06-01T00:00:00,409.8854383,6,Rach Mieu,2017,1,3,0,15,148.6,28.7,82
2017-07-01T00:00:00,477.5195125,7,Rach Mieu,2017,1,3,0,15,251.4,28,84
2017-08-01T00:00:00,544.8355115,8,Rach Mieu,2017,1,3,0,15,383.1,27.7,86
2017-09-01T00:00:00,378.236715,9,Rach Mieu,2017,1,3,0,15,291.5,28.2,83
2017-10-01T00:00:00,339.4674615,10,Rach Mieu,2017,1,3,0,15,453.8,27.5,86
2017-11-01T00:00:00,391.6898516,11,Rach Mieu,2017,1,3,0,15,121.3,27.7,83
2017-12-01T00:00:00,334.9730328,12,Rach Mieu,2017,1,3,0,15,72.4,26.3,79
2018-01-01T00:00:00,437.5416608,1,Rach Mieu,2018,1,3,0,15,42.5,26.7,80
2018-02-01T00:00:00,492.2744235,2,Rach Mieu,2018,1,3,0,15,11.2,26.6,76
2018-03-01T00:00:00,428.2890011,3,Rach Mieu,2018,1,3,0,15,0.2,28.1,76
2018-04-01T00:00:00,500.0981923,4,Rach Mieu,2018,1,3,0,15,10.1,29.1,76
2018-05-01T00:00:00,424.9940268,5,Rach Mieu,2018,1,3,0,15,219.8,29.3,80
2018-06-01T00:00:00,465.2679853,6,Rach Mieu,2018,1,3,0,15,238.8,28.1,84
2018-07-01T00:00:00,460.7827855,7,Rach Mieu,2018,1,3,0,15,522.9,27.5,86
2018-08-01T00:00:00,398.6643864,8,Rach Mieu,2018,1,3,0,15,288.8,28,84
2018-09-01T00:00:00,373.7940662,9,Rach Mieu,2018,1,3,1,15,293.7,27.6,85
2018-10-01T00:00:00,418.79538,10,Rach Mieu,2018,1,3,1,15,227.6,28.1,81
2018-11-01T00:00:00,359.0956831,11,Rach Mieu,2018,1,3,1,15,104.5,28.1,80
2018-12-01T00:00:00,353.5570089,12,Rach Mieu,2018,1,3,1,15,47.7,27.8,80
2019-01-01T00:00:00,301.4114135,1,Rach Mieu,2019,1,3,1,15,149.3,27,77
2019-02-01T00:00:00,308.8513489,2,Rach Mieu,2019,1,3,1,15,0.8,27.4,76
2019-03-01T00:00:00,417.7589828,3,Rach Mieu,2019,1,3,1,15,13.1,28.6,77
2019-04-01T00:00:00,368.0431966,4,Rach Mieu,2019,1,3,1,15,60.7,29.9,77
2019-05-01T00:00:00,458.1427417,5,Rach Mieu,2019,1,3,1,15,205.4,29.5,82
2019-06-01T00:00:00,294.4249063,6,Rach Mieu,2019,1,3,1,15,444.8,28.5,85
2019-07-01T00:00:00,429.3299212,7,Rach Mieu,2019,1,3,0,15,242.2,28.2,85
2019-08-01T00:00:00,592.0660901,8,Rach Mieu,2019,1,3,0,15,464.5,27.6,86
2019-09-01T00:00:00,364.9628667,9,Rach Mieu,2019,1,3,0,15,302.5,27.9,84
2019-10-01T00:00:00,412.5417843,10,Rach Mieu,2019,1,3,0,15,269.5,27.9,85
2019-11-01T00:00:00,377.8725548,11,Rach Mieu,2019,1,3,0,15,110.1,27.8,80
2019-12-01T00:00:00,377.2727479,12,Rach Mieu,2019,1,3,0,15,0,26.5,76
2007-01-01T00:00:00,319.0096867,1,Vam Cong,2007,0,1,1,24.5,38,26.1,80
2007-02-01T00:00:00,339.8921702,2,Vam Cong,2007,0,1,0,24.5,0,26.4,79
2007-03-01T00:00:00,473.5726015,3,Vam Cong,2007,0,1,0,24.5,39,27.9,79
2007-04-01T00:00:00,453.5878379,4,Vam Cong,2007,0,1,0,24.5,86,29.2,77
2007-05-01T00:00:00,334.148699,5,Vam Cong,2007,0,1,0,24.5,174,28.4,84
2007-06-01T00:00:00,254.9247602,6,Vam Cong,2007,0,1,0,24.5,322,28.3,85
2007-07-01T00:00:00,460.4107509,7,Vam Cong,2007,0,1,0,24.5,421,27.3,87
2007-08-01T00:00:00,438.4329106,8,Vam Cong,2007,0,1,0,24.5,371,27.4,86
2007-09-01T00:00:00,685.3447849,9,Vam Cong,2007,0,1,0,24.5,307,27.5,86
2007-10-01T00:00:00,456.9456782,10,Vam Cong,2007,0,1,0,24.5,508,27.1,87
2007-11-01T00:00:00,700.8464993,11,Vam Cong,2007,0,1,0,24.5,339,26.6,82
2007-12-01T00:00:00,427.7520335,12,Vam Cong,2007,0,1,0,24.5,1,26.9,79
2008-01-01T00:00:00,285.3038705,1,Vam Cong,2008,0,1,0,24.5,113,26.2,80
2008-02-01T00:00:00,397.5281689,2,Vam Cong,2008,0,1,0,24.5,8,26.5,76
2008-03-01T00:00:00,690.3947204,3,Vam Cong,2008,0,1,0,24.5,0,27.3,77
2008-04-01T00:00:00,402.6131765,4,Vam Cong,2008,0,1,0,24.5,94,28.7,79
2008-05-01T00:00:00,481.379848,5,Vam Cong,2008,0,1,0,24.5,272,27.9,85
2008-06-01T00:00:00,482.2570966,6,Vam Cong,2008,0,1,0,24.5,381,27.7,86
2008-07-01T00:00:00,490.5164477,7,Vam Cong,2008,0,1,0,24.5,332,27.4,86
2008-08-01T00:00:00,420.6912444,8,Vam Cong,2008,0,1,0,24.5,260,27.4,86
2008-09-01T00:00:00,476.1315234,9,Vam Cong,2008,0,1,0,24.5,429,27,87
2008-10-01T00:00:00,547.0611937,10,Vam Cong,2008,0,1,0,24.5,348,27.2,89
2008-11-01T00:00:00,442.5049512,11,Vam Cong,2008,0,1,0,24.5,270,26.7,85
2008-12-01T00:00:00,297.8324802,12,Vam Cong,2008,0,1,0,24.5,172,26.2,82
2009-01-01T00:00:00,341.1416567,1,Vam Cong,2009,0,1,0,24.5,22.7,25.1,80
2009-02-01T00:00:00,318.3155535,2,Vam Cong,2009,0,1,0,24.5,101.3,26.7,82
2009-03-01T00:00:00,444.2453553,3,Vam Cong,2009,0,1,0,24.5,2.2,28.6,78
2009-04-01T00:00:00,438.2134687,4,Vam Cong,2009,0,1,0,24.5,201.4,28.9,81
2009-05-01T00:00:00,407.3556267,5,Vam Cong,2009,0,1,0,24.5,342.4,28.3,84
2009-06-01T00:00:00,356.506616,6,Vam Cong,2009,0,1,0,24.5,169.3,28.8,81
2009-07-01T00:00:00,330.3419342,7,Vam Cong,2009,0,1,1,24.5,413.5,27.2,86
2009-08-01T00:00:00,526.492059,8,Vam Cong,2009,0,1,1,24.5,210.1,28.1,84
2009-09-01T00:00:00,486.0522838,9,Vam Cong,2009,0,2,1,24.5,488.3,27,87
2009-10-01T00:00:00,569.7185544,10,Vam Cong,2009,0,2,1,24.5,208,27.5,85
2009-11-01T00:00:00,428.5391289,11,Vam Cong,2009,0,2,1,24.5,65.6,27.4,81
2009-12-01T00:00:00,385.4148851,12,Vam Cong,2009,0,2,1,24.5,19.6,26.7,79
2010-01-01T00:00:00,314.043178,1,Vam Cong,2010,0,2,1,24.5,22.7,25.1,78
2010-02-01T00:00:00,340.4432509,2,Vam Cong,2010,0,2,1,24.5,101.3,26.7,78
2010-03-01T00:00:00,550.4405912,3,Vam Cong,2010,0,2,1,24.5,2.2,28.6,78
2010-04-01T00:00:00,526.5667614,4,Vam Cong,2010,0,2,0,24.5,201.4,28.9,82
2010-05-01T00:00:00,420.6590353,5,Vam Cong,2010,0,2,0,24.5,342.4,28.2,87
2010-06-01T00:00:00,494.5319602,6,Vam Cong,2010,0,2,0,24.5,169.3,28.8,85
2010-07-01T00:00:00,469.1488413,7,Vam Cong,2010,0,2,0,24.5,413.5,27.2,89
2010-08-01T00:00:00,336.2509756,8,Vam Cong,2010,0,2,0,24.5,210.1,28.1,90
2010-09-01T00:00:00,466.3456542,9,Vam Cong,2010,0,2,0,24.5,488.3,27,91
2010-10-01T00:00:00,710.3320008,10,Vam Cong,2010,0,2,0,24.5,208,27.5,87
2010-11-01T00:00:00,464.1265154,11,Vam Cong,2010,0,2,0,24.5,65.6,27.4,83
2010-12-01T00:00:00,412.7920601,12,Vam Cong,2010,0,2,0,24.5,19.6,26.7,81
2011-01-01T00:00:00,351.5456969,1,Vam Cong,2011,0,2,0,24.5,19,26.3,75
2011-02-01T00:00:00,673.8796925,2,Vam Cong,2011,0,2,0,24.5,0,26.4,75
2011-03-01T00:00:00,436.7328518,3,Vam Cong,2011,0,2,0,24.5,87.2,27.4,75
2011-04-01T00:00:00,699.9161437,4,Vam Cong,2011,0,2,0,24.5,91,28,76
2011-05-01T00:00:00,337.7873249,5,Vam Cong,2011,0,2,0,24.5,241.5,28.7,81
2011-06-01T00:00:00,387.8558447,6,Vam Cong,2011,0,2,0,24.5,369.8,28,83
2011-07-01T00:00:00,548.3622539,7,Vam Cong,2011,0,2,0,24.5,298.1,27.7,82
2011-08-01T00:00:00,379.3008153,8,Vam Cong,2011,0,2,0,24.5,236.8,27.9,82
2011-09-01T00:00:00,506.6922142,9,Vam Cong,2011,0,2,0,24.5,593.8,27.2,85
2011-10-01T00:00:00,422.7489931,10,Vam Cong,2011,0,2,0,24.5,187.4,28.1,80
2011-11-01T00:00:00,497.7731349,11,Vam Cong,2011,0,3,0,24.5,242.9,27.5,82
2011-12-01T00:00:00,383.785234,12,Vam Cong,2011,0,3,0,24.5,78.4,26.4,78
2012-01-01T00:00:00,265.8774628,1,Vam Cong,2012,0,3,0,24.5,7.3,26.6,78
2012-02-01T00:00:00,373.9252593,2,Vam Cong,2012,0,3,0,24.5,24.4,27.2,76
2012-03-01T00:00:00,652.9936475,3,Vam Cong,2012,0,3,0,24.5,233.7,28.1,78
2012-04-01T00:00:00,350.2367562,4,Vam Cong,2012,0,3,0,24.5,136.7,29,78
2012-05-01T00:00:00,377.2220394,5,Vam Cong,2012,0,3,0,24.5,249.7,28.2,83
2012-06-01T00:00:00,499.6075081,6,Vam Cong,2012,0,3,0,24.5,166.3,28.4,82
2012-07-01T00:00:00,490.1413529,7,Vam Cong,2012,0,3,0,24.5,288.5,27.5,85
2012-08-01T00:00:00,431.1670632,8,Vam Cong,2012,0,3,0,24.5,218.4,27.8,83
2012-09-01T00:00:00,265.003889,9,Vam Cong,2012,0,3,0,24.5,533.3,26.6,88
2012-10-01T00:00:00,690.6081976,10,Vam Cong,2012,0,3,0,24.5,192.4,27.8,83
2012-11-01T00:00:00,594.7019982,11,Vam Cong,2012,0,3,0,24.5,91.4,27.8,83
2012-12-01T00:00:00,286.1800698,12,Vam Cong,2012,0,3,0,24.5,11.8,27.8,78
2013-01-01T00:00:00,400.5561144,1,Vam Cong,2013,0,3,0,24.5,36.9,26.5,78
2013-02-01T00:00:00,340.7411933,2,Vam Cong,2013,0,3,0,24.5,8.1,27.5,75
2013-03-01T00:00:00,584.9837796,3,Vam Cong,2013,0,3,0,24.5,0,28.5,76
2013-04-01T00:00:00,509.075854,4,Vam Cong,2013,0,3,0,24.5,104.3,29.3,79
2013-05-01T00:00:00,310.9859556,5,Vam Cong,2013,0,3,0,24.5,196,29.3,82
2013-06-01T00:00:00,543.3761269,6,Vam Cong,2013,0,3,0,24.5,291.6,28.2,85
2013-07-01T00:00:00,254.7750584,7,Vam Cong,2013,0,3,0,24.5,258.4,27.3,85
2013-08-01T00:00:00,402.1913003,8,Vam Cong,2013,0,3,0,24.5,288.3,27.6,85
2013-09-01T00:00:00,550.5705184,9,Vam Cong,2013,0,3,0,24.5,233,27.7,85
2013-10-01T00:00:00,605.6445166,10,Vam Cong,2013,0,3,0,24.5,265.1,27.5,85
2013-11-01T00:00:00,589.9054976,11,Vam Cong,2013,0,3,0,24.5,230.5,27.6,82
2013-12-01T00:00:00,435.0440887,12,Vam Cong,2013,0,3,0,24.5,29.1,26.1,77
2014-01-01T00:00:00,419.6936082,1,Vam Cong,2014,0,3,0,24.5,8.3,25.3,76
2014-02-01T00:00:00,572.7394274,2,Vam Cong,2014,0,3,0,24.5,0,25.9,78
2014-03-01T00:00:00,635.9843703,3,Vam Cong,2014,0,3,0,24.5,0,27.9,77
2014-04-01T00:00:00,395.6069276,4,Vam Cong,2014,0,3,0,24.5,61.2,29.5,76
2014-05-01T00:00:00,358.9566853,5,Vam Cong,2014,0,3,0,24.5,153.6,29.4,81
2014-06-01T00:00:00,464.5481102,6,Vam Cong,2014,0,3,0,24.5,190.3,28.2,85
2014-07-01T00:00:00,388.5873761,7,Vam Cong,2014,0,3,0,24.5,388.6,27.7,85
2014-08-01T00:00:00,404.8525979,8,Vam Cong,2014,0,3,0,24.5,341.7,28,82
2014-09-01T00:00:00,411.081381,9,Vam Cong,2014,0,3,0,24.5,273.3,27.6,84
2014-10-01T00:00:00,616.1616172,10,Vam Cong,2014,0,3,1,24.5,254.4,27.5,84
2014-11-01T00:00:00,408.5234037,11,Vam Cong,2014,0,3,1,24.5,291.3,27.6,85
2014-12-01T00:00:00,226.3140448,12,Vam Cong,2014,0,3,1,24.5,103,27.2,79
2015-01-01T00:00:00,474.9434153,1,Vam Cong,2015,0,3,1,24.5,43.6,25.6,79
2015-02-01T00:00:00,449.842225,2,Vam Cong,2015,0,3,1,24.5,0,26,76
2015-03-01T00:00:00,735.7082127,3,Vam Cong,2015,0,3,1,24.5,0,27.9,75
2015-04-01T00:00:00,659.1664692,4,Vam Cong,2015,0,3,1,24.5,6.4,29.4,74
2015-05-01T00:00:00,376.8320902,5,Vam Cong,2015,0,3,1,24.5,131.6,29.7,76
2015-06-01T00:00:00,452.5693371,6,Vam Cong,2015,0,3,1,24.5,466.6,28.2,84
2015-07-01T00:00:00,499.9107101,7,Vam Cong,2015,0,3,1,24.5,200.7,28.6,83
2015-08-01T00:00:00,387.9342063,8,Vam Cong,2015,0,3,1,24.5,250.6,28.3,83
2015-09-01T00:00:00,723.8417462,9,Vam Cong,2015,0,3,1,24.5,645.3,27.6,86
2015-10-01T00:00:00,758.3293657,10,Vam Cong,2015,0,3,1,24.5,231.4,28.3,83
2015-11-01T00:00:00,469.5790172,11,Vam Cong,2015,0,3,1,24.5,272.4,28,83
2015-12-01T00:00:00,261.4958625,12,Vam Cong,2015,0,3,1,24.5,48.6,27.8,78
2016-01-01T00:00:00,342.703947,1,Vam Cong,2016,0,3,1,24.5,0.2,27.9,78
2016-02-01T00:00:00,536.4132357,2,Vam Cong,2016,0,3,1,24.5,2.1,27.3,73
2016-03-01T00:00:00,708.7255304,3,Vam Cong,2016,0,3,1,24.5,0,28,75
2016-04-01T00:00:00,568.7828115,4,Vam Cong,2016,0,3,1,24.5,4,30.1,74
2016-05-01T00:00:00,505.9590035,5,Vam Cong,2016,0,3,0,24.5,161.4,29.9,79
2016-06-01T00:00:00,506.6109439,6,Vam Cong,2016,0,3,0,24.5,230.8,28.3,84
2016-07-01T00:00:00,437.1909758,7,Vam Cong,2016,0,3,0,24.5,432.2,28.3,84
2016-08-01T00:00:00,328.6188309,8,Vam Cong,2016,0,3,0,24.5,271.9,28.4,83
2016-09-01T00:00:00,499.142204,9,Vam Cong,2016,0,3,0,24.5,345,27.6,85
2016-10-01T00:00:00,433.6986392,10,Vam Cong,2016,0,3,0,24.5,501.1,27,88
2016-11-01T00:00:00,388.6015954,11,Vam Cong,2016,0,3,0,24.5,183.6,27.9,82
2016-12-01T00:00:00,313.3169598,12,Vam Cong,2016,0,3,0,24.5,171.8,27.1,80
2017-01-01T00:00:00,289.781522,1,Vam Cong,2017,0,3,0,24.5,15.8,27.3,76
2017-02-01T00:00:00,351.8978812,2,Vam Cong,2017,0,3,0,24.5,54.3,27.1,76
2017-03-01T00:00:00,585.2591142,3,Vam Cong,2017,0,3,0,24.5,12.5,27.9,76
2017-04-01T00:00:00,482.2261525,4,Vam Cong,2017,0,3,0,24.5,98.1,29.3,77
2017-05-01T00:00:00,577.9676315,5,Vam Cong,2017,0,3,0,24.5,272.4,29,82
2017-06-01T00:00:00,355.2267354,6,Vam Cong,2017,0,3,0,24.5,148.6,28.7,82
2017-07-01T00:00:00,427.0144177,7,Vam Cong,2017,0,3,0,24.5,251.4,28,84
2017-08-01T00:00:00,496.8587154,8,Vam Cong,2017,0,3,0,24.5,383.1,27.7,86
2017-09-01T00:00:00,498.0834014,9,Vam Cong,2017,0,3,0,24.5,291.5,28.2,83
2017-10-01T00:00:00,562.0718416,10,Vam Cong,2017,0,3,0,24.5,453.8,27.5,86
2017-11-01T00:00:00,499.6871275,11,Vam Cong,2017,0,3,0,24.5,121.3,27.7,83
2017-12-01T00:00:00,290.4309791,12,Vam Cong,2017,0,3,0,24.5,72.4,26.3,79
2018-01-01T00:00:00,404.8124815,1,Vam Cong,2018,0,3,0,24.5,42.5,26.7,80
2018-02-01T00:00:00,539.8077957,2,Vam Cong,2018,0,3,0,24.5,11.2,26.6,76
2018-03-01T00:00:00,599.3136016,3,Vam Cong,2018,0,3,0,24.5,0.2,28.1,76
2018-04-01T00:00:00,665.8664812,4,Vam Cong,2018,0,3,0,24.5,10.1,29.1,76
2018-05-01T00:00:00,505.8407514,5,Vam Cong,2018,0,3,0,24.5,219.8,29.3,80
2018-06-01T00:00:00,574.5243619,6,Vam Cong,2018,0,3,0,24.5,238.8,28.1,84
2018-07-01T00:00:00,476.8142568,7,Vam Cong,2018,0,3,0,24.5,522.9,27.5,86
2018-08-01T00:00:00,507.0369729,8,Vam Cong,2018,0,3,0,24.5,288.8,28,84
2018-09-01T00:00:00,472.582092,9,Vam Cong,2018,0,3,1,24.5,293.7,27.6,85
2018-10-01T00:00:00,580.1084453,10,Vam Cong,2018,0,3,1,24.5,227.6,28.1,81
2018-11-01T00:00:00,500.080235,11,Vam Cong,2018,0,3,1,24.5,104.5,28.1,80
2018-12-01T00:00:00,274.9165876,12,Vam Cong,2018,0,3,1,24.5,47.7,27.8,80
2019-01-01T00:00:00,358.0442548,1,Vam Cong,2019,0,3,1,24.5,149.3,27,77
2019-02-01T00:00:00,425.0810369,2,Vam Cong,2019,0,3,1,24.5,0.8,27.4,76
2019-03-01T00:00:00,585.4975992,3,Vam Cong,2019,0,3,1,24.5,13.1,28.6,77
2019-04-01T00:00:00,451.2735301,4,Vam Cong,2019,0,3,1,24.5,60.7,29.9,77
2019-05-01T00:00:00,415.9016519,5,Vam Cong,2019,1,3,1,24.5,205.4,29.5,82
2019-06-01T00:00:00,386.5493517,6,Vam Cong,2019,1,3,1,24.5,444.8,28.5,85
2019-07-01T00:00:00,545.2130637,7,Vam Cong,2019,1,3,0,24.5,242.2,28.2,85
2019-08-01T00:00:00,544.5554889,8,Vam Cong,2019,1,3,0,24.5,464.5,27.6,86
2019-09-01T00:00:00,502.8918764,9,Vam Cong,2019,1,3,0,24.5,302.5,27.9,84
2019-10-01T00:00:00,600.3593068,10,Vam Cong,2019,1,3,0,24.5,269.5,27.9,85
2019-11-01T00:00:00,450.426274,11,Vam Cong,2019,1,3,0,24.5,110.1,27.8,80
2019-12-01T00:00:00,287.012143,12,Vam Cong,2019,1,3,0,24.5,0,26.5,76