date,mean,month,name,year,bridge,bwidth
2007-01-01T00:00:00,379.1335326,1,Pha Can Tho,2007,0,23.1
2007-02-01T00:00:00,307.3197359,2,Pha Can Tho,2007,0,23.1
2007-03-01T00:00:00,404.3253908,3,Pha Can Tho,2007,0,23.1
2007-04-01T00:00:00,338.3604703,4,Pha Can Tho,2007,0,23.1
2007-05-01T00:00:00,334.0363868,5,Pha Can Tho,2007,0,23.1
2007-06-01T00:00:00,248.1580345,6,Pha Can Tho,2007,0,23.1
2007-07-01T00:00:00,691,7,Pha Can Tho,2007,0,23.1
2007-08-01T00:00:00,299.593709,8,Pha Can Tho,2007,0,23.1
2007-09-01T00:00:00,596.4121622,9,Pha Can Tho,2007,0,23.1
2007-10-01T00:00:00,430.8832678,10,Pha Can Tho,2007,0,23.1
2007-11-01T00:00:00,434.4825861,11,Pha Can Tho,2007,0,23.1
2007-12-01T00:00:00,309.926972,12,Pha Can Tho,2007,0,23.1
2008-01-01T00:00:00,302.7245971,1,Pha Can Tho,2008,0,23.1
2008-02-01T00:00:00,421.6520356,2,Pha Can Tho,2008,0,23.1
2008-03-01T00:00:00,507.5253623,3,Pha Can Tho,2008,0,23.1
2008-04-01T00:00:00,408.1857203,4,Pha Can Tho,2008,0,23.1
2008-05-01T00:00:00,442.4211196,5,Pha Can Tho,2008,0,23.1
2008-06-01T00:00:00,398.3846154,6,Pha Can Tho,2008,0,23.1
2008-07-01T00:00:00,380.6573705,7,Pha Can Tho,2008,0,23.1
2008-08-01T00:00:00,361.178744,8,Pha Can Tho,2008,0,23.1
2008-09-01T00:00:00,545.6688963,9,Pha Can Tho,2008,0,23.1
2008-10-01T00:00:00,437.4767025,10,Pha Can Tho,2008,0,23.1
2008-11-01T00:00:00,392.5712468,11,Pha Can Tho,2008,0,23.1
2008-12-01T00:00:00,308.1749061,12,Pha Can Tho,2008,0,23.1
2009-01-01T00:00:00,410.9059516,1,Pha Can Tho,2009,0,23.1
2009-02-01T00:00:00,221.5349025,2,Pha Can Tho,2009,0,23.1
2009-03-01T00:00:00,336.7407534,3,Pha Can Tho,2009,0,23.1
2009-04-01T00:00:00,333.5760632,4,Pha Can Tho,2009,0,23.1
2009-05-01T00:00:00,313.4187871,5,Pha Can Tho,2009,0,23.1
2009-06-01T00:00:00,363.5758964,6,Pha Can Tho,2009,0,23.1
2009-07-01T00:00:00,289.7340967,7,Pha Can Tho,2009,0,23.1
2009-08-01T00:00:00,335.4993447,8,Pha Can Tho,2009,0,23.1
2009-09-01T00:00:00,210.540146,9,Pha Can Tho,2009,0,23.1
2009-10-01T00:00:00,697,10,Pha Can Tho,2009,0,23.1
2009-11-01T00:00:00,325.6241094,11,Pha Can Tho,2009,0,23.1
2009-12-01T00:00:00,387.5604565,12,Pha Can Tho,2009,0,23.1
2010-01-01T00:00:00,345.8639805,1,Pha Can Tho,2010,0,23.1
2010-02-01T00:00:00,243.4806327,2,Pha Can Tho,2010,0,23.1
2010-03-01T00:00:00,425.2606325,3,Pha Can Tho,2010,0,23.1
2010-04-01T00:00:00,494.4358779,4,Pha Can Tho,2010,1,23.1
2010-05-01T00:00:00,255.6028727,5,Pha Can Tho,2010,1,23.1
2010-06-01T00:00:00,175.2888446,6,Pha Can Tho,2010,1,23.1
2010-07-01T00:00:00,330.1752988,7,Pha Can Tho,2010,1,23.1
2010-08-01T00:00:00,436.4200594,8,Pha Can Tho,2010,1,23.1
2010-09-01T00:00:00,467.2335666,9,Pha Can Tho,2010,1,23.1
2010-10-01T00:00:00,567,10,Pha Can Tho,2010,1,23.1
2010-11-01T00:00:00,647.7913486,11,Pha Can Tho,2010,1,23.1
2010-12-01T00:00:00,366.9339967,12,Pha Can Tho,2010,1,23.1
2011-01-01T00:00:00,370.1653883,1,Pha Can Tho,2011,1,23.1
2011-02-01T00:00:00,492.5313485,2,Pha Can Tho,2011,1,23.1
2011-03-01T00:00:00,455.0066582,3,Pha Can Tho,2011,1,23.1
2011-04-01T00:00:00,425.0063875,4,Pha Can Tho,2011,1,23.1
2011-05-01T00:00:00,519.0104167,5,Pha Can Tho,2011,1,23.1
2011-06-01T00:00:00,816,6,Pha Can Tho,2011,1,23.1
2011-07-01T00:00:00,604.3431677,7,Pha Can Tho,2011,1,23.1
2011-08-01T00:00:00,312.8778846,8,Pha Can Tho,2011,1,23.1
2011-09-01T00:00:00,225.564741,9,Pha Can Tho,2011,1,23.1
2011-10-01T00:00:00,357.2821671,10,Pha Can Tho,2011,1,23.1
2011-11-01T00:00:00,461.7798467,11,Pha Can Tho,2011,1,23.1
2011-12-01T00:00:00,364.9672321,12,Pha Can Tho,2011,1,23.1
2012-01-01T00:00:00,305.1666364,1,Pha Can Tho,2012,1,23.1
2012-02-01T00:00:00,373.0939934,2,Pha Can Tho,2012,1,23.1
2012-03-01T00:00:00,516.6829234,3,Pha Can Tho,2012,1,23.1
2012-04-01T00:00:00,257.8197205,4,Pha Can Tho,2012,1,23.1
2012-05-01T00:00:00,371.3821355,5,Pha Can Tho,2012,1,23.1
2012-06-01T00:00:00,447.3494024,6,Pha Can Tho,2012,1,23.1
2012-07-01T00:00:00,344.3007968,7,Pha Can Tho,2012,1,23.1
2012-08-01T00:00:00,362.910559,8,Pha Can Tho,2012,1,23.1
2012-09-01T00:00:00,244.7324415,9,Pha Can Tho,2012,1,23.1
2012-10-01T00:00:00,594.9459288,10,Pha Can Tho,2012,1,23.1
2012-11-01T00:00:00,451.6782438,11,Pha Can Tho,2012,1,23.1
2012-12-01T00:00:00,308.0448579,12,Pha Can Tho,2012,1,23.1
2013-01-01T00:00:00,397.0574821,1,Pha Can Tho,2013,1,23.1
2013-02-01T00:00:00,244.1010481,2,Pha Can Tho,2013,1,23.1
2013-03-01T00:00:00,419.2096519,3,Pha Can Tho,2013,1,23.1
2013-04-01T00:00:00,615.1345756,4,Pha Can Tho,2013,1,23.1
2013-05-01T00:00:00,552.0318066,5,Pha Can Tho,2013,1,23.1
2013-06-01T00:00:00,447.652078,6,Pha Can Tho,2013,1,23.1
2013-07-01T00:00:00,204.2600932,7,Pha Can Tho,2013,1,23.1
2013-08-01T00:00:00,,8,Pha Can Tho,2013,1,23.1
2013-09-01T00:00:00,436.9440204,9,Pha Can Tho,2013,1,23.1
2013-10-01T00:00:00,474.0218436,10,Pha Can Tho,2013,1,23.1
2013-11-01T00:00:00,469.5240216,11,Pha Can Tho,2013,1,23.1
2013-12-01T00:00:00,468.9347826,12,Pha Can Tho,2013,1,23.1
2014-01-01T00:00:00,445.8971513,1,Pha Can Tho,2014,1,23.1
2014-02-01T00:00:00,505.2399067,2,Pha Can Tho,2014,1,23.1
2014-03-01T00:00:00,396.5367819,3,Pha Can Tho,2014,1,23.1
2014-04-01T00:00:00,381.0499246,4,Pha Can Tho,2014,1,23.1
2014-05-01T00:00:00,340.5572519,5,Pha Can Tho,2014,1,23.1
2014-06-01T00:00:00,374,6,Pha Can Tho,2014,1,23.1
2014-07-01T00:00:00,322.1890269,7,Pha Can Tho,2014,1,23.1
2014-08-01T00:00:00,441.1624258,8,Pha Can Tho,2014,1,23.1
2014-09-01T00:00:00,448.0086332,9,Pha Can Tho,2014,1,23.1
2014-10-01T00:00:00,598.0849418,10,Pha Can Tho,2014,1,23.1
2014-11-01T00:00:00,443.4972434,11,Pha Can Tho,2014,1,23.1
2014-12-01T00:00:00,208.7348237,12,Pha Can Tho,2014,1,23.1
2015-01-01T00:00:00,450.1518212,1,Pha Can Tho,2015,1,23.1
2015-02-01T00:00:00,333.5746074,2,Pha Can Tho,2015,1,23.1
2015-03-01T00:00:00,647.847722,3,Pha Can Tho,2015,1,23.1
2015-04-01T00:00:00,528.4811887,4,Pha Can Tho,2015,1,23.1
2015-05-01T00:00:00,308.0445359,5,Pha Can Tho,2015,1,23.1
2015-06-01T00:00:00,466.6019508,6,Pha Can Tho,2015,1,23.1
2015-07-01T00:00:00,509.1583969,7,Pha Can Tho,2015,1,23.1
2015-08-01T00:00:00,295.3416149,8,Pha Can Tho,2015,1,23.1
2015-09-01T00:00:00,644.257649,9,Pha Can Tho,2015,1,23.1
2015-10-01T00:00:00,398.171374,10,Pha Can Tho,2015,1,23.1
2015-11-01T00:00:00,374.0495981,11,Pha Can Tho,2015,1,23.1
2015-12-01T00:00:00,277.0151543,12,Pha Can Tho,2015,1,23.1
2016-01-01T00:00:00,353.8281253,1,Pha Can Tho,2016,1,23.1
2016-02-01T00:00:00,513.3286361,2,Pha Can Tho,2016,1,23.1
2016-03-01T00:00:00,524.7851404,3,Pha Can Tho,2016,1,23.1
2016-04-01T00:00:00,516.8409201,4,Pha Can Tho,2016,1,23.1
2016-05-01T00:00:00,386.0330789,5,Pha Can Tho,2016,1,23.1
2016-06-01T00:00:00,427.399173,6,Pha Can Tho,2016,1,23.1
2016-07-01T00:00:00,372.1180124,7,Pha Can Tho,2016,1,23.1
2016-08-01T00:00:00,570.5,8,Pha Can Tho,2016,1,23.1
2016-09-01T00:00:00,88.5,9,Pha Can Tho,2016,1,23.1
2016-10-01T00:00:00,502.039666,10,Pha Can Tho,2016,1,23.1
2016-11-01T00:00:00,423.7608142,11,Pha Can Tho,2016,1,23.1
2016-12-01T00:00:00,398.9043825,12,Pha Can Tho,2016,1,23.1
2017-01-01T00:00:00,366.1466376,1,Pha Can Tho,2017,1,23.1
2017-02-01T00:00:00,380.148855,2,Pha Can Tho,2017,1,23.1
2017-03-01T00:00:00,525.6126863,3,Pha Can Tho,2017,1,23.1
2017-04-01T00:00:00,463.5321288,4,Pha Can Tho,2017,1,23.1
2017-05-01T00:00:00,,5,Pha Can Tho,2017,1,23.1
2017-06-01T00:00:00,259.0139442,6,Pha Can Tho,2017,1,23.1
2017-07-01T00:00:00,409.8099839,7,Pha Can Tho,2017,1,23.1
2017-08-01T00:00:00,352.812709,8,Pha Can Tho,2017,1,23.1
2017-09-01T00:00:00,533.6999463,9,Pha Can Tho,2017,1,23.1
2017-10-01T00:00:00,369.5453473,10,Pha Can Tho,2017,1,23.1
2017-11-01T00:00:00,281.0717131,11,Pha Can Tho,2017,1,23.1
2017-12-01T00:00:00,368.076557,12,Pha Can Tho,2017,1,23.1
2018-01-01T00:00:00,311.9906832,1,Pha Can Tho,2018,1,23.1
2018-02-01T00:00:00,459.0619804,2,Pha Can Tho,2018,1,23.1
2018-03-01T00:00:00,465.1703071,3,Pha Can Tho,2018,1,23.1
2018-04-01T00:00:00,359.6977226,4,Pha Can Tho,2018,1,23.1
2018-05-01T00:00:00,471.1480996,5,Pha Can Tho,2018,1,23.1
2018-06-01T00:00:00,779.5,6,Pha Can Tho,2018,1,23.1
2018-07-01T00:00:00,729.8580376,7,Pha Can Tho,2018,1,23.1
2018-08-01T00:00:00,472.756307,8,Pha Can Tho,2018,1,23.1
2018-09-01T00:00:00,416.8675676,9,Pha Can Tho,2018,1,23.1
2018-10-01T00:00:00,531.3649068,10,Pha Can Tho,2018,1,23.1
2018-11-01T00:00:00,491.728328,11,Pha Can Tho,2018,1,23.1
2018-12-01T00:00:00,412.8587635,12,Pha Can Tho,2018,1,23.1
2019-01-01T00:00:00,371.6357843,1,Pha Can Tho,2019,1,23.1
2019-02-01T00:00:00,377.4554132,2,Pha Can Tho,2019,1,23.1
2019-03-01T00:00:00,472.8982838,3,Pha Can Tho,2019,1,23.1
2019-04-01T00:00:00,292.7589059,4,Pha Can Tho,2019,1,23.1
2019-05-01T00:00:00,491.0799406,5,Pha Can Tho,2019,1,23.1
2019-06-01T00:00:00,298.1354582,6,Pha Can Tho,2019,1,23.1
2019-07-01T00:00:00,525.1241341,7,Pha Can Tho,2019,1,23.1
2019-08-01T00:00:00,376.7675713,8,Pha Can Tho,2019,1,23.1
2019-09-01T00:00:00,364.6552795,9,Pha Can Tho,2019,1,23.1
2019-10-01T00:00:00,537.2389737,10,Pha Can Tho,2019,1,23.1
2019-11-01T00:00:00,330.8256997,11,Pha Can Tho,2019,1,23.1
2019-12-01T00:00:00,310.7090619,12,Pha Can Tho,2019,1,23.1
2007-01-01T00:00:00,333.1861111,1,Pha Cao Lanh,2007,0,24.5
2007-02-01T00:00:00,362.8502024,2,Pha Cao Lanh,2007,0,24.5
2007-03-01T00:00:00,329.75,3,Pha Cao Lanh,2007,0,24.5
2007-04-01T00:00:00,324.425,4,Pha Cao Lanh,2007,0,24.5
2007-05-01T00:00:00,350,5,Pha Cao Lanh,2007,0,24.5
2007-06-01T00:00:00,337,6,Pha Cao Lanh,2007,0,24.5
2007-07-01T00:00:00,449.375,7,Pha Cao Lanh,2007,0,24.5
2007-08-01T00:00:00,310.5,8,Pha Cao Lanh,2007,0,24.5
2007-09-01T00:00:00,490.5,9,Pha Cao Lanh,2007,0,24.5
2007-10-01T00:00:00,306.5,10,Pha Cao Lanh,2007,0,24.5
2007-11-01T00:00:00,800.5,11,Pha Cao Lanh,2007,0,24.5
2007-12-01T00:00:00,387.375,12,Pha Cao Lanh,2007,0,24.5
2008-01-01T00:00:00,223.8166667,1,Pha Cao Lanh,2008,0,24.5
2008-02-01T00:00:00,432.1778846,2,Pha Cao Lanh,2008,0,24.5
2008-03-01T00:00:00,550.875,3,Pha Cao Lanh,2008,0,24.5
2008-04-01T00:00:00,274.1666667,4,Pha Cao Lanh,2008,0,24.5
2008-05-01T00:00:00,482.9166667,5,Pha Cao Lanh,2008,0,24.5
2008-06-01T00:00:00,314,6,Pha Cao Lanh,2008,0,24.5
2008-07-01T00:00:00,429.5,7,Pha Cao Lanh,2008,0,24.5
2008-08-01T00:00:00,612.6666667,8,Pha Cao Lanh,2008,0,24.5
2008-09-01T00:00:00,388,9,Pha Cao Lanh,2008,0,24.5
2008-10-01T00:00:00,385.5,10,Pha Cao Lanh,2008,0,24.5
2008-11-01T00:00:00,278,11,Pha Cao Lanh,2008,0,24.5
2008-12-01T00:00:00,366,12,Pha Cao Lanh,2008,0,24.5
2009-01-01T00:00:00,420.6420455,1,Pha Cao Lanh,2009,0,24.5
2009-02-01T00:00:00,251.8666667,2,Pha Cao Lanh,2009,0,24.5
2009-03-01T00:00:00,352.7142857,3,Pha Cao Lanh,2009,0,24.5
2009-04-01T00:00:00,409.8333333,4,Pha Cao Lanh,2009,0,24.5
2009-05-01T00:00:00,304.3333333,5,Pha Cao Lanh,2009,0,24.5
2009-06-01T00:00:00,384.5,6,Pha Cao Lanh,2009,0,24.5
2009-07-01T00:00:00,298.5,7,Pha Cao Lanh,2009,0,24.5
2009-08-01T00:00:00,611,8,Pha Cao Lanh,2009,0,24.5
2009-09-01T00:00:00,554.5,9,Pha Cao Lanh,2009,0,24.5
2009-10-01T00:00:00,649,10,Pha Cao Lanh,2009,0,24.5
2009-11-01T00:00:00,201.5,11,Pha Cao Lanh,2009,0,24.5
2009-12-01T00:00:00,324.9787879,12,Pha Cao Lanh,2009,0,24.5
2010-01-01T00:00:00,350.1357143,1,Pha Cao Lanh,2010,0,24.5
2010-02-01T00:00:00,310.3125,2,Pha Cao Lanh,2010,0,24.5
2010-03-01T00:00:00,412.987013,3,Pha Cao Lanh,2010,0,24.5
2010-04-01T00:00:00,555.2,4,Pha Cao Lanh,2010,0,24.5
2010-05-01T00:00:00,420.7666667,5,Pha Cao Lanh,2010,0,24.5
2010-06-01T00:00:00,280.5,6,Pha Cao Lanh,2010,0,24.5
2010-07-01T00:00:00,306.25,7,Pha Cao Lanh,2010,0,24.5
2010-08-01T00:00:00,416,8,Pha Cao Lanh,2010,0,24.5
2010-09-01T00:00:00,,9,Pha Cao Lanh,2010,0,24.5
2010-10-01T00:00:00,650.75,10,Pha Cao Lanh,2010,0,24.5
2010-11-01T00:00:00,322.5,11,Pha Cao Lanh,2010,0,24.5
2010-12-01T00:00:00,437.5,12,Pha Cao Lanh,2010,0,24.5
2011-01-01T00:00:00,370.2738095,1,Pha Cao Lanh,2011,0,24.5
2011-02-01T00:00:00,585.8766234,2,Pha Cao Lanh,2011,0,24.5
2011-03-01T00:00:00,357.2619048,3,Pha Cao Lanh,2011,0,24.5
2011-04-01T00:00:00,606.4761905,4,Pha Cao Lanh,2011,0,24.5
2011-05-01T00:00:00,253,5,Pha Cao Lanh,2011,0,24.5
2011-06-01T00:00:00,,6,Pha Cao Lanh,2011,0,24.5
2011-07-01T00:00:00,440.5,7,Pha Cao Lanh,2011,0,24.5
2011-08-01T00:00:00,356.25,8,Pha Cao Lanh,2011,0,24.5
2011-09-01T00:00:00,647,9,Pha Cao Lanh,2011,0,24.5
2011-10-01T00:00:00,462.75,10,Pha Cao Lanh,2011,0,24.5
2011-11-01T00:00:00,300.1666667,11,Pha Cao Lanh,2011,0,24.5
2011-12-01T00:00:00,400.7424242,12,Pha Cao Lanh,2011,0,24.5
2012-01-01T00:00:00,303.75,1,Pha Cao Lanh,2012,0,24.5
2012-02-01T00:00:00,462.6666667,2,Pha Cao Lanh,2012,0,24.5
2012-03-01T00:00:00,526.125,3,Pha Cao Lanh,2012,0,24.5
2012-04-01T00:00:00,377.4166667,4,Pha Cao Lanh,2012,0,24.5
2012-05-01T00:00:00,349.5,5,Pha Cao Lanh,2012,0,24.5
2012-06-01T00:00:00,467.6666667,6,Pha Cao Lanh,2012,0,24.5
2012-07-01T00:00:00,469.5,7,Pha Cao Lanh,2012,0,24.5
2012-08-01T00:00:00,411,8,Pha Cao Lanh,2012,0,24.5
2012-09-01T00:00:00,132,9,Pha Cao Lanh,2012,0,24.5
2012-10-01T00:00:00,678.5,10,Pha Cao Lanh,2012,0,24.5
2012-11-01T00:00:00,627.5,11,Pha Cao Lanh,2012,0,24.5
2012-12-01T00:00:00,240.875,12,Pha Cao Lanh,2012,0,24.5
2013-01-01T00:00:00,360.7285714,1,Pha Cao Lanh,2013,0,24.5
2013-02-01T00:00:00,286.9652778,2,Pha Cao Lanh,2013,0,24.5
2013-03-01T00:00:00,564.825,3,Pha Cao Lanh,2013,0,24.5
2013-04-01T00:00:00,487.25,4,Pha Cao Lanh,2013,0,24.5
2013-05-01T00:00:00,468.5833333,5,Pha Cao Lanh,2013,0,24.5
2013-06-01T00:00:00,585.25,6,Pha Cao Lanh,2013,0,24.5
2013-07-01T00:00:00,121,7,Pha Cao Lanh,2013,0,24.5
2013-08-01T00:00:00,468.25,8,Pha Cao Lanh,2013,0,24.5
2013-09-01T00:00:00,771.5,9,Pha Cao Lanh,2013,0,24.5
2013-10-01T00:00:00,475,10,Pha Cao Lanh,2013,0,24.5
2013-11-01T00:00:00,206,11,Pha Cao Lanh,2013,0,24.5
2013-12-01T00:00:00,397.125,12,Pha Cao Lanh,2013,0,24.5
2014-01-01T00:00:00,463.9361111,1,Pha Cao Lanh,2014,0,24.5
2014-02-01T00:00:00,541.8012821,2,Pha Cao Lanh,2014,0,24.5
2014-03-01T00:00:00,417.0786713,3,Pha Cao Lanh,2014,0,24.5
2014-04-01T00:00:00,371.4166667,4,Pha Cao Lanh,2014,0,24.5
2014-05-01T00:00:00,459.5666667,5,Pha Cao Lanh,2014,0,24.5
2014-06-01T00:00:00,323.25,6,Pha Cao Lanh,2014,0,24.5
2014-07-01T00:00:00,62,7,Pha Cao Lanh,2014,0,24.5
2014-08-01T00:00:00,396.2916667,8,Pha Cao Lanh,2014,0,24.5
2014-09-01T00:00:00,373,9,Pha Cao Lanh,2014,0,24.5
2014-10-01T00:00:00,680.75,10,Pha Cao Lanh,2014,0,24.5
2014-11-01T00:00:00,435.75,11,Pha Cao Lanh,2014,0,24.5
2014-12-01T00:00:00,144.9545455,12,Pha Cao Lanh,2014,0,24.5
2015-01-01T00:00:00,557.4302885,1,Pha Cao Lanh,2015,0,24.5
2015-02-01T00:00:00,359.5,2,Pha Cao Lanh,2015,0,24.5
2015-03-01T00:00:00,629.6666667,3,Pha Cao Lanh,2015,0,24.5
2015-04-01T00:00:00,645.4333333,4,Pha Cao Lanh,2015,0,24.5
2015-05-01T00:00:00,258.6666667,5,Pha Cao Lanh,2015,0,24.5
2015-06-01T00:00:00,403.8666667,6,Pha Cao Lanh,2015,0,24.5
2015-07-01T00:00:00,37,7,Pha Cao Lanh,2015,0,24.5
2015-08-01T00:00:00,,8,Pha Cao Lanh,2015,0,24.5
2015-09-01T00:00:00,497,9,Pha Cao Lanh,2015,0,24.5
2015-10-01T00:00:00,820,10,Pha Cao Lanh,2015,0,24.5
2015-11-01T00:00:00,339.4,11,Pha Cao Lanh,2015,0,24.5
2015-12-01T00:00:00,244.6931818,12,Pha Cao Lanh,2015,0,24.5
2016-01-01T00:00:00,384.1166667,1,Pha Cao Lanh,2016,0,24.5
2016-02-01T00:00:00,499.2426471,2,Pha Cao Lanh,2016,0,24.5
2016-03-01T00:00:00,636,3,Pha Cao Lanh,2016,0,24.5
2016-04-01T00:00:00,579.6287879,4,Pha Cao Lanh,2016,0,24.5
2016-05-01T00:00:00,184.6,5,Pha Cao Lanh,2016,0,24.5
2016-06-01T00:00:00,411.5,6,Pha Cao Lanh,2016,0,24.5
2016-07-01T00:00:00,322,7,Pha Cao Lanh,2016,0,24.5
2016-08-01T00:00:00,283.25,8,Pha Cao Lanh,2016,0,24.5
2016-09-01T00:00:00,,9,Pha Cao Lanh,2016,0,24.5
2016-10-01T00:00:00,,10,Pha Cao Lanh,2016,0,24.5
2016-11-01T00:00:00,290,11,Pha Cao Lanh,2016,0,24.5
2016-12-01T00:00:00,488,12,Pha Cao Lanh,2016,0,24.5
2017-01-01T00:00:00,321.2857143,1,Pha Cao Lanh,2017,0,24.5
2017-02-01T00:00:00,301.5178571,2,Pha Cao Lanh,2017,0,24.5
2017-03-01T00:00:00,432.5,3,Pha Cao Lanh,2017,0,24.5
2017-04-01T00:00:00,346.9285714,4,Pha Cao Lanh,2017,0,24.5
2017-05-01T00:00:00,553,5,Pha Cao Lanh,2017,0,24.5
2017-06-01T00:00:00,418,6,Pha Cao Lanh,2017,0,24.5
2017-07-01T00:00:00,294.5,7,Pha Cao Lanh,2017,0,24.5
2017-08-01T00:00:00,402.5,8,Pha Cao Lanh,2017,0,24.5
2017-09-01T00:00:00,20,9,Pha Cao Lanh,2017,0,24.5
2017-10-01T00:00:00,448.25,10,Pha Cao Lanh,2017,0,24.5
2017-11-01T00:00:00,298,11,Pha Cao Lanh,2017,0,24.5
2017-12-01T00:00:00,214.2321429,12,Pha Cao Lanh,2017,0,24.5
2018-01-01T00:00:00,423.8333333,1,Pha Cao Lanh,2018,0,24.5
2018-02-01T00:00:00,552.9857143,2,Pha Cao Lanh,2018,0,24.5
2018-03-01T00:00:00,536.6190476,3,Pha Cao Lanh,2018,0,24.5
2018-04-01T00:00:00,429.75,4,Pha Cao Lanh,2018,0,24.5
2018-05-01T00:00:00,435.1666667,5,Pha Cao Lanh,2018,1,24.5
2018-06-01T00:00:00,282.5,6,Pha Cao Lanh,2018,1,24.5
2018-07-01T00:00:00,,7,Pha Cao Lanh,2018,1,24.5
2018-08-01T00:00:00,388.5,8,Pha Cao Lanh,2018,1,24.5
2018-09-01T00:00:00,895,9,Pha Cao Lanh,2018,1,24.5
2018-10-01T00:00:00,394.1666667,10,Pha Cao Lanh,2018,1,24.5
2018-11-01T00:00:00,479.3333333,11,Pha Cao Lanh,2018,1,24.5
2018-12-01T00:00:00,227.25,12,Pha Cao Lanh,2018,1,24.5
2019-01-01T00:00:00,441.6444444,1,Pha Cao Lanh,2019,1,24.5
2019-02-01T00:00:00,427.7130682,2,Pha Cao Lanh,2019,1,24.5
2019-03-01T00:00:00,507.6503759,3,Pha Cao Lanh,2019,1,24.5
2019-04-01T00:00:00,278.6071429,4,Pha Cao Lanh,2019,1,24.5
2019-05-01T00:00:00,327.4,5,Pha Cao Lanh,2019,1,24.5
2019-06-01T00:00:00,432.8333333,6,Pha Cao Lanh,2019,1,24.5
2019-07-01T00:00:00,511.875,7,Pha Cao Lanh,2019,1,24.5
2019-08-01T00:00:00,575.75,8,Pha Cao Lanh,2019,1,24.5
2019-09-01T00:00:00,440.75,9,Pha Cao Lanh,2019,1,24.5
2019-10-01T00:00:00,480.625,10,Pha Cao Lanh,2019,1,24.5
2019-11-01T00:00:00,501.5,11,Pha Cao Lanh,2019,1,24.5
2019-12-01T00:00:00,293.2142857,12,Pha Cao Lanh,2019,1,24.5
2007-01-01T00:00:00,413.7721691,1,Pha Co Chien,2007,0,16
2007-02-01T00:00:00,321.513852,2,Pha Co Chien,2007,0,16
2007-03-01T00:00:00,446.5688905,3,Pha Co Chien,2007,0,16
2007-04-01T00:00:00,412.6942893,4,Pha Co Chien,2007,0,16
2007-05-01T00:00:00,601.2600619,5,Pha Co Chien,2007,0,16
2007-06-01T00:00:00,497.9048223,6,Pha Co Chien,2007,0,16
2007-07-01T00:00:00,655.5380711,7,Pha Co Chien,2007,0,16
2007-08-01T00:00:00,621,8,Pha Co Chien,2007,0,16
2007-09-01T00:00:00,727.751269,9,Pha Co Chien,2007,0,16
2007-10-01T00:00:00,432.7753807,10,Pha Co Chien,2007,0,16
2007-11-01T00:00:00,511.5793147,11,Pha Co Chien,2007,0,16
2007-12-01T00:00:00,478.8299492,12,Pha Co Chien,2007,0,16
2008-01-01T00:00:00,451.9517766,1,Pha Co Chien,2008,0,16
2008-02-01T00:00:00,408.4033437,2,Pha Co Chien,2008,0,16
2008-03-01T00:00:00,436.8291878,3,Pha Co Chien,2008,0,16
2008-04-01T00:00:00,388.4708122,4,Pha Co Chien,2008,0,16
2008-05-01T00:00:00,539.4396285,5,Pha Co Chien,2008,0,16
2008-06-01T00:00:00,725.7722513,6,Pha Co Chien,2008,0,16
2008-07-01T00:00:00,535.826087,7,Pha Co Chien,2008,0,16
2008-08-01T00:00:00,495.632107,8,Pha Co Chien,2008,0,16
2008-09-01T00:00:00,546,9,Pha Co Chien,2008,0,16
2008-10-01T00:00:00,459.7801047,10,Pha Co Chien,2008,0,16
2008-11-01T00:00:00,361.8526316,11,Pha Co Chien,2008,0,16
2008-12-01T00:00:00,431.8451777,12,Pha Co Chien,2008,0,16
2009-01-01T00:00:00,500.2969422,1,Pha Co Chien,2009,0,16
2009-02-01T00:00:00,183.0447124,2,Pha Co Chien,2009,0,16
2009-03-01T00:00:00,371.6428088,3,Pha Co Chien,2009,0,16
2009-04-01T00:00:00,348.5619048,4,Pha Co Chien,2009,0,16
2009-05-01T00:00:00,514.3976311,5,Pha Co Chien,2009,0,16
2009-06-01T00:00:00,465.1255499,6,Pha Co Chien,2009,0,16
2009-07-01T00:00:00,535.8668731,7,Pha Co Chien,2009,0,16
2009-08-01T00:00:00,423.5144695,8,Pha Co Chien,2009,0,16
2009-09-01T00:00:00,499.5513514,9,Pha Co Chien,2009,0,16
2009-10-01T00:00:00,299.8959391,10,Pha Co Chien,2009,0,16
2009-11-01T00:00:00,328.9130435,11,Pha Co Chien,2009,0,16
2009-12-01T00:00:00,330.3958545,12,Pha Co Chien,2009,0,16
2010-01-01T00:00:00,371.1842766,1,Pha Co Chien,2010,0,16
2010-02-01T00:00:00,285.3240341,2,Pha Co Chien,2010,0,16
2010-03-01T00:00:00,410.9680741,3,Pha Co Chien,2010,0,16
2010-04-01T00:00:00,577.9128596,4,Pha Co Chien,2010,0,16
2010-05-01T00:00:00,455.3547438,5,Pha Co Chien,2010,0,16
2010-06-01T00:00:00,312.4454054,6,Pha Co Chien,2010,0,16
2010-07-01T00:00:00,472.24613,7,Pha Co Chien,2010,0,16
2010-08-01T00:00:00,719.1325301,8,Pha Co Chien,2010,0,16
2010-09-01T00:00:00,,9,Pha Co Chien,2010,0,16
2010-10-01T00:00:00,441.752322,10,Pha Co Chien,2010,0,16
2010-11-01T00:00:00,520.8664921,11,Pha Co Chien,2010,0,16
2010-12-01T00:00:00,261.617801,12,Pha Co Chien,2010,0,16
2011-01-01T00:00:00,321.2973169,1,Pha Co Chien,2011,0,16
2011-02-01T00:00:00,472.0211006,2,Pha Co Chien,2011,0,16
2011-03-01T00:00:00,368.1175973,3,Pha Co Chien,2011,0,16
2011-04-01T00:00:00,647.7695794,4,Pha Co Chien,2011,0,16
2011-05-01T00:00:00,582.7601523,5,Pha Co Chien,2011,0,16
2011-06-01T00:00:00,375,6,Pha Co Chien,2011,0,16
2011-07-01T00:00:00,459.8095238,7,Pha Co Chien,2011,0,16
2011-08-01T00:00:00,553.3045685,8,Pha Co Chien,2011,0,16
2011-09-01T00:00:00,,9,Pha Co Chien,2011,0,16
2011-10-01T00:00:00,449.1155821,10,Pha Co Chien,2011,0,16
2011-11-01T00:00:00,442.6884328,11,Pha Co Chien,2011,0,16
2011-12-01T00:00:00,359.6649215,12,Pha Co Chien,2011,0,16
2012-01-01T00:00:00,387.1830716,1,Pha Co Chien,2012,0,16
2012-02-01T00:00:00,408.7959362,2,Pha Co Chien,2012,0,16
2012-03-01T00:00:00,313.234555,3,Pha Co Chien,2012,0,16
2012-04-01T00:00:00,254.83,4,Pha Co Chien,2012,0,16
2012-05-01T00:00:00,587.6723386,5,Pha Co Chien,2012,0,16
2012-06-01T00:00:00,473.8378378,6,Pha Co Chien,2012,0,16
2012-07-01T00:00:00,415.125,7,Pha Co Chien,2012,0,16
2012-08-01T00:00:00,482.7378378,8,Pha Co Chien,2012,0,16
2012-09-01T00:00:00,505.6465969,9,Pha Co Chien,2012,0,16
2012-10-01T00:00:00,507.0366492,10,Pha Co Chien,2012,0,16
2012-11-01T00:00:00,396.5351171,11,Pha Co Chien,2012,0,16
2012-12-01T00:00:00,207.5998255,12,Pha Co Chien,2012,0,16
2013-01-01T00:00:00,416.0083492,1,Pha Co Chien,2013,0,16
2013-02-01T00:00:00,290.1059183,2,Pha Co Chien,2013,0,16
2013-03-01T00:00:00,564.2645288,3,Pha Co Chien,2013,0,16
2013-04-01T00:00:00,665.2604502,4,Pha Co Chien,2013,0,16
2013-05-01T00:00:00,445.8411371,5,Pha Co Chien,2013,0,16
2013-06-01T00:00:00,363.8992147,6,Pha Co Chien,2013,0,16
2013-07-01T00:00:00,305.8391892,7,Pha Co Chien,2013,0,16
2013-08-01T00:00:00,534,8,Pha Co Chien,2013,0,16
2013-09-01T00:00:00,381.6666667,9,Pha Co Chien,2013,0,16
2013-10-01T00:00:00,799.2041885,10,Pha Co Chien,2013,0,16
2013-11-01T00:00:00,581.9837838,11,Pha Co Chien,2013,0,16
2013-12-01T00:00:00,617.5,12,Pha Co Chien,2013,0,16
2014-01-01T00:00:00,485.4565916,1,Pha Co Chien,2014,0,16
2014-02-01T00:00:00,482.0082845,2,Pha Co Chien,2014,0,16
2014-03-01T00:00:00,414.869166,3,Pha Co Chien,2014,0,16
2014-04-01T00:00:00,553.2938482,4,Pha Co Chien,2014,0,16
2014-05-01T00:00:00,393.0667539,5,Pha Co Chien,2014,0,16
2014-06-01T00:00:00,305.6810811,6,Pha Co Chien,2014,0,16
2014-07-01T00:00:00,329.6382637,7,Pha Co Chien,2014,0,16
2014-08-01T00:00:00,616.0610932,8,Pha Co Chien,2014,0,16
2014-09-01T00:00:00,536.3294066,9,Pha Co Chien,2014,0,16
2014-10-01T00:00:00,611.1744792,10,Pha Co Chien,2014,0,16
2014-11-01T00:00:00,449.3424084,11,Pha Co Chien,2014,0,16
2014-12-01T00:00:00,250.3333333,12,Pha Co Chien,2014,0,16
2015-01-01T00:00:00,435.7655949,1,Pha Co Chien,2015,0,16
2015-02-01T00:00:00,417.168138,2,Pha Co Chien,2015,0,16
2015-03-01T00:00:00,409.9404073,3,Pha Co Chien,2015,0,16
2015-04-01T00:00:00,736.4710611,4,Pha Co Chien,2015,0,16
2015-05-01T00:00:00,398.2467846,5,Pha Co Chien,2015,1,16
2015-06-01T00:00:00,313.3333333,6,Pha Co Chien,2015,1,16
2015-07-01T00:00:00,601.9389068,7,Pha Co Chien,2015,1,16
2015-08-01T00:00:00,455.7524116,8,Pha Co Chien,2015,1,16
2015-09-01T00:00:00,612.9823151,9,Pha Co Chien,2015,1,16
2015-10-01T00:00:00,353.3762058,10,Pha Co Chien,2015,1,16
2015-11-01T00:00:00,276.7675701,11,Pha Co Chien,2015,1,16
2015-12-01T00:00:00,241.2620579,12,Pha Co Chien,2015,1,16
2016-01-01T00:00:00,280.04375,1,Pha Co Chien,2016,1,16
2016-02-01T00:00:00,356.1498392,2,Pha Co Chien,2016,1,16
2016-03-01T00:00:00,558.0313505,3,Pha Co Chien,2016,1,16
2016-04-01T00:00:00,576.962701,4,Pha Co Chien,2016,1,16
2016-05-01T00:00:00,486.1607717,5,Pha Co Chien,2016,1,16
2016-06-01T00:00:00,533.5839841,6,Pha Co Chien,2016,1,16
2016-07-01T00:00:00,688.025,7,Pha Co Chien,2016,1,16
2016-08-01T00:00:00,498.4163987,8,Pha Co Chien,2016,1,16
2016-09-01T00:00:00,,9,Pha Co Chien,2016,1,16
2016-10-01T00:00:00,,10,Pha Co Chien,2016,1,16
2016-11-01T00:00:00,342.357985,11,Pha Co Chien,2016,1,16
2016-12-01T00:00:00,445,12,Pha Co Chien,2016,1,16
2017-01-01T00:00:00,453.3038585,1,Pha Co Chien,2017,1,16
2017-02-01T00:00:00,437.1396034,2,Pha Co Chien,2017,1,16
2017-03-01T00:00:00,443.9046088,3,Pha Co Chien,2017,1,16
2017-04-01T00:00:00,544.1714074,4,Pha Co Chien,2017,1,16
2017-05-01T00:00:00,507.7859532,5,Pha Co Chien,2017,1,16
2017-06-01T00:00:00,911,6,Pha Co Chien,2017,1,16
2017-07-01T00:00:00,400.5,7,Pha Co Chien,2017,1,16
2017-08-01T00:00:00,498.3376206,8,Pha Co Chien,2017,1,16
2017-09-01T00:00:00,512.0289389,9,Pha Co Chien,2017,1,16
2017-10-01T00:00:00,,10,Pha Co Chien,2017,1,16
2017-11-01T00:00:00,369.1979695,11,Pha Co Chien,2017,1,16
2017-12-01T00:00:00,447.185209,12,Pha Co Chien,2017,1,16
2018-01-01T00:00:00,371.0083333,1,Pha Co Chien,2018,1,16
2018-02-01T00:00:00,566.5099143,2,Pha Co Chien,2018,1,16
2018-03-01T00:00:00,334.1130761,3,Pha Co Chien,2018,1,16
2018-04-01T00:00:00,387.7806976,4,Pha Co Chien,2018,1,16
2018-05-01T00:00:00,591.1958333,5,Pha Co Chien,2018,1,16
2018-06-01T00:00:00,426,6,Pha Co Chien,2018,1,16
2018-07-01T00:00:00,471,7,Pha Co Chien,2018,1,16
2018-08-01T00:00:00,298.8972973,8,Pha Co Chien,2018,1,16
2018-09-01T00:00:00,498.7309645,9,Pha Co Chien,2018,1,16
2018-10-01T00:00:00,415.2954984,10,Pha Co Chien,2018,1,16
2018-11-01T00:00:00,240.5,11,Pha Co Chien,2018,1,16
2018-12-01T00:00:00,377.6832797,12,Pha Co Chien,2018,1,16
2019-01-01T00:00:00,276.4258404,1,Pha Co Chien,2019,1,16
2019-02-01T00:00:00,349.0125307,2,Pha Co Chien,2019,1,16
2019-03-01T00:00:00,432.3702343,3,Pha Co Chien,2019,1,16
2019-04-01T00:00:00,381.6044529,4,Pha Co Chien,2019,1,16
2019-05-01T00:00:00,497.812709,5,Pha Co Chien,2019,1,16
2019-06-01T00:00:00,468.2379421,6,Pha Co Chien,2019,1,16
2019-07-01T00:00:00,519.022508,7,Pha Co Chien,2019,1,16
2019-08-01T00:00:00,558.5,8,Pha Co Chien,2019,1,16
2019-09-01T00:00:00,635.7395498,9,Pha Co Chien,2019,1,16
2019-10-01T00:00:00,395.2666667,10,Pha Co Chien,2019,1,16
2019-11-01T00:00:00,277.3794212,11,Pha Co Chien,2019,1,16
2019-12-01T00:00:00,424.19848,12,Pha Co Chien,2019,1,16
2007-01-01T00:00:00,392.8143939,1,Pha Ham Luong,2007,0,16
2007-02-01T00:00:00,387.407563,2,Pha Ham Luong,2007,0,16
2007-03-01T00:00:00,479.6666667,3,Pha Ham Luong,2007,0,16
2007-04-01T00:00:00,459.9166667,4,Pha Ham Luong,2007,0,16
2007-05-01T00:00:00,,5,Pha Ham Luong,2007,0,16
2007-06-01T00:00:00,589.3333333,6,Pha Ham Luong,2007,0,16
2007-07-01T00:00:00,817,7,Pha Ham Luong,2007,0,16
2007-08-01T00:00:00,,8,Pha Ham Luong,2007,0,16
2007-09-01T00:00:00,,9,Pha Ham Luong,2007,0,16
2007-10-01T00:00:00,504,10,Pha Ham Luong,2007,0,16
2007-11-01T00:00:00,460.3333333,11,Pha Ham Luong,2007,0,16
2007-12-01T00:00:00,374.3055556,12,Pha Ham Luong,2007,0,16
2008-01-01T00:00:00,425.425,1,Pha Ham Luong,2008,0,16
2008-02-01T00:00:00,455.2166667,2,Pha Ham Luong,2008,0,16
2008-03-01T00:00:00,423.2916667,3,Pha Ham Luong,2008,0,16
2008-04-01T00:00:00,573.625,4,Pha Ham Luong,2008,0,16
2008-05-01T00:00:00,559.25,5,Pha Ham Luong,2008,0,16
2008-06-01T00:00:00,462.6666667,6,Pha Ham Luong,2008,0,16
2008-07-01T00:00:00,401.5,7,Pha Ham Luong,2008,0,16
2008-08-01T00:00:00,746.5,8,Pha Ham Luong,2008,0,16
2008-09-01T00:00:00,879,9,Pha Ham Luong,2008,0,16
2008-10-01T00:00:00,249,10,Pha Ham Luong,2008,0,16
2008-11-01T00:00:00,157.5,11,Pha Ham Luong,2008,0,16
2008-12-01T00:00:00,486.25,12,Pha Ham Luong,2008,0,16
2009-01-01T00:00:00,458.6180556,1,Pha Ham Luong,2009,0,16
2009-02-01T00:00:00,255.05,2,Pha Ham Luong,2009,0,16
2009-03-01T00:00:00,392.05,3,Pha Ham Luong,2009,0,16
2009-04-01T00:00:00,443.675,4,Pha Ham Luong,2009,0,16
2009-05-01T00:00:00,520,5,Pha Ham Luong,2009,0,16
2009-06-01T00:00:00,521.375,6,Pha Ham Luong,2009,0,16
2009-07-01T00:00:00,342.5,7,Pha Ham Luong,2009,0,16
2009-08-01T00:00:00,591.75,8,Pha Ham Luong,2009,0,16
2009-09-01T00:00:00,318,9,Pha Ham Luong,2009,0,16
2009-10-01T00:00:00,399.7142857,10,Pha Ham Luong,2009,0,16
2009-11-01T00:00:00,393.6666667,11,Pha Ham Luong,2009,0,16
2009-12-01T00:00:00,470.0722222,12,Pha Ham Luong,2009,0,16
2010-01-01T00:00:00,449.0714286,1,Pha Ham Luong,2010,0,16
2010-02-01T00:00:00,354.9128205,2,Pha Ham Luong,2010,0,16
2010-03-01T00:00:00,467.7055556,3,Pha Ham Luong,2010,0,16
2010-04-01T00:00:00,665.625,4,Pha Ham Luong,2010,1,16
2010-05-01T00:00:00,408.75,5,Pha Ham Luong,2010,1,16
2010-06-01T00:00:00,789.5,6,Pha Ham Luong,2010,1,16
2010-07-01T00:00:00,368,7,Pha Ham Luong,2010,1,16
2010-08-01T00:00:00,611.5,8,Pha Ham Luong,2010,1,16
2010-09-01T00:00:00,283,9,Pha Ham Luong,2010,1,16
2010-10-01T00:00:00,394.5,10,Pha Ham Luong,2010,1,16
2010-11-01T00:00:00,517,11,Pha Ham Luong,2010,1,16
2010-12-01T00:00:00,382.5,12,Pha Ham Luong,2010,1,16
2011-01-01T00:00:00,264.5,1,Pha Ham Luong,2011,1,16
2011-02-01T00:00:00,562.7166667,2,Pha Ham Luong,2011,1,16
2011-03-01T00:00:00,467.797619,3,Pha Ham Luong,2011,1,16
2011-04-01T00:00:00,603.6363636,4,Pha Ham Luong,2011,1,16
2011-05-01T00:00:00,626.25,5,Pha Ham Luong,2011,1,16
2011-06-01T00:00:00,848,6,Pha Ham Luong,2011,1,16
2011-07-01T00:00:00,679,7,Pha Ham Luong,2011,1,16
2011-08-01T00:00:00,803.5,8,Pha Ham Luong,2011,1,16
2011-09-01T00:00:00,,9,Pha Ham Luong,2011,1,16
2011-10-01T00:00:00,393.3333333,10,Pha Ham Luong,2011,1,16
2011-11-01T00:00:00,443.5666667,11,Pha Ham Luong,2011,1,16
2011-12-01T00:00:00,305.5,12,Pha Ham Luong,2011,1,16
2012-01-01T00:00:00,317.0833333,1,Pha Ham Luong,2012,1,16
2012-02-01T00:00:00,419.2714286,2,Pha Ham Luong,2012,1,16
2012-03-01T00:00:00,395.8333333,3,Pha Ham Luong,2012,1,16
2012-04-01T00:00:00,452.8333333,4,Pha Ham Luong,2012,1,16
2012-05-01T00:00:00,530.8571429,5,Pha Ham Luong,2012,1,16
2012-06-01T00:00:00,538.25,6,Pha Ham Luong,2012,1,16
2012-07-01T00:00:00,379,7,Pha Ham Luong,2012,1,16
2012-08-01T00:00:00,560.75,8,Pha Ham Luong,2012,1,16
2012-09-01T00:00:00,527.5,9,Pha Ham Luong,2012,1,16
2012-10-01T00:00:00,426.5,10,Pha Ham Luong,2012,1,16
2012-11-01T00:00:00,418,11,Pha Ham Luong,2012,1,16
2012-12-01T00:00:00,259.6,12,Pha Ham Luong,2012,1,16
2013-01-01T00:00:00,530.5039683,1,Pha Ham Luong,2013,1,16
2013-02-01T00:00:00,348.5,2,Pha Ham Luong,2013,1,16
2013-03-01T00:00:00,552.4821429,3,Pha Ham Luong,2013,1,16
2013-04-01T00:00:00,913.5,4,Pha Ham Luong,2013,1,16
2013-05-01T00:00:00,565.4166667,5,Pha Ham Luong,2013,1,16
2013-06-01T00:00:00,657.1666667,6,Pha Ham Luong,2013,1,16
2013-07-01T00:00:00,306,7,Pha Ham Luong,2013,1,16
2013-08-01T00:00:00,378.5833333,8,Pha Ham Luong,2013,1,16
2013-09-01T00:00:00,,9,Pha Ham Luong,2013,1,16
2013-10-01T00:00:00,847,10,Pha Ham Luong,2013,1,16
2013-11-01T00:00:00,512,11,Pha Ham Luong,2013,1,16
2013-12-01T00:00:00,647.675,12,Pha Ham Luong,2013,1,16
2014-01-01T00:00:00,535.7916667,1,Pha Ham Luong,2014,1,16
2014-02-01T00:00:00,573.1,2,Pha Ham Luong,2014,1,16
2014-03-01T00:00:00,368.5833333,3,Pha Ham Luong,2014,1,16
2014-04-01T00:00:00,388.9583333,4,Pha Ham Luong,2014,1,16
2014-05-01T00:00:00,551.8333333,5,Pha Ham Luong,2014,1,16
2014-06-01T00:00:00,,6,Pha Ham Luong,2014,1,16
2014-07-01T00:00:00,700.85,7,Pha Ham Luong,2014,1,16
2014-08-01T00:00:00,539.25,8,Pha Ham Luong,2014,1,16
2014-09-01T00:00:00,952.5,9,Pha Ham Luong,2014,1,16
2014-10-01T00:00:00,596.25,10,Pha Ham Luong,2014,1,16
2014-11-01T00:00:00,476.7053571,11,Pha Ham Luong,2014,1,16
2014-12-01T00:00:00,443.8333333,12,Pha Ham Luong,2014,1,16
2015-01-01T00:00:00,446.4166667,1,Pha Ham Luong,2015,1,16
2015-02-01T00:00:00,661.3055556,2,Pha Ham Luong,2015,1,16
2015-03-01T00:00:00,542.5551948,3,Pha Ham Luong,2015,1,16
2015-04-01T00:00:00,814.1333333,4,Pha Ham Luong,2015,1,16
2015-05-01T00:00:00,580.85,5,Pha Ham Luong,2015,1,16
2015-06-01T00:00:00,647,6,Pha Ham Luong,2015,1,16
2015-07-01T00:00:00,413,7,Pha Ham Luong,2015,1,16
2015-08-01T00:00:00,512.125,8,Pha Ham Luong,2015,1,16
2015-09-01T00:00:00,545.5833333,9,Pha Ham Luong,2015,1,16
2015-10-01T00:00:00,438.3333333,10,Pha Ham Luong,2015,1,16
2015-11-01T00:00:00,347,11,Pha Ham Luong,2015,1,16
2015-12-01T00:00:00,431.8484848,12,Pha Ham Luong,2015,1,16
2016-01-01T00:00:00,411.157197,1,Pha Ham Luong,2016,1,16
2016-02-01T00:00:00,485.3080808,2,Pha Ham Luong,2016,1,16
2016-03-01T00:00:00,659.622549,3,Pha Ham Luong,2016,1,16
2016-04-01T00:00:00,642.7333333,4,Pha Ham Luong,2016,1,16
2016-05-01T00:00:00,692.75,5,Pha Ham Luong,2016,1,16
2016-06-01T00:00:00,,6,Pha Ham Luong,2016,1,16
2016-07-01T00:00:00,412.8333333,7,Pha Ham Luong,2016,1,16
2016-08-01T00:00:00,,8,Pha Ham Luong,2016,1,16
2016-09-01T00:00:00,,9,Pha Ham Luong,2016,1,16
2016-10-01T00:00:00,,10,Pha Ham Luong,2016,1,16
2016-11-01T00:00:00,371.5,11,Pha Ham Luong,2016,1,16
2016-12-01T00:00:00,277.5,12,Pha Ham Luong,2016,1,16
2017-01-01T00:00:00,370.375,1,Pha Ham Luong,2017,1,16
2017-02-01T00:00:00,290.6666667,2,Pha Ham Luong,2017,1,16
2017-03-01T00:00:00,522.75,3,Pha Ham Luong,2017,1,16
2017-04-01T00:00:00,525.875,4,Pha Ham Luong,2017,1,16
2017-05-01T00:00:00,877,5,Pha Ham Luong,2017,1,16
2017-06-01T00:00:00,606.6666667,6,Pha Ham Luong,2017,1,16
2017-07-01T00:00:00,503,7,Pha Ham Luong,2017,1,16
2017-08-01T00:00:00,812,8,Pha Ham Luong,2017,1,16
2017-09-01T00:00:00,445,9,Pha Ham Luong,2017,1,16
2017-10-01T00:00:00,498.6666667,10,Pha Ham Luong,2017,1,16
2017-11-01T00:00:00,,11,Pha Ham Luong,2017,1,16
2017-12-01T00:00:00,418.675,12,Pha Ham Luong,2017,1,16
2018-01-01T00:00:00,553.0416667,1,Pha Ham Luong,2018,1,16
2018-02-01T00:00:00,577.9,2,Pha Ham Luong,2018,1,16
2018-03-01T00:00:00,493.1180556,3,Pha Ham Luong,2018,1,16
2018-04-01T00:00:00,363.2,4,Pha Ham Luong,2018,1,16
2018-05-01T00:00:00,492.1666667,5,Pha Ham Luong,2018,1,16
2018-06-01T00:00:00,722,6,Pha Ham Luong,2018,1,16
2018-07-01T00:00:00,741,7,Pha Ham Luong,2018,1,16
2018-08-01T00:00:00,546.5,8,Pha Ham Luong,2018,1,16
2018-09-01T00:00:00,549.9166667,9,Pha Ham Luong,2018,1,16
2018-10-01T00:00:00,593.125,10,Pha Ham Luong,2018,1,16
2018-11-01T00:00:00,445.75,11,Pha Ham Luong,2018,1,16
2018-12-01T00:00:00,466.1904762,12,Pha Ham Luong,2018,1,16
2019-01-01T00:00:00,321.1121795,1,Pha Ham Luong,2019,1,16
2019-02-01T00:00:00,397,2,Pha Ham Luong,2019,1,16
2019-03-01T00:00:00,508.0222222,3,Pha Ham Luong,2019,1,16
2019-04-01T00:00:00,469.6833333,4,Pha Ham Luong,2019,1,16
2019-05-01T00:00:00,,5,Pha Ham Luong,2019,1,16
2019-06-01T00:00:00,445.5,6,Pha Ham Luong,2019,1,16
2019-07-01T00:00:00,561.25,7,Pha Ham Luong,2019,1,16
2019-08-01T00:00:00,,8,Pha Ham Luong,2019,1,16
2019-09-01T00:00:00,,9,Pha Ham Luong,2019,1,16
2019-10-01T00:00:00,501.6527778,10,Pha Ham Luong,2019,1,16
2019-11-01T00:00:00,353.6833333,11,Pha Ham Luong,2019,1,16
2019-12-01T00:00:00,350.3571429,12,Pha Ham Luong,2019,1,16
2007-01-01T00:00:00,405.4508772,1,Pha My Loi,2007,0,12
2007-02-01T00:00:00,312.9875541,2,Pha My Loi,2007,0,12
2007-03-01T00:00:00,327.7724359,3,Pha My Loi,2007,0,12
2007-04-01T00:00:00,396.1388889,4,Pha My Loi,2007,0,12
2007-05-01T00:00:00,300.25,5,Pha My Loi,2007,0,12
2007-06-01T00:00:00,420.5,6,Pha My Loi,2007,0,12
2007-07-01T00:00:00,439.4583333,7,Pha My Loi,2007,0,12
2007-08-01T00:00:00,825,8,Pha My Loi,2007,0,12
2007-09-01T00:00:00,913,9,Pha My Loi,2007,0,12
2007-10-01T00:00:00,382.8,10,Pha My Loi,2007,0,12
2007-11-01T00:00:00,396.9017857,11,Pha My Loi,2007,0,12
2007-12-01T00:00:00,406.8974359,12,Pha My Loi,2007,0,12
2008-01-01T00:00:00,355.45,1,Pha My Loi,2008,0,12
2008-02-01T00:00:00,369.6785714,2,Pha My Loi,2008,0,12
2008-03-01T00:00:00,443.4272727,3,Pha My Loi,2008,0,12
2008-04-01T00:00:00,389.5535714,4,Pha My Loi,2008,0,12
2008-05-01T00:00:00,648.6666667,5,Pha My Loi,2008,0,12
2008-06-01T00:00:00,276.75,6,Pha My Loi,2008,0,12
2008-07-01T00:00:00,521.1904762,7,Pha My Loi,2008,0,12
2008-08-01T00:00:00,455.5,8,Pha My Loi,2008,0,12
2008-09-01T00:00:00,536.9583333,9,Pha My Loi,2008,0,12
2008-10-01T00:00:00,431.8,10,Pha My Loi,2008,0,12
2008-11-01T00:00:00,338,11,Pha My Loi,2008,0,12
2008-12-01T00:00:00,421,12,Pha My Loi,2008,0,12
2009-01-01T00:00:00,514.4391026,1,Pha My Loi,2009,0,12
2009-02-01T00:00:00,311.9464286,2,Pha My Loi,2009,0,12
2009-03-01T00:00:00,288.6083333,3,Pha My Loi,2009,0,12
2009-04-01T00:00:00,320.75,4,Pha My Loi,2009,0,12
2009-05-01T00:00:00,494.9166667,5,Pha My Loi,2009,0,12
2009-06-01T00:00:00,464.625,6,Pha My Loi,2009,0,12
2009-07-01T00:00:00,449.8333333,7,Pha My Loi,2009,0,12
2009-08-01T00:00:00,616.6875,8,Pha My Loi,2009,0,12
2009-09-01T00:00:00,699.6666667,9,Pha My Loi,2009,0,12
2009-10-01T00:00:00,369.2833333,10,Pha My Loi,2009,0,12
2009-11-01T00:00:00,337.9142857,11,Pha My Loi,2009,0,12
2009-12-01T00:00:00,461.6052632,12,Pha My Loi,2009,0,12
2010-01-01T00:00:00,312.5714286,1,Pha My Loi,2010,0,12
2010-02-01T00:00:00,272.836485,2,Pha My Loi,2010,0,12
2010-03-01T00:00:00,410.9828431,3,Pha My Loi,2010,0,12
2010-04-01T00:00:00,401.9,4,Pha My Loi,2010,0,12
2010-05-01T00:00:00,259.0069444,5,Pha My Loi,2010,0,12
2010-06-01T00:00:00,419.125,6,Pha My Loi,2010,0,12
2010-07-01T00:00:00,334.125,7,Pha My Loi,2010,0,12
2010-08-01T00:00:00,392,8,Pha My Loi,2010,0,12
2010-09-01T00:00:00,,9,Pha My Loi,2010,0,12
2010-10-01T00:00:00,436.75,10,Pha My Loi,2010,0,12
2010-11-01T00:00:00,379.2232143,11,Pha My Loi,2010,0,12
2010-12-01T00:00:00,387.1666667,12,Pha My Loi,2010,0,12
2011-01-01T00:00:00,438.7857143,1,Pha My Loi,2011,0,12
2011-02-01T00:00:00,462.3607843,2,Pha My Loi,2011,0,12
2011-03-01T00:00:00,254.625,3,Pha My Loi,2011,0,12
2011-04-01T00:00:00,556.28125,4,Pha My Loi,2011,0,12
2011-05-01T00:00:00,318,5,Pha My Loi,2011,0,12
2011-06-01T00:00:00,545.75,6,Pha My Loi,2011,0,12
2011-07-01T00:00:00,354.6666667,7,Pha My Loi,2011,0,12
2011-08-01T00:00:00,475.7,8,Pha My Loi,2011,0,12
2011-09-01T00:00:00,384,9,Pha My Loi,2011,0,12
2011-10-01T00:00:00,415.75,10,Pha My Loi,2011,0,12
2011-11-01T00:00:00,354.0119048,11,Pha My Loi,2011,0,12
2011-12-01T00:00:00,425.4642857,12,Pha My Loi,2011,0,12
2012-01-01T00:00:00,176.95,1,Pha My Loi,2012,0,12
2012-02-01T00:00:00,309.2547619,2,Pha My Loi,2012,0,12
2012-03-01T00:00:00,354,3,Pha My Loi,2012,0,12
2012-04-01T00:00:00,301.625,4,Pha My Loi,2012,0,12
2012-05-01T00:00:00,456.35,5,Pha My Loi,2012,0,12
2012-06-01T00:00:00,417.25,6,Pha My Loi,2012,0,12
2012-07-01T00:00:00,386.25,7,Pha My Loi,2012,0,12
2012-08-01T00:00:00,260.35,8,Pha My Loi,2012,0,12
2012-09-01T00:00:00,447,9,Pha My Loi,2012,0,12
2012-10-01T00:00:00,320.2444444,10,Pha My Loi,2012,0,12
2012-11-01T00:00:00,278.9333333,11,Pha My Loi,2012,0,12
2012-12-01T00:00:00,241.5833333,12,Pha My Loi,2012,0,12
2013-01-01T00:00:00,487.9373434,1,Pha My Loi,2013,0,12
2013-02-01T00:00:00,254.1833333,2,Pha My Loi,2013,0,12
2013-03-01T00:00:00,433.9333333,3,Pha My Loi,2013,0,12
2013-04-01T00:00:00,427,4,Pha My Loi,2013,0,12
2013-05-01T00:00:00,337.8,5,Pha My Loi,2013,0,12
2013-06-01T00:00:00,336.75,6,Pha My Loi,2013,0,12
2013-07-01T00:00:00,143.5,7,Pha My Loi,2013,0,12
2013-08-01T00:00:00,377.3333333,8,Pha My Loi,2013,0,12
2013-09-01T00:00:00,529.9333333,9,Pha My Loi,2013,0,12
2013-10-01T00:00:00,592.625,10,Pha My Loi,2013,0,12
2013-11-01T00:00:00,256.375,11,Pha My Loi,2013,0,12
2013-12-01T00:00:00,616.0277778,12,Pha My Loi,2013,0,12
2014-01-01T00:00:00,504.8820513,1,Pha My Loi,2014,0,12
2014-02-01T00:00:00,438.9177719,2,Pha My Loi,2014,0,12
2014-03-01T00:00:00,337.9793103,3,Pha My Loi,2014,0,12
2014-04-01T00:00:00,444.8035714,4,Pha My Loi,2014,0,12
2014-05-01T00:00:00,275.875,5,Pha My Loi,2014,0,12
2014-06-01T00:00:00,323.5,6,Pha My Loi,2014,0,12
2014-07-01T00:00:00,492.375,7,Pha My Loi,2014,0,12
2014-08-01T00:00:00,578.25,8,Pha My Loi,2014,0,12
2014-09-01T00:00:00,433.175,9,Pha My Loi,2014,0,12
2014-10-01T00:00:00,315.2582418,10,Pha My Loi,2014,0,12
2014-11-01T00:00:00,314.0320513,11,Pha My Loi,2014,0,12
2014-12-01T00:00:00,293.9166667,12,Pha My Loi,2014,0,12
2015-01-01T00:00:00,442.4291667,1,Pha My Loi,2015,0,12
2015-02-01T00:00:00,419.1315789,2,Pha My Loi,2015,0,12
2015-03-01T00:00:00,338.8823529,3,Pha My Loi,2015,0,12
2015-04-01T00:00:00,519.0793651,4,Pha My Loi,2015,0,12
2015-05-01T00:00:00,382.1,5,Pha My Loi,2015,0,12
2015-06-01T00:00:00,316.1388889,6,Pha My Loi,2015,0,12
2015-07-01T00:00:00,451.7,7,Pha My Loi,2015,0,12
2015-08-01T00:00:00,372.8571429,8,Pha My Loi,2015,1,12
2015-09-01T00:00:00,558.375,9,Pha My Loi,2015,1,12
2015-10-01T00:00:00,438.5833333,10,Pha My Loi,2015,1,12
2015-11-01T00:00:00,276.2878788,11,Pha My Loi,2015,1,12
2015-12-01T00:00:00,316.2973856,12,Pha My Loi,2015,1,12
2016-01-01T00:00:00,307.1225962,1,Pha My Loi,2016,1,12
2016-02-01T00:00:00,404.5722222,2,Pha My Loi,2016,1,12
2016-03-01T00:00:00,430.6574074,3,Pha My Loi,2016,1,12
2016-04-01T00:00:00,390.5214286,4,Pha My Loi,2016,1,12
2016-05-01T00:00:00,362,5,Pha My Loi,2016,1,12
2016-06-01T00:00:00,330,6,Pha My Loi,2016,1,12
2016-07-01T00:00:00,285.25,7,Pha My Loi,2016,1,12
2016-08-01T00:00:00,369.5,8,Pha My Loi,2016,1,12
2016-09-01T00:00:00,518,9,Pha My Loi,2016,1,12
2016-10-01T00:00:00,640,10,Pha My Loi,2016,1,12
2016-11-01T00:00:00,328.8333333,11,Pha My Loi,2016,1,12
2016-12-01T00:00:00,621.8333333,12,Pha My Loi,2016,1,12
2017-01-01T00:00:00,236.0606061,1,Pha My Loi,2017,1,12
2017-02-01T00:00:00,255.6538462,2,Pha My Loi,2017,1,12
2017-03-01T00:00:00,353.3675889,3,Pha My Loi,2017,1,12
2017-04-01T00:00:00,308.8472222,4,Pha My Loi,2017,1,12
2017-05-01T00:00:00,429.25,5,Pha My Loi,2017,1,12
2017-06-01T00:00:00,459.275,6,Pha My Loi,2017,1,12
2017-07-01T00:00:00,498.5833333,7,Pha My Loi,2017,1,12
2017-08-01T00:00:00,456.8333333,8,Pha My Loi,2017,1,12
2017-09-01T00:00:00,455.0833333,9,Pha My Loi,2017,1,12
2017-10-01T00:00:00,391,10,Pha My Loi,2017,1,12
2017-11-01T00:00:00,583,11,Pha My Loi,2017,1,12
2017-12-01T00:00:00,365.2875,12,Pha My Loi,2017,1,12
2018-01-01T00:00:00,354.1666667,1,Pha My Loi,2018,1,12
2018-02-01T00:00:00,475.8027778,2,Pha My Loi,2018,1,12
2018-03-01T00:00:00,404.5684524,3,Pha My Loi,2018,1,12
2018-04-01T00:00:00,443.2005495,4,Pha My Loi,2018,1,12
2018-05-01T00:00:00,358.875,5,Pha My Loi,2018,1,12
2018-06-01T00:00:00,425.6666667,6,Pha My Loi,2018,1,12
2018-07-01T00:00:00,311.75,7,Pha My Loi,2018,1,12
2018-08-01T00:00:00,589.1666667,8,Pha My Loi,2018,1,12
2018-09-01T00:00:00,477.3333333,9,Pha My Loi,2018,1,12
2018-10-01T00:00:00,448.422619,10,Pha My Loi,2018,1,12
2018-11-01T00:00:00,347.4,11,Pha My Loi,2018,1,12
2018-12-01T00:00:00,216.875,12,Pha My Loi,2018,1,12
2019-01-01T00:00:00,287.9375,1,Pha My Loi,2019,1,12
2019-02-01T00:00:00,246.8824786,2,Pha My Loi,2019,1,12
2019-03-01T00:00:00,428.95,3,Pha My Loi,2019,1,12
2019-04-01T00:00:00,347.4027778,4,Pha My Loi,2019,1,12
2019-05-01T00:00:00,396.9,5,Pha My Loi,2019,1,12
2019-06-01T00:00:00,256.1,6,Pha My Loi,2019,1,12
2019-07-01T00:00:00,295.9166667,7,Pha My Loi,2019,1,12
2019-08-01T00:00:00,654.25,8,Pha My Loi,2019,1,12
2019-09-01T00:00:00,464.375,9,Pha My Loi,2019,1,12
2019-10-01T00:00:00,425.5972222,10,Pha My Loi,2019,1,12
2019-11-01T00:00:00,476.2727273,11,Pha My Loi,2019,1,12
2019-12-01T00:00:00,412.0179739,12,Pha My Loi,2019,1,12
2007-01-01T00:00:00,379.2124542,1,Pha Rach Mieu,2007,0,15
2007-02-01T00:00:00,412.4267857,2,Pha Rach Mieu,2007,0,15
2007-03-01T00:00:00,480.2378917,3,Pha Rach Mieu,2007,0,15
2007-04-01T00:00:00,480.6136364,4,Pha Rach Mieu,2007,0,15
2007-05-01T00:00:00,199.6666667,5,Pha Rach Mieu,2007,0,15
2007-06-01T00:00:00,329.5,6,Pha Rach Mieu,2007,0,15
2007-07-01T00:00:00,473.5,7,Pha Rach Mieu,2007,0,15
2007-08-01T00:00:00,,8,Pha Rach Mieu,2007,0,15
2007-09-01T00:00:00,356.75,9,Pha Rach Mieu,2007,0,15
2007-10-01T00:00:00,566,10,Pha Rach Mieu,2007,0,15
2007-11-01T00:00:00,445.9037037,11,Pha Rach Mieu,2007,0,15
2007-12-01T00:00:00,382.9047619,12,Pha Rach Mieu,2007,0,15
2008-01-01T00:00:00,400.7962963,1,Pha Rach Mieu,2008,0,15
2008-02-01T00:00:00,395.1666667,2,Pha Rach Mieu,2008,0,15
2008-03-01T00:00:00,400.5601852,3,Pha Rach Mieu,2008,0,15
2008-04-01T00:00:00,486.8888889,4,Pha Rach Mieu,2008,0,15
2008-05-01T00:00:00,652.6666667,5,Pha Rach Mieu,2008,0,15
2008-06-01T00:00:00,351,6,Pha Rach Mieu,2008,0,15
2008-07-01T00:00:00,449.1666667,7,Pha Rach Mieu,2008,0,15
2008-08-01T00:00:00,651,8,Pha Rach Mieu,2008,0,15
2008-09-01T00:00:00,483,9,Pha Rach Mieu,2008,0,15
2008-10-01T00:00:00,462.8333333,10,Pha Rach Mieu,2008,0,15
2008-11-01T00:00:00,500,11,Pha Rach Mieu,2008,0,15
2008-12-01T00:00:00,365.3333333,12,Pha Rach Mieu,2008,0,15
2009-01-01T00:00:00,467.8925926,1,Pha Rach Mieu,2009,1,15
2009-02-01T00:00:00,165.625,2,Pha Rach Mieu,2009,1,15
2009-03-01T00:00:00,378.6888889,3,Pha Rach Mieu,2009,1,15
2009-04-01T00:00:00,565.4444444,4,Pha Rach Mieu,2009,1,15
2009-05-01T00:00:00,306.7777778,5,Pha Rach Mieu,2009,1,15
2009-06-01T00:00:00,505.3333333,6,Pha Rach Mieu,2009,1,15
2009-07-01T00:00:00,269.4166667,7,Pha Rach Mieu,2009,1,15
2009-08-01T00:00:00,446.575,8,Pha Rach Mieu,2009,1,15
2009-09-01T00:00:00,319.5,9,Pha Rach Mieu,2009,1,15
2009-10-01T00:00:00,428.9333333,10,Pha Rach Mieu,2009,1,15
2009-11-01T00:00:00,282,11,Pha Rach Mieu,2009,1,15
2009-12-01T00:00:00,465.1944444,12,Pha Rach Mieu,2009,1,15
2010-01-01T00:00:00,395.7666667,1,Pha Rach Mieu,2010,1,15
2010-02-01T00:00:00,296.9545455,2,Pha Rach Mieu,2010,1,15
2010-03-01T00:00:00,443.2543498,3,Pha Rach Mieu,2010,1,15
2010-04-01T00:00:00,502.2571429,4,Pha Rach Mieu,2010,1,15
2010-05-01T00:00:00,343.9444444,5,Pha Rach Mieu,2010,1,15
2010-06-01T00:00:00,481.625,6,Pha Rach Mieu,2010,1,15
2010-07-01T00:00:00,291.75,7,Pha Rach Mieu,2010,1,15
2010-08-01T00:00:00,438.7777778,8,Pha Rach Mieu,2010,1,15
2010-09-01T00:00:00,,9,Pha Rach Mieu,2010,1,15
2010-10-01T00:00:00,,10,Pha Rach Mieu,2010,1,15
2010-11-01T00:00:00,429.3333333,11,Pha Rach Mieu,2010,1,15
2010-12-01T00:00:00,517.1666667,12,Pha Rach Mieu,2010,1,15
2011-01-01T00:00:00,486.8611111,1,Pha Rach Mieu,2011,1,15
2011-02-01T00:00:00,525.7092593,2,Pha Rach Mieu,2011,1,15
2011-03-01T00:00:00,458.0222222,3,Pha Rach Mieu,2011,1,15
2011-04-01T00:00:00,538.6868132,4,Pha Rach Mieu,2011,1,15
2011-05-01T00:00:00,709,5,Pha Rach Mieu,2011,1,15
2011-06-01T00:00:00,471,6,Pha Rach Mieu,2011,1,15
2011-07-01T00:00:00,465.8,7,Pha Rach Mieu,2011,1,15
2011-08-01T00:00:00,565.9666667,8,Pha Rach Mieu,2011,1,15
2011-09-01T00:00:00,578,9,Pha Rach Mieu,2011,1,15
2011-10-01T00:00:00,381.3833333,10,Pha Rach Mieu,2011,1,15
2011-11-01T00:00:00,472.9,11,Pha Rach Mieu,2011,1,15
2011-12-01T00:00:00,341.6666667,12,Pha Rach Mieu,2011,1,15
2012-01-01T00:00:00,274.8333333,1,Pha Rach Mieu,2012,1,15
2012-02-01T00:00:00,389.7583333,2,Pha Rach Mieu,2012,1,15
2012-03-01T00:00:00,375.952381,3,Pha Rach Mieu,2012,1,15
2012-04-01T00:00:00,408.5277778,4,Pha Rach Mieu,2012,1,15
2012-05-01T00:00:00,539.8888889,5,Pha Rach Mieu,2012,1,15
2012-06-01T00:00:00,520,6,Pha Rach Mieu,2012,1,15
2012-07-01T00:00:00,457.7222222,7,Pha Rach Mieu,2012,1,15
2012-08-01T00:00:00,556.25,8,Pha Rach Mieu,2012,1,15
2012-09-01T00:00:00,683,9,Pha Rach Mieu,2012,1,15
2012-10-01T00:00:00,346.9444444,10,Pha Rach Mieu,2012,1,15
2012-11-01T00:00:00,282.4166667,11,Pha Rach Mieu,2012,1,15
2012-12-01T00:00:00,181.1111111,12,Pha Rach Mieu,2012,1,15
2013-01-01T00:00:00,513.3850039,1,Pha Rach Mieu,2013,1,15
2013-02-01T00:00:00,349.8898148,2,Pha Rach Mieu,2013,1,15
2013-03-01T00:00:00,581.4736842,3,Pha Rach Mieu,2013,1,15
2013-04-01T00:00:00,605.2962963,4,Pha Rach Mieu,2013,1,15
2013-05-01T00:00:00,485,5,Pha Rach Mieu,2013,1,15
2013-06-01T00:00:00,586.6111111,6,Pha Rach Mieu,2013,1,15
2013-07-01T00:00:00,578,7,Pha Rach Mieu,2013,1,15
2013-08-01T00:00:00,359.25,8,Pha Rach Mieu,2013,1,15
2013-09-01T00:00:00,489,9,Pha Rach Mieu,2013,1,15
2013-10-01T00:00:00,362.5,10,Pha Rach Mieu,2013,1,15
2013-11-01T00:00:00,418.7666667,11,Pha Rach Mieu,2013,1,15
2013-12-01T00:00:00,640.4761905,12,Pha Rach Mieu,2013,1,15
2014-01-01T00:00:00,545.9417989,1,Pha Rach Mieu,2014,1,15
2014-02-01T00:00:00,487.3888889,2,Pha Rach Mieu,2014,1,15
2014-03-01T00:00:00,456.4044444,3,Pha Rach Mieu,2014,1,15
2014-04-01T00:00:00,540.9858974,4,Pha Rach Mieu,2014,1,15
2014-05-01T00:00:00,469.1666667,5,Pha Rach Mieu,2014,1,15
2014-06-01T00:00:00,574.8333333,6,Pha Rach Mieu,2014,1,15
2014-07-01T00:00:00,425.5833333,7,Pha Rach Mieu,2014,1,15
2014-08-01T00:00:00,424.3,8,Pha Rach Mieu,2014,1,15
2014-09-01T00:00:00,442.2222222,9,Pha Rach Mieu,2014,1,15
2014-10-01T00:00:00,397.75,10,Pha Rach Mieu,2014,1,15
2014-11-01T00:00:00,421.25,11,Pha Rach Mieu,2014,1,15
2014-12-01T00:00:00,388.5555556,12,Pha Rach Mieu,2014,1,15
2015-01-01T00:00:00,540.426918,1,Pha Rach Mieu,2015,1,15
2015-02-01T00:00:00,591.844697,2,Pha Rach Mieu,2015,1,15
2015-03-01T00:00:00,512.2627706,3,Pha Rach Mieu,2015,1,15
2015-04-01T00:00:00,758.4,4,Pha Rach Mieu,2015,1,15
2015-05-01T00:00:00,428.5328283,5,Pha Rach Mieu,2015,1,15
2015-06-01T00:00:00,550.55,6,Pha Rach Mieu,2015,1,15
2015-07-01T00:00:00,567,7,Pha Rach Mieu,2015,1,15
2015-08-01T00:00:00,561.3833333,8,Pha Rach Mieu,2015,1,15
2015-09-01T00:00:00,630.25,9,Pha Rach Mieu,2015,1,15
2015-10-01T00:00:00,522.6,10,Pha Rach Mieu,2015,1,15
2015-11-01T00:00:00,346.8666667,11,Pha Rach Mieu,2015,1,15
2015-12-01T00:00:00,427.5036075,12,Pha Rach Mieu,2015,1,15
2016-01-01T00:00:00,406.24,1,Pha Rach Mieu,2016,1,15
2016-02-01T00:00:00,577.4504071,2,Pha Rach Mieu,2016,1,15
2016-03-01T00:00:00,487.6483731,3,Pha Rach Mieu,2016,1,15
2016-04-01T00:00:00,584.7863248,4,Pha Rach Mieu,2016,1,15
2016-05-01T00:00:00,516.8452381,5,Pha Rach Mieu,2016,1,15
2016-06-01T00:00:00,531.75,6,Pha Rach Mieu,2016,1,15
2016-07-01T00:00:00,426.0222222,7,Pha Rach Mieu,2016,1,15
2016-08-01T00:00:00,499.5,8,Pha Rach Mieu,2016,1,15
2016-09-01T00:00:00,,9,Pha Rach Mieu,2016,1,15
2016-10-01T00:00:00,,10,Pha Rach Mieu,2016,1,15
2016-11-01T00:00:00,407.4,11,Pha Rach Mieu,2016,1,15
2016-12-01T00:00:00,401.1111111,12,Pha Rach Mieu,2016,1,15
2017-01-01T00:00:00,249,1,Pha Rach Mieu,2017,1,15
2017-02-01T00:00:00,395.7333333,2,Pha Rach Mieu,2017,1,15
2017-03-01T00:00:00,529.2111111,3,Pha Rach Mieu,2017,1,15
2017-04-01T00:00:00,489.7,4,Pha Rach Mieu,2017,1,15
2017-05-01T00:00:00,727.5,5,Pha Rach Mieu,2017,1,15
2017-06-01T00:00:00,443.8888889,6,Pha Rach Mieu,2017,1,15
2017-07-01T00:00:00,834,7,Pha Rach Mieu,2017,1,15
2017-08-01T00:00:00,526,8,Pha Rach Mieu,2017,1,15
2017-09-01T00:00:00,584,9,Pha Rach Mieu,2017,1,15
2017-10-01T00:00:00,385.6666667,10,Pha Rach Mieu,2017,1,15
2017-11-01T00:00:00,515,11,Pha Rach Mieu,2017,1,15
2017-12-01T00:00:00,306.5555556,12,Pha Rach Mieu,2017,1,15
2018-01-01T00:00:00,355,1,Pha Rach Mieu,2018,1,15
2018-02-01T00:00:00,512.0833333,2,Pha Rach Mieu,2018,1,15
2018-03-01T00:00:00,462.6041667,3,Pha Rach Mieu,2018,1,15
2018-04-01T00:00:00,513.9777778,4,Pha Rach Mieu,2018,1,15
2018-05-01T00:00:00,573.4809524,5,Pha Rach Mieu,2018,1,15
2018-06-01T00:00:00,655.5,6,Pha Rach Mieu,2018,1,15
2018-07-01T00:00:00,,7,Pha Rach Mieu,2018,1,15
2018-08-01T00:00:00,382.6666667,8,Pha Rach Mieu,2018,1,15
2018-09-01T00:00:00,525.4166667,9,Pha Rach Mieu,2018,1,15
2018-10-01T00:00:00,673.8333333,10,Pha Rach Mieu,2018,1,15
2018-11-01T00:00:00,460.8988095,11,Pha Rach Mieu,2018,1,15
2018-12-01T00:00:00,444.1666667,12,Pha Rach Mieu,2018,1,15
2019-01-01T00:00:00,358.6,1,Pha Rach Mieu,2019,1,15
2019-02-01T00:00:00,375.4777778,2,Pha Rach Mieu,2019,1,15
2019-03-01T00:00:00,465.0718991,3,Pha Rach Mieu,2019,1,15
2019-04-01T00:00:00,500.3544974,4,Pha Rach Mieu,2019,1,15
2019-05-01T00:00:00,535.8888889,5,Pha Rach Mieu,2019,1,15
2019-06-01T00:00:00,319.25,6,Pha Rach Mieu,2019,1,15
2019-07-01T00:00:00,424.2,7,Pha Rach Mieu,2019,1,15
2019-08-01T00:00:00,857.5,8,Pha Rach Mieu,2019,1,15
2019-09-01T00:00:00,732.7777778,9,Pha Rach Mieu,2019,1,15
2019-10-01T00:00:00,545.6904762,10,Pha Rach Mieu,2019,1,15
2019-11-01T00:00:00,460.5952381,11,Pha Rach Mieu,2019,1,15
2019-12-01T00:00:00,491.4444444,12,Pha Rach Mieu,2019,1,15
2007-01-01T00:00:00,403.2676768,1,Pha Vam Cong,2007,0,24.5
2007-02-01T00:00:00,407.0112045,2,Pha Vam Cong,2007,0,24.5
2007-03-01T00:00:00,779.3,3,Pha Vam Cong,2007,0,24.5
2007-04-01T00:00:00,651.875,4,Pha Vam Cong,2007,0,24.5
2007-05-01T00:00:00,379.1666667,5,Pha Vam Cong,2007,0,24.5
2007-06-01T00:00:00,423.8333333,6,Pha Vam Cong,2007,0,24.5
2007-07-01T00:00:00,670.875,7,Pha Vam Cong,2007,0,24.5
2007-08-01T00:00:00,686.75,8,Pha Vam Cong,2007,0,24.5
2007-09-01T00:00:00,871.75,9,Pha Vam Cong,2007,0,24.5
2007-10-01T00:00:00,497.875,10,Pha Vam Cong,2007,0,24.5
2007-11-01T00:00:00,632.4545455,11,Pha Vam Cong,2007,0,24.5
2007-12-01T00:00:00,464.7,12,Pha Vam Cong,2007,0,24.5
2008-01-01T00:00:00,449.2373737,1,Pha Vam Cong,2008,0,24.5
2008-02-01T00:00:00,476.2291667,2,Pha Vam Cong,2008,0,24.5
2008-03-01T00:00:00,761.9027778,3,Pha Vam Cong,2008,0,24.5
2008-04-01T00:00:00,652.0333333,4,Pha Vam Cong,2008,0,24.5
2008-05-01T00:00:00,758.4166667,5,Pha Vam Cong,2008,0,24.5
2008-06-01T00:00:00,460.8833333,6,Pha Vam Cong,2008,0,24.5
2008-07-01T00:00:00,664.5,7,Pha Vam Cong,2008,0,24.5
2008-08-01T00:00:00,603.5,8,Pha Vam Cong,2008,0,24.5
2008-09-01T00:00:00,541.2916667,9,Pha Vam Cong,2008,0,24.5
2008-10-01T00:00:00,673.8214286,10,Pha Vam Cong,2008,0,24.5
2008-11-01T00:00:00,569,11,Pha Vam Cong,2008,0,24.5
2008-12-01T00:00:00,489.925,12,Pha Vam Cong,2008,0,24.5
2009-01-01T00:00:00,432.1083916,1,Pha Vam Cong,2009,0,24.5
2009-02-01T00:00:00,338.5625,2,Pha Vam Cong,2009,0,24.5
2009-03-01T00:00:00,476.5416667,3,Pha Vam Cong,2009,0,24.5
2009-04-01T00:00:00,597.875,4,Pha Vam Cong,2009,0,24.5
2009-05-01T00:00:00,611.1666667,5,Pha Vam Cong,2009,0,24.5
2009-06-01T00:00:00,456.825,6,Pha Vam Cong,2009,0,24.5
2009-07-01T00:00:00,444.3666667,7,Pha Vam Cong,2009,0,24.5
2009-08-01T00:00:00,479.475,8,Pha Vam Cong,2009,0,24.5
2009-09-01T00:00:00,503.5416667,9,Pha Vam Cong,2009,0,24.5
2009-10-01T00:00:00,600.6785714,10,Pha Vam Cong,2009,0,24.5
2009-11-01T00:00:00,551.6041667,11,Pha Vam Cong,2009,0,24.5
2009-12-01T00:00:00,530.8095238,12,Pha Vam Cong,2009,0,24.5
2010-01-01T00:00:00,373.4861111,1,Pha Vam Cong,2010,0,24.5
2010-02-01T00:00:00,465.4791667,2,Pha Vam Cong,2010,0,24.5
2010-03-01T00:00:00,712.9045455,3,Pha Vam Cong,2010,0,24.5
2010-04-01T00:00:00,633,4,Pha Vam Cong,2010,0,24.5
2010-05-01T00:00:00,505.8333333,5,Pha Vam Cong,2010,0,24.5
2010-06-01T00:00:00,473,6,Pha Vam Cong,2010,0,24.5
2010-07-01T00:00:00,225.25,7,Pha Vam Cong,2010,0,24.5
2010-08-01T00:00:00,239.5,8,Pha Vam Cong,2010,0,24.5
2010-09-01T00:00:00,502.5833333,9,Pha Vam Cong,2010,0,24.5
2010-10-01T00:00:00,571.5,10,Pha Vam Cong,2010,0,24.5
2010-11-01T00:00:00,659.6944444,11,Pha Vam Cong,2010,0,24.5
2010-12-01T00:00:00,389.75,12,Pha Vam Cong,2010,0,24.5
2011-01-01T00:00:00,387.3560606,1,Pha Vam Cong,2011,0,24.5
2011-02-01T00:00:00,792.7045455,2,Pha Vam Cong,2011,0,24.5
2011-03-01T00:00:00,472.6666667,3,Pha Vam Cong,2011,0,24.5
2011-04-01T00:00:00,662.9285714,4,Pha Vam Cong,2011,0,24.5
2011-05-01T00:00:00,379.3333333,5,Pha Vam Cong,2011,0,24.5
2011-06-01T00:00:00,428.25,6,Pha Vam Cong,2011,0,24.5
2011-07-01T00:00:00,577.45,7,Pha Vam Cong,2011,0,24.5
2011-08-01T00:00:00,424.1666667,8,Pha Vam Cong,2011,0,24.5
2011-09-01T00:00:00,516,9,Pha Vam Cong,2011,0,24.5
2011-10-01T00:00:00,458.7,10,Pha Vam Cong,2011,0,24.5
2011-11-01T00:00:00,493.25,11,Pha Vam Cong,2011,0,24.5
2011-12-01T00:00:00,411.7727273,12,Pha Vam Cong,2011,0,24.5
2012-01-01T00:00:00,254.7083333,1,Pha Vam Cong,2012,0,24.5
2012-02-01T00:00:00,437.4722222,2,Pha Vam Cong,2012,0,24.5
2012-03-01T00:00:00,690.4142857,3,Pha Vam Cong,2012,0,24.5
2012-04-01T00:00:00,192.8333333,4,Pha Vam Cong,2012,0,24.5
2012-05-01T00:00:00,392.475,5,Pha Vam Cong,2012,0,24.5
2012-06-01T00:00:00,476.5,6,Pha Vam Cong,2012,0,24.5
2012-07-01T00:00:00,574,7,Pha Vam Cong,2012,0,24.5
2012-08-01T00:00:00,549.15,8,Pha Vam Cong,2012,0,24.5
2012-09-01T00:00:00,461,9,Pha Vam Cong,2012,0,24.5
2012-10-01T00:00:00,681.6666667,10,Pha Vam Cong,2012,0,24.5
2012-11-01T00:00:00,608.8,11,Pha Vam Cong,2012,0,24.5
2012-12-01T00:00:00,376.1777778,12,Pha Vam Cong,2012,0,24.5
2013-01-01T00:00:00,470.8846154,1,Pha Vam Cong,2013,0,24.5
2013-02-01T00:00:00,377.4,2,Pha Vam Cong,2013,0,24.5
2013-03-01T00:00:00,564.1769231,3,Pha Vam Cong,2013,0,24.5
2013-04-01T00:00:00,604.8333333,4,Pha Vam Cong,2013,0,24.5
2013-05-01T00:00:00,279.8333333,5,Pha Vam Cong,2013,0,24.5
2013-06-01T00:00:00,1005.541667,6,Pha Vam Cong,2013,0,24.5
2013-07-01T00:00:00,170.5,7,Pha Vam Cong,2013,0,24.5
2013-08-01T00:00:00,789,8,Pha Vam Cong,2013,0,24.5
2013-09-01T00:00:00,463.5,9,Pha Vam Cong,2013,0,24.5
2013-10-01T00:00:00,529.5,10,Pha Vam Cong,2013,0,24.5
2013-11-01T00:00:00,571.3214286,11,Pha Vam Cong,2013,0,24.5
2013-12-01T00:00:00,520.5,12,Pha Vam Cong,2013,0,24.5
2014-01-01T00:00:00,462.1785714,1,Pha Vam Cong,2014,0,24.5
2014-02-01T00:00:00,551.8516484,2,Pha Vam Cong,2014,0,24.5
2014-03-01T00:00:00,655.6041667,3,Pha Vam Cong,2014,0,24.5
2014-04-01T00:00:00,476.9444444,4,Pha Vam Cong,2014,0,24.5
2014-05-01T00:00:00,326.1083333,5,Pha Vam Cong,2014,0,24.5
2014-06-01T00:00:00,296.5,6,Pha Vam Cong,2014,0,24.5
2014-07-01T00:00:00,494.6666667,7,Pha Vam Cong,2014,0,24.5
2014-08-01T00:00:00,502.75,8,Pha Vam Cong,2014,0,24.5
2014-09-01T00:00:00,336,9,Pha Vam Cong,2014,0,24.5
2014-10-01T00:00:00,506.6666667,10,Pha Vam Cong,2014,0,24.5
2014-11-01T00:00:00,395.2380952,11,Pha Vam Cong,2014,0,24.5
2014-12-01T00:00:00,374.3601399,12,Pha Vam Cong,2014,0,24.5
2015-01-01T00:00:00,464.7207792,1,Pha Vam Cong,2015,0,24.5
2015-02-01T00:00:00,384.469697,2,Pha Vam Cong,2015,0,24.5
2015-03-01T00:00:00,577.0444444,3,Pha Vam Cong,2015,0,24.5
2015-04-01T00:00:00,678.875,4,Pha Vam Cong,2015,0,24.5
2015-05-01T00:00:00,363.2622378,5,Pha Vam Cong,2015,0,24.5
2015-06-01T00:00:00,503.5714286,6,Pha Vam Cong,2015,0,24.5
2015-07-01T00:00:00,420.6333333,7,Pha Vam Cong,2015,0,24.5
2015-08-01T00:00:00,455.8333333,8,Pha Vam Cong,2015,0,24.5
2015-09-01T00:00:00,553.375,9,Pha Vam Cong,2015,0,24.5
2015-10-01T00:00:00,544.8666667,10,Pha Vam Cong,2015,0,24.5
2015-11-01T00:00:00,430.4642857,11,Pha Vam Cong,2015,0,24.5
2015-12-01T00:00:00,271.6208333,12,Pha Vam Cong,2015,0,24.5
2016-01-01T00:00:00,364.3333333,1,Pha Vam Cong,2016,0,24.5
2016-02-01T00:00:00,537.5952381,2,Pha Vam Cong,2016,0,24.5
2016-03-01T00:00:00,769.75,3,Pha Vam Cong,2016,0,24.5
2016-04-01T00:00:00,380.8888889,4,Pha Vam Cong,2016,0,24.5
2016-05-01T00:00:00,413.5,5,Pha Vam Cong,2016,0,24.5
2016-06-01T00:00:00,430.5416667,6,Pha Vam Cong,2016,0,24.5
2016-07-01T00:00:00,399.25,7,Pha Vam Cong,2016,0,24.5
2016-08-01T00:00:00,456.225,8,Pha Vam Cong,2016,0,24.5
2016-09-01T00:00:00,428.5,9,Pha Vam Cong,2016,0,24.5
2016-10-01T00:00:00,772.75,10,Pha Vam Cong,2016,0,24.5
2016-11-01T00:00:00,372.8958333,11,Pha Vam Cong,2016,0,24.5
2016-12-01T00:00:00,452.2916667,12,Pha Vam Cong,2016,0,24.5
2017-01-01T00:00:00,264.125,1,Pha Vam Cong,2017,0,24.5
2017-02-01T00:00:00,323.375,2,Pha Vam Cong,2017,0,24.5
2017-03-01T00:00:00,618.8846154,3,Pha Vam Cong,2017,0,24.5
2017-04-01T00:00:00,434.3636364,4,Pha Vam Cong,2017,0,24.5
2017-05-01T00:00:00,475,5,Pha Vam Cong,2017,0,24.5
2017-06-01T00:00:00,360.75,6,Pha Vam Cong,2017,0,24.5
2017-07-01T00:00:00,525,7,Pha Vam Cong,2017,0,24.5
2017-08-01T00:00:00,493.5,8,Pha Vam Cong,2017,0,24.5
2017-09-01T00:00:00,493,9,Pha Vam Cong,2017,0,24.5
2017-10-01T00:00:00,727,10,Pha Vam Cong,2017,0,24.5
2017-11-01T00:00:00,,11,Pha Vam Cong,2017,0,24.5
2017-12-01T00:00:00,234.05,12,Pha Vam Cong,2017,0,24.5
2018-01-01T00:00:00,475,1,Pha Vam Cong,2018,0,24.5
2018-02-01T00:00:00,507.9095395,2,Pha Vam Cong,2018,0,24.5
2018-03-01T00:00:00,525.9821429,3,Pha Vam Cong,2018,0,24.5
2018-04-01T00:00:00,632.5,4,Pha Vam Cong,2018,0,24.5
2018-05-01T00:00:00,383,5,Pha Vam Cong,2018,0,24.5
2018-06-01T00:00:00,590.75,6,Pha Vam Cong,2018,0,24.5
2018-07-01T00:00:00,632,7,Pha Vam Cong,2018,0,24.5
2018-08-01T00:00:00,564.5,8,Pha Vam Cong,2018,0,24.5
2018-09-01T00:00:00,245.75,9,Pha Vam Cong,2018,0,24.5
2018-10-01T00:00:00,478.2222222,10,Pha Vam Cong,2018,0,24.5
2018-11-01T00:00:00,565.425,11,Pha Vam Cong,2018,0,24.5
2018-12-01T00:00:00,577.5,12,Pha Vam Cong,2018,0,24.5
2019-01-01T00:00:00,317.0657895,1,Pha Vam Cong,2019,0,24.5
2019-02-01T00:00:00,380.2019231,2,Pha Vam Cong,2019,0,24.5
2019-03-01T00:00:00,600.5367647,3,Pha Vam Cong,2019,0,24.5
2019-04-01T00:00:00,345.1333333,4,Pha Vam Cong,2019,0,24.5
2019-05-01T00:00:00,324.7857143,5,Pha Vam Cong,2019,1,24.5
2019-06-01T00:00:00,562.25,6,Pha Vam Cong,2019,1,24.5
2019-07-01T00:00:00,565.5571429,7,Pha Vam Cong,2019,1,24.5
2019-08-01T00:00:00,434,8,Pha Vam Cong,2019,1,24.5
2019-09-01T00:00:00,759.8333333,9,Pha Vam Cong,2019,1,24.5
2019-10-01T00:00:00,541.9,10,Pha Vam Cong,2019,1,24.5
2019-11-01T00:00:00,683.75,11,Pha Vam Cong,2019,1,24.5
2019-12-01T00:00:00,271.0568182,12,Pha Vam Cong,2019,1,24.5