date,mean,month,name,year,bridge,pp,elnino,bwidth,rain,temperature,humid
2007-01-01T00:00:00,456.8367347,1,Can Tho,2007,0,1,1,23.1,38,26.1,80
2007-02-01T00:00:00,328.7142857,2,Can Tho,2007,0,1,0,23.1,0,26.4,79
2007-03-01T00:00:00,244.1460317,3,Can Tho,2007,0,1,0,23.1,39,27.9,79
2007-04-01T00:00:00,299.9761905,4,Can Tho,2007,0,1,0,23.1,86,29.2,77
2007-05-01T00:00:00,158.0952381,5,Can Tho,2007,0,1,0,23.1,174,28.4,84
2007-06-01T00:00:00,151.9285714,6,Can Tho,2007,0,1,0,23.1,322,28.3,85
2007-07-01T00:00:00,311,7,Can Tho,2007,0,1,0,23.1,421,27.3,87
2007-08-01T00:00:00,223,8,Can Tho,2007,0,1,0,23.1,371,27.4,86
2007-09-01T00:00:00,301,9,Can Tho,2007,0,1,0,23.1,307,27.5,86
2007-10-01T00:00:00,351.8857143,10,Can Tho,2007,0,1,0,23.1,508,27.1,87
2007-11-01T00:00:00,438.0285714,11,Can Tho,2007,0,1,0,23.1,339,26.6,82
2007-12-01T00:00:00,256.5873016,12,Can Tho,2007,0,1,0,23.1,1,26.9,79
2008-01-01T00:00:00,197.6607143,1,Can Tho,2008,0,1,0,23.1,113,26.2,80
2008-02-01T00:00:00,332.2857143,2,Can Tho,2008,0,1,0,23.1,8,26.5,76
2008-03-01T00:00:00,437.375,3,Can Tho,2008,0,1,0,23.1,0,27.3,77
2008-04-01T00:00:00,262.7959184,4,Can Tho,2008,0,1,0,23.1,94,28.7,79
2008-05-01T00:00:00,286.5,5,Can Tho,2008,0,1,0,23.1,272,27.9,85
2008-06-01T00:00:00,,6,Can Tho,2008,0,1,0,23.1,381,27.7,86
2008-07-01T00:00:00,309,7,Can Tho,2008,0,1,0,23.1,332,27.4,86
2008-08-01T00:00:00,341.6428571,8,Can Tho,2008,0,1,0,23.1,260,27.4,86
2008-09-01T00:00:00,276.7857143,9,Can Tho,2008,0,1,0,23.1,429,27,87
2008-10-01T00:00:00,411.8571429,10,Can Tho,2008,0,1,0,23.1,348,27.2,89
2008-11-01T00:00:00,304.4285714,11,Can Tho,2008,0,1,0,23.1,270,26.7,85
2008-12-01T00:00:00,163.1428571,12,Can Tho,2008,0,1,0,23.1,172,26.2,82
2009-01-01T00:00:00,372.4126984,1,Can Tho,2009,0,1,0,23.1,22.7,25.1,80
2009-02-01T00:00:00,234.6870748,2,Can Tho,2009,0,1,0,23.1,101.3,26.7,82
2009-03-01T00:00:00,215.0666667,3,Can Tho,2009,0,1,0,23.1,2.2,28.6,78
2009-04-01T00:00:00,96.77142857,4,Can Tho,2009,0,1,0,23.1,201.4,28.9,81
2009-05-01T00:00:00,355.9285714,5,Can Tho,2009,0,1,0,23.1,342.4,28.3,84
2009-06-01T00:00:00,408,6,Can Tho,2009,0,1,0,23.1,169.3,28.8,81
2009-07-01T00:00:00,85.66666667,7,Can Tho,2009,0,1,1,23.1,413.5,27.2,86
2009-08-01T00:00:00,,8,Can Tho,2009,0,1,1,23.1,210.1,28.1,84
2009-09-01T00:00:00,274,9,Can Tho,2009,0,2,1,23.1,488.3,27,87
2009-10-01T00:00:00,20,10,Can Tho,2009,0,2,1,23.1,208,27.5,85
2009-11-01T00:00:00,302.0357143,11,Can Tho,2009,0,2,1,23.1,65.6,27.4,81
2009-12-01T00:00:00,320.4540816,12,Can Tho,2009,0,2,1,23.1,19.6,26.7,79
2010-01-01T00:00:00,329.9464286,1,Can Tho,2010,0,2,1,23.1,22.7,25.1,78
2010-02-01T00:00:00,148.5178571,2,Can Tho,2010,0,2,1,23.1,101.3,26.7,78
2010-03-01T00:00:00,379.2285714,3,Can Tho,2010,0,2,1,23.1,2.2,28.6,78
2010-04-01T00:00:00,447.4081633,4,Can Tho,2010,1,2,0,23.1,201.4,28.9,82
2010-05-01T00:00:00,181.8571429,5,Can Tho,2010,1,2,0,23.1,342.4,28.2,87
2010-06-01T00:00:00,201.1428571,6,Can Tho,2010,1,2,0,23.1,169.3,28.8,85
2010-07-01T00:00:00,777,7,Can Tho,2010,1,2,0,23.1,413.5,27.2,89
2010-08-01T00:00:00,509.2619048,8,Can Tho,2010,1,2,0,23.1,210.1,28.1,90
2010-09-01T00:00:00,287.4166667,9,Can Tho,2010,1,2,0,23.1,488.3,27,91
2010-10-01T00:00:00,70,10,Can Tho,2010,1,2,0,23.1,208,27.5,87
2010-11-01T00:00:00,363.0714286,11,Can Tho,2010,1,2,0,23.1,65.6,27.4,83
2010-12-01T00:00:00,410.1346939,12,Can Tho,2010,1,2,0,23.1,19.6,26.7,81
2011-01-01T00:00:00,344.0277778,1,Can Tho,2011,1,2,0,23.1,19,26.3,75
2011-02-01T00:00:00,452.6525974,2,Can Tho,2011,1,2,0,23.1,0,26.4,75
2011-03-01T00:00:00,432.9591837,3,Can Tho,2011,1,2,0,23.1,87.2,27.4,75
2011-04-01T00:00:00,246.5555556,4,Can Tho,2011,1,2,0,23.1,91,28,76
2011-05-01T00:00:00,566.2857143,5,Can Tho,2011,1,2,0,23.1,241.5,28.7,81
2011-06-01T00:00:00,883.2857143,6,Can Tho,2011,1,2,0,23.1,369.8,28,83
2011-07-01T00:00:00,431,7,Can Tho,2011,1,2,0,23.1,298.1,27.7,82
2011-08-01T00:00:00,,8,Can Tho,2011,1,2,0,23.1,236.8,27.9,82
2011-09-01T00:00:00,316.7142857,9,Can Tho,2011,1,2,0,23.1,593.8,27.2,85
2011-10-01T00:00:00,305.9714286,10,Can Tho,2011,1,2,0,23.1,187.4,28.1,80
2011-11-01T00:00:00,398.4285714,11,Can Tho,2011,1,3,0,23.1,242.9,27.5,82
2011-12-01T00:00:00,288.4714286,12,Can Tho,2011,1,3,0,23.1,78.4,26.4,78
2012-01-01T00:00:00,268.1428571,1,Can Tho,2012,1,3,0,23.1,7.3,26.6,78
2012-02-01T00:00:00,284.1964286,2,Can Tho,2012,1,3,0,23.1,24.4,27.2,76
2012-03-01T00:00:00,440.4761905,3,Can Tho,2012,1,3,0,23.1,233.7,28.1,78
2012-04-01T00:00:00,385.3428571,4,Can Tho,2012,1,3,0,23.1,136.7,29,78
2012-05-01T00:00:00,298.9642857,5,Can Tho,2012,1,3,0,23.1,249.7,28.2,83
2012-06-01T00:00:00,366.047619,6,Can Tho,2012,1,3,0,23.1,166.3,28.4,82
2012-07-01T00:00:00,402.9285714,7,Can Tho,2012,1,3,0,23.1,288.5,27.5,85
2012-08-01T00:00:00,323.3571429,8,Can Tho,2012,1,3,0,23.1,218.4,27.8,83
2012-09-01T00:00:00,259.5,9,Can Tho,2012,1,3,0,23.1,533.3,26.6,88
2012-10-01T00:00:00,124,10,Can Tho,2012,1,3,0,23.1,192.4,27.8,83
2012-11-01T00:00:00,174.5238095,11,Can Tho,2012,1,3,0,23.1,91.4,27.8,83
2012-12-01T00:00:00,270.7571429,12,Can Tho,2012,1,3,0,23.1,11.8,27.8,78
2013-01-01T00:00:00,291.5714286,1,Can Tho,2013,1,3,0,23.1,36.9,26.5,78
2013-02-01T00:00:00,179.5142857,2,Can Tho,2013,1,3,0,23.1,8.1,27.5,75
2013-03-01T00:00:00,501.1428571,3,Can Tho,2013,1,3,0,23.1,0,28.5,76
2013-04-01T00:00:00,307.7142857,4,Can Tho,2013,1,3,0,23.1,104.3,29.3,79
2013-05-01T00:00:00,503.7142857,5,Can Tho,2013,1,3,0,23.1,196,29.3,82
2013-06-01T00:00:00,289,6,Can Tho,2013,1,3,0,23.1,291.6,28.2,85
2013-07-01T00:00:00,162.5714286,7,Can Tho,2013,1,3,0,23.1,258.4,27.3,85
2013-08-01T00:00:00,357.6857143,8,Can Tho,2013,1,3,0,23.1,288.3,27.6,85
2013-09-01T00:00:00,256.0714286,9,Can Tho,2013,1,3,0,23.1,233,27.7,85
2013-10-01T00:00:00,400.8571429,10,Can Tho,2013,1,3,0,23.1,265.1,27.5,85
2013-11-01T00:00:00,474.6666667,11,Can Tho,2013,1,3,0,23.1,230.5,27.6,82
2013-12-01T00:00:00,322.7857143,12,Can Tho,2013,1,3,0,23.1,29.1,26.1,77
2014-01-01T00:00:00,387.7380952,1,Can Tho,2014,1,3,0,23.1,8.3,25.3,76
2014-02-01T00:00:00,404.1845238,2,Can Tho,2014,1,3,0,23.1,0,25.9,78
2014-03-01T00:00:00,251.6328866,3,Can Tho,2014,1,3,0,23.1,0,27.9,77
2014-04-01T00:00:00,307.3296703,4,Can Tho,2014,1,3,0,23.1,61.2,29.5,76
2014-05-01T00:00:00,142,5,Can Tho,2014,1,3,0,23.1,153.6,29.4,81
2014-06-01T00:00:00,330.3142857,6,Can Tho,2014,1,3,0,23.1,190.3,28.2,85
2014-07-01T00:00:00,209.2857143,7,Can Tho,2014,1,3,0,23.1,388.6,27.7,85
2014-08-01T00:00:00,311.0714286,8,Can Tho,2014,1,3,0,23.1,341.7,28,82
2014-09-01T00:00:00,424.3571429,9,Can Tho,2014,1,3,0,23.1,273.3,27.6,84
2014-10-01T00:00:00,432.9404762,10,Can Tho,2014,1,3,1,23.1,254.4,27.5,84
2014-11-01T00:00:00,368.6785714,11,Can Tho,2014,1,3,1,23.1,291.3,27.6,85
2014-12-01T00:00:00,388.6816327,12,Can Tho,2014,1,3,1,23.1,103,27.2,79
2015-01-01T00:00:00,422.3904762,1,Can Tho,2015,1,3,1,23.1,43.6,25.6,79
2015-02-01T00:00:00,331.2857143,2,Can Tho,2015,1,3,1,23.1,0,26,76
2015-03-01T00:00:00,513.5142857,3,Can Tho,2015,1,3,1,23.1,0,27.9,75
2015-04-01T00:00:00,476.4714286,4,Can Tho,2015,1,3,1,23.1,6.4,29.4,74
2015-05-01T00:00:00,287.6071429,5,Can Tho,2015,1,3,1,23.1,131.6,29.7,76
2015-06-01T00:00:00,443.1428571,6,Can Tho,2015,1,3,1,23.1,466.6,28.2,84
2015-07-01T00:00:00,427.3333333,7,Can Tho,2015,1,3,1,23.1,200.7,28.6,83
2015-08-01T00:00:00,52.5,8,Can Tho,2015,1,3,1,23.1,250.6,28.3,83
2015-09-01T00:00:00,577.7857143,9,Can Tho,2015,1,3,1,23.1,645.3,27.6,86
2015-10-01T00:00:00,425.2142857,10,Can Tho,2015,1,3,1,23.1,231.4,28.3,83
2015-11-01T00:00:00,326.5952381,11,Can Tho,2015,1,3,1,23.1,272.4,28,83
2015-12-01T00:00:00,202.9619048,12,Can Tho,2015,1,3,1,23.1,48.6,27.8,78
2016-01-01T00:00:00,245.4857143,1,Can Tho,2016,1,3,1,23.1,0.2,27.9,78
2016-02-01T00:00:00,402.7380952,2,Can Tho,2016,1,3,1,23.1,2.1,27.3,73
2016-03-01T00:00:00,561.6901099,3,Can Tho,2016,1,3,1,23.1,0,28,75
2016-04-01T00:00:00,407.7428571,4,Can Tho,2016,1,3,1,23.1,4,30.1,74
2016-05-01T00:00:00,259.5,5,Can Tho,2016,1,3,0,23.1,161.4,29.9,79
2016-06-01T00:00:00,316.7142857,6,Can Tho,2016,1,3,0,23.1,230.8,28.3,84
2016-07-01T00:00:00,414.2857143,7,Can Tho,2016,1,3,0,23.1,432.2,28.3,84
2016-08-01T00:00:00,,8,Can Tho,2016,1,3,0,23.1,271.9,28.4,83
2016-09-01T00:00:00,,9,Can Tho,2016,1,3,0,23.1,345,27.6,85
2016-10-01T00:00:00,,10,Can Tho,2016,1,3,0,23.1,501.1,27,88
2016-11-01T00:00:00,336.3452381,11,Can Tho,2016,1,3,0,23.1,183.6,27.9,82
2016-12-01T00:00:00,168.5714286,12,Can Tho,2016,1,3,0,23.1,171.8,27.1,80
2017-01-01T00:00:00,286.6190476,1,Can Tho,2017,1,3,0,23.1,15.8,27.3,76
2017-02-01T00:00:00,219.1020408,2,Can Tho,2017,1,3,0,23.1,54.3,27.1,76
2017-03-01T00:00:00,357.747619,3,Can Tho,2017,1,3,0,23.1,12.5,27.9,76
2017-04-01T00:00:00,346.2571429,4,Can Tho,2017,1,3,0,23.1,98.1,29.3,77
2017-05-01T00:00:00,,5,Can Tho,2017,1,3,0,23.1,272.4,29,82
2017-06-01T00:00:00,175.7857143,6,Can Tho,2017,1,3,0,23.1,148.6,28.7,82
2017-07-01T00:00:00,194,7,Can Tho,2017,1,3,0,23.1,251.4,28,84
2017-08-01T00:00:00,72.71428571,8,Can Tho,2017,1,3,0,23.1,383.1,27.7,86
2017-09-01T00:00:00,422.7142857,9,Can Tho,2017,1,3,0,23.1,291.5,28.2,83
2017-10-01T00:00:00,233.6666667,10,Can Tho,2017,1,3,0,23.1,453.8,27.5,86
2017-11-01T00:00:00,451,11,Can Tho,2017,1,3,0,23.1,121.3,27.7,83
2017-12-01T00:00:00,277.952381,12,Can Tho,2017,1,3,0,23.1,72.4,26.3,79
2018-01-01T00:00:00,,1,Can Tho,2018,1,3,0,23.1,42.5,26.7,80
2018-02-01T00:00:00,394.8095238,2,Can Tho,2018,1,3,0,23.1,11.2,26.6,76
2018-03-01T00:00:00,426.2380952,3,Can Tho,2018,1,3,0,23.1,0.2,28.1,76
2018-04-01T00:00:00,1119,4,Can Tho,2018,1,3,0,23.1,10.1,29.1,76
2018-05-01T00:00:00,156,5,Can Tho,2018,1,3,0,23.1,219.8,29.3,80
2018-06-01T00:00:00,,6,Can Tho,2018,1,3,0,23.1,238.8,28.1,84
2018-07-01T00:00:00,,7,Can Tho,2018,1,3,0,23.1,522.9,27.5,86
2018-08-01T00:00:00,302.2142857,8,Can Tho,2018,1,3,0,23.1,288.8,28,84
2018-09-01T00:00:00,20,9,Can Tho,2018,1,3,1,23.1,293.7,27.6,85
2018-10-01T00:00:00,20,10,Can Tho,2018,1,3,1,23.1,227.6,28.1,81
2018-11-01T00:00:00,200.3904762,11,Can Tho,2018,1,3,1,23.1,104.5,28.1,80
2018-12-01T00:00:00,276.4395604,12,Can Tho,2018,1,3,1,23.1,47.7,27.8,80
2019-01-01T00:00:00,278.2619048,1,Can Tho,2019,1,3,1,23.1,149.3,27,77
2019-02-01T00:00:00,322.5873016,2,Can Tho,2019,1,3,1,23.1,0.8,27.4,76
2019-03-01T00:00:00,508.8181818,3,Can Tho,2019,1,3,1,23.1,13.1,28.6,77
2019-04-01T00:00:00,205.6071429,4,Can Tho,2019,1,3,1,23.1,60.7,29.9,77
2019-05-01T00:00:00,352.2142857,5,Can Tho,2019,1,3,1,23.1,205.4,29.5,82
2019-06-01T00:00:00,186,6,Can Tho,2019,1,3,1,23.1,444.8,28.5,85
2019-07-01T00:00:00,455.8571429,7,Can Tho,2019,1,3,0,23.1,242.2,28.2,85
2019-08-01T00:00:00,,8,Can Tho,2019,1,3,0,23.1,464.5,27.6,86
2019-09-01T00:00:00,188,9,Can Tho,2019,1,3,0,23.1,302.5,27.9,84
2019-10-01T00:00:00,531.7142857,10,Can Tho,2019,1,3,0,23.1,269.5,27.9,85
2019-11-01T00:00:00,374.4857143,11,Can Tho,2019,1,3,0,23.1,110.1,27.8,80
2019-12-01T00:00:00,318.0306122,12,Can Tho,2019,1,3,0,23.1,0,26.5,76
2007-01-01T00:00:00,316.456044,1,Cao Lanh,2007,0,1,1,24.5,38,26.1,80
2007-02-01T00:00:00,325.7993697,2,Cao Lanh,2007,0,1,0,24.5,0,26.4,79
2007-03-01T00:00:00,305.0793651,3,Cao Lanh,2007,0,1,0,24.5,39,27.9,79
2007-04-01T00:00:00,255.2392857,4,Cao Lanh,2007,0,1,0,24.5,86,29.2,77
2007-05-01T00:00:00,327.3333333,5,Cao Lanh,2007,0,1,0,24.5,174,28.4,84
2007-06-01T00:00:00,120.5,6,Cao Lanh,2007,0,1,0,24.5,322,28.3,85
2007-07-01T00:00:00,274.5,7,Cao Lanh,2007,0,1,0,24.5,421,27.3,87
2007-08-01T00:00:00,20,8,Cao Lanh,2007,0,1,0,24.5,371,27.4,86
2007-09-01T00:00:00,665.5714286,9,Cao Lanh,2007,0,1,0,24.5,307,27.5,86
2007-10-01T00:00:00,253.7857143,10,Cao Lanh,2007,0,1,0,24.5,508,27.1,87
2007-11-01T00:00:00,733.6904762,11,Cao Lanh,2007,0,1,0,24.5,339,26.6,82
2007-12-01T00:00:00,206.7142857,12,Cao Lanh,2007,0,1,0,24.5,1,26.9,79
2008-01-01T00:00:00,189.5714286,1,Cao Lanh,2008,0,1,0,24.5,113,26.2,80
2008-02-01T00:00:00,362.974026,2,Cao Lanh,2008,0,1,0,24.5,8,26.5,76
2008-03-01T00:00:00,498.6,3,Cao Lanh,2008,0,1,0,24.5,0,27.3,77
2008-04-01T00:00:00,238.047619,4,Cao Lanh,2008,0,1,0,24.5,94,28.7,79
2008-05-01T00:00:00,188.3333333,5,Cao Lanh,2008,0,1,0,24.5,272,27.9,85
2008-06-01T00:00:00,255.5,6,Cao Lanh,2008,0,1,0,24.5,381,27.7,86
2008-07-01T00:00:00,483,7,Cao Lanh,2008,0,1,0,24.5,332,27.4,86
2008-08-01T00:00:00,454,8,Cao Lanh,2008,0,1,0,24.5,260,27.4,86
2008-09-01T00:00:00,335.5,9,Cao Lanh,2008,0,1,0,24.5,429,27,87
2008-10-01T00:00:00,106.5,10,Cao Lanh,2008,0,1,0,24.5,348,27.2,89
2008-11-01T00:00:00,,11,Cao Lanh,2008,0,1,0,24.5,270,26.7,85
2008-12-01T00:00:00,325,12,Cao Lanh,2008,0,1,0,24.5,172,26.2,82
2009-01-01T00:00:00,429.9857143,1,Cao Lanh,2009,0,1,0,24.5,22.7,25.1,80
2009-02-01T00:00:00,172.3428571,2,Cao Lanh,2009,0,1,0,24.5,101.3,26.7,82
2009-03-01T00:00:00,324,3,Cao Lanh,2009,0,1,0,24.5,2.2,28.6,78
2009-04-01T00:00:00,254.0428571,4,Cao Lanh,2009,0,1,0,24.5,201.4,28.9,81
2009-05-01T00:00:00,119,5,Cao Lanh,2009,0,1,0,24.5,342.4,28.3,84
2009-06-01T00:00:00,236,6,Cao Lanh,2009,0,1,0,24.5,169.3,28.8,81
2009-07-01T00:00:00,310.7142857,7,Cao Lanh,2009,0,1,1,24.5,413.5,27.2,86
2009-08-01T00:00:00,602.047619,8,Cao Lanh,2009,0,1,1,24.5,210.1,28.1,84
2009-09-01T00:00:00,,9,Cao Lanh,2009,0,2,1,24.5,488.3,27,87
2009-10-01T00:00:00,,10,Cao Lanh,2009,0,2,1,24.5,208,27.5,85
2009-11-01T00:00:00,196.5714286,11,Cao Lanh,2009,0,2,1,24.5,65.6,27.4,81
2009-12-01T00:00:00,301.1746032,12,Cao Lanh,2009,0,2,1,24.5,19.6,26.7,79
2010-01-01T00:00:00,211.5510204,1,Cao Lanh,2010,0,2,1,24.5,22.7,25.1,78
2010-02-01T00:00:00,249.952381,2,Cao Lanh,2010,0,2,1,24.5,101.3,26.7,78
2010-03-01T00:00:00,301.9030612,3,Cao Lanh,2010,0,2,1,24.5,2.2,28.6,78
2010-04-01T00:00:00,549.4047619,4,Cao Lanh,2010,0,2,0,24.5,201.4,28.9,82
2010-05-01T00:00:00,226.7857143,5,Cao Lanh,2010,0,2,0,24.5,342.4,28.2,87
2010-06-01T00:00:00,279,6,Cao Lanh,2010,0,2,0,24.5,169.3,28.8,85
2010-07-01T00:00:00,279.5714286,7,Cao Lanh,2010,0,2,0,24.5,413.5,27.2,89
2010-08-01T00:00:00,194,8,Cao Lanh,2010,0,2,0,24.5,210.1,28.1,90
2010-09-01T00:00:00,309,9,Cao Lanh,2010,0,2,0,24.5,488.3,27,91
2010-10-01T00:00:00,,10,Cao Lanh,2010,0,2,0,24.5,208,27.5,87
2010-11-01T00:00:00,208.4285714,11,Cao Lanh,2010,0,2,0,24.5,65.6,27.4,83
2010-12-01T00:00:00,614,12,Cao Lanh,2010,0,2,0,24.5,19.6,26.7,81
2011-01-01T00:00:00,339.4285714,1,Cao Lanh,2011,0,2,0,24.5,19,26.3,75
2011-02-01T00:00:00,461.6428571,2,Cao Lanh,2011,0,2,0,24.5,0,26.4,75
2011-03-01T00:00:00,271.5959184,3,Cao Lanh,2011,0,2,0,24.5,87.2,27.4,75
2011-04-01T00:00:00,585.2619048,4,Cao Lanh,2011,0,2,0,24.5,91,28,76
2011-05-01T00:00:00,213.1428571,5,Cao Lanh,2011,0,2,0,24.5,241.5,28.7,81
2011-06-01T00:00:00,101,6,Cao Lanh,2011,0,2,0,24.5,369.8,28,83
2011-07-01T00:00:00,305.1428571,7,Cao Lanh,2011,0,2,0,24.5,298.1,27.7,82
2011-08-01T00:00:00,564.7142857,8,Cao Lanh,2011,0,2,0,24.5,236.8,27.9,82
2011-09-01T00:00:00,284.5,9,Cao Lanh,2011,0,2,0,24.5,593.8,27.2,85
2011-10-01T00:00:00,261.5714286,10,Cao Lanh,2011,0,2,0,24.5,187.4,28.1,80
2011-11-01T00:00:00,305.9285714,11,Cao Lanh,2011,0,3,0,24.5,242.9,27.5,82
2011-12-01T00:00:00,368.0053571,12,Cao Lanh,2011,0,3,0,24.5,78.4,26.4,78
2012-01-01T00:00:00,245.3265306,1,Cao Lanh,2012,0,3,0,24.5,7.3,26.6,78
2012-02-01T00:00:00,407.5595238,2,Cao Lanh,2012,0,3,0,24.5,24.4,27.2,76
2012-03-01T00:00:00,314.3469388,3,Cao Lanh,2012,0,3,0,24.5,233.7,28.1,78
2012-04-01T00:00:00,352.5714286,4,Cao Lanh,2012,0,3,0,24.5,136.7,29,78
2012-05-01T00:00:00,263.5714286,5,Cao Lanh,2012,0,3,0,24.5,249.7,28.2,83
2012-06-01T00:00:00,232,6,Cao Lanh,2012,0,3,0,24.5,166.3,28.4,82
2012-07-01T00:00:00,436.5,7,Cao Lanh,2012,0,3,0,24.5,288.5,27.5,85
2012-08-01T00:00:00,465,8,Cao Lanh,2012,0,3,0,24.5,218.4,27.8,83
2012-09-01T00:00:00,,9,Cao Lanh,2012,0,3,0,24.5,533.3,26.6,88
2012-10-01T00:00:00,,10,Cao Lanh,2012,0,3,0,24.5,192.4,27.8,83
2012-11-01T00:00:00,209.5,11,Cao Lanh,2012,0,3,0,24.5,91.4,27.8,83
2012-12-01T00:00:00,143.0714286,12,Cao Lanh,2012,0,3,0,24.5,11.8,27.8,78
2013-01-01T00:00:00,378.2857143,1,Cao Lanh,2013,0,3,0,24.5,36.9,26.5,78
2013-02-01T00:00:00,334.5510204,2,Cao Lanh,2013,0,3,0,24.5,8.1,27.5,75
2013-03-01T00:00:00,486.3809524,3,Cao Lanh,2013,0,3,0,24.5,0,28.5,76
2013-04-01T00:00:00,444.1428571,4,Cao Lanh,2013,0,3,0,24.5,104.3,29.3,79
2013-05-01T00:00:00,264.8571429,5,Cao Lanh,2013,0,3,0,24.5,196,29.3,82
2013-06-01T00:00:00,879.5,6,Cao Lanh,2013,0,3,0,24.5,291.6,28.2,85
2013-07-01T00:00:00,169.5,7,Cao Lanh,2013,0,3,0,24.5,258.4,27.3,85
2013-08-01T00:00:00,478.0714286,8,Cao Lanh,2013,0,3,0,24.5,288.3,27.6,85
2013-09-01T00:00:00,594,9,Cao Lanh,2013,0,3,0,24.5,233,27.7,85
2013-10-01T00:00:00,514.4285714,10,Cao Lanh,2013,0,3,0,24.5,265.1,27.5,85
2013-11-01T00:00:00,387,11,Cao Lanh,2013,0,3,0,24.5,230.5,27.6,82
2013-12-01T00:00:00,366.6666667,12,Cao Lanh,2013,0,3,0,24.5,29.1,26.1,77
2014-01-01T00:00:00,431.0813187,1,Cao Lanh,2014,0,3,0,24.5,8.3,25.3,76
2014-02-01T00:00:00,484.5064935,2,Cao Lanh,2014,0,3,0,24.5,0,25.9,78
2014-03-01T00:00:00,399.7142857,3,Cao Lanh,2014,0,3,0,24.5,0,27.9,77
2014-04-01T00:00:00,429.0765306,4,Cao Lanh,2014,0,3,0,24.5,61.2,29.5,76
2014-05-01T00:00:00,387.1107143,5,Cao Lanh,2014,0,3,0,24.5,153.6,29.4,81
2014-06-01T00:00:00,344.5,6,Cao Lanh,2014,0,3,0,24.5,190.3,28.2,85
2014-07-01T00:00:00,602,7,Cao Lanh,2014,0,3,0,24.5,388.6,27.7,85
2014-08-01T00:00:00,598.8095238,8,Cao Lanh,2014,0,3,0,24.5,341.7,28,82
2014-09-01T00:00:00,315.4285714,9,Cao Lanh,2014,0,3,0,24.5,273.3,27.6,84
2014-10-01T00:00:00,381.8571429,10,Cao Lanh,2014,0,3,1,24.5,254.4,27.5,84
2014-11-01T00:00:00,309.5714286,11,Cao Lanh,2014,0,3,1,24.5,291.3,27.6,85
2014-12-01T00:00:00,143.6666667,12,Cao Lanh,2014,0,3,1,24.5,103,27.2,79
2015-01-01T00:00:00,532.2946001,1,Cao Lanh,2015,0,3,1,24.5,43.6,25.6,79
2015-02-01T00:00:00,357.297619,2,Cao Lanh,2015,0,3,1,24.5,0,26,76
2015-03-01T00:00:00,634.8654917,3,Cao Lanh,2015,0,3,1,24.5,0,27.9,75
2015-04-01T00:00:00,678.1156463,4,Cao Lanh,2015,0,3,1,24.5,6.4,29.4,74
2015-05-01T00:00:00,215.8571429,5,Cao Lanh,2015,0,3,1,24.5,131.6,29.7,76
2015-06-01T00:00:00,406.7142857,6,Cao Lanh,2015,0,3,1,24.5,466.6,28.2,84
2015-07-01T00:00:00,510.7142857,7,Cao Lanh,2015,0,3,1,24.5,200.7,28.6,83
2015-08-01T00:00:00,524.5,8,Cao Lanh,2015,0,3,1,24.5,250.6,28.3,83
2015-09-01T00:00:00,791.2857143,9,Cao Lanh,2015,0,3,1,24.5,645.3,27.6,86
2015-10-01T00:00:00,948,10,Cao Lanh,2015,0,3,1,24.5,231.4,28.3,83
2015-11-01T00:00:00,361.1964286,11,Cao Lanh,2015,0,3,1,24.5,272.4,28,83
2015-12-01T00:00:00,268.6603397,12,Cao Lanh,2015,0,3,1,24.5,48.6,27.8,78
2016-01-01T00:00:00,394.3571429,1,Cao Lanh,2016,0,3,1,24.5,0.2,27.9,78
2016-02-01T00:00:00,520.1734694,2,Cao Lanh,2016,0,3,1,24.5,2.1,27.3,73
2016-03-01T00:00:00,635.6233766,3,Cao Lanh,2016,0,3,1,24.5,0,28,75
2016-04-01T00:00:00,609.7142857,4,Cao Lanh,2016,0,3,1,24.5,4,30.1,74
2016-05-01T00:00:00,152.4285714,5,Cao Lanh,2016,0,3,0,24.5,161.4,29.9,79
2016-06-01T00:00:00,,6,Cao Lanh,2016,0,3,0,24.5,230.8,28.3,84
2016-07-01T00:00:00,248,7,Cao Lanh,2016,0,3,0,24.5,432.2,28.3,84
2016-08-01T00:00:00,321.2857143,8,Cao Lanh,2016,0,3,0,24.5,271.9,28.4,83
2016-09-01T00:00:00,,9,Cao Lanh,2016,0,3,0,24.5,345,27.6,85
2016-10-01T00:00:00,,10,Cao Lanh,2016,0,3,0,24.5,501.1,27,88
2016-11-01T00:00:00,281,11,Cao Lanh,2016,0,3,0,24.5,183.6,27.9,82
2016-12-01T00:00:00,155.4285714,12,Cao Lanh,2016,0,3,0,24.5,171.8,27.1,80
2017-01-01T00:00:00,373.7619048,1,Cao Lanh,2017,0,3,0,24.5,15.8,27.3,76
2017-02-01T00:00:00,362.4571429,2,Cao Lanh,2017,0,3,0,24.5,54.3,27.1,76
2017-03-01T00:00:00,474.7142857,3,Cao Lanh,2017,0,3,0,24.5,12.5,27.9,76
2017-04-01T00:00:00,437.9642857,4,Cao Lanh,2017,0,3,0,24.5,98.1,29.3,77
2017-05-01T00:00:00,656.8571429,5,Cao Lanh,2017,0,3,0,24.5,272.4,29,82
2017-06-01T00:00:00,372.1428571,6,Cao Lanh,2017,0,3,0,24.5,148.6,28.7,82
2017-07-01T00:00:00,251.2857143,7,Cao Lanh,2017,0,3,0,24.5,251.4,28,84
2017-08-01T00:00:00,644.8571429,8,Cao Lanh,2017,0,3,0,24.5,383.1,27.7,86
2017-09-01T00:00:00,438.4285714,9,Cao Lanh,2017,0,3,0,24.5,291.5,28.2,83
2017-10-01T00:00:00,464,10,Cao Lanh,2017,0,3,0,24.5,453.8,27.5,86
2017-11-01T00:00:00,,11,Cao Lanh,2017,0,3,0,24.5,121.3,27.7,83
2017-12-01T00:00:00,218.3673469,12,Cao Lanh,2017,0,3,0,24.5,72.4,26.3,79
2018-01-01T00:00:00,386.0952381,1,Cao Lanh,2018,0,3,0,24.5,42.5,26.7,80
2018-02-01T00:00:00,602.9320679,2,Cao Lanh,2018,0,3,0,24.5,11.2,26.6,76
2018-03-01T00:00:00,556.8489796,3,Cao Lanh,2018,0,3,0,24.5,0.2,28.1,76
2018-04-01T00:00:00,591.9285714,4,Cao Lanh,2018,0,3,0,24.5,10.1,29.1,76
2018-05-01T00:00:00,519.2857143,5,Cao Lanh,2018,1,3,0,24.5,219.8,29.3,80
2018-06-01T00:00:00,473,6,Cao Lanh,2018,1,3,0,24.5,238.8,28.1,84
2018-07-01T00:00:00,227,7,Cao Lanh,2018,1,3,0,24.5,522.9,27.5,86
2018-08-01T00:00:00,391,8,Cao Lanh,2018,1,3,0,24.5,288.8,28,84
2018-09-01T00:00:00,,9,Cao Lanh,2018,1,3,1,24.5,293.7,27.6,85
2018-10-01T00:00:00,520.7142857,10,Cao Lanh,2018,1,3,1,24.5,227.6,28.1,81
2018-11-01T00:00:00,491.5178571,11,Cao Lanh,2018,1,3,1,24.5,104.5,28.1,80
2018-12-01T00:00:00,161.8571429,12,Cao Lanh,2018,1,3,1,24.5,47.7,27.8,80
2019-01-01T00:00:00,412.2496999,1,Cao Lanh,2019,1,3,1,24.5,149.3,27,77
2019-02-01T00:00:00,360.7346939,2,Cao Lanh,2019,1,3,1,24.5,0.8,27.4,76
2019-03-01T00:00:00,538.7214286,3,Cao Lanh,2019,1,3,1,24.5,13.1,28.6,77
2019-04-01T00:00:00,340.6,4,Cao Lanh,2019,1,3,1,24.5,60.7,29.9,77
2019-05-01T00:00:00,599.3333333,5,Cao Lanh,2019,1,3,1,24.5,205.4,29.5,82
2019-06-01T00:00:00,435.1904762,6,Cao Lanh,2019,1,3,1,24.5,444.8,28.5,85
2019-07-01T00:00:00,460.7857143,7,Cao Lanh,2019,1,3,0,24.5,242.2,28.2,85
2019-08-01T00:00:00,503,8,Cao Lanh,2019,1,3,0,24.5,464.5,27.6,86
2019-09-01T00:00:00,474.2857143,9,Cao Lanh,2019,1,3,0,24.5,302.5,27.9,84
2019-10-01T00:00:00,557.5714286,10,Cao Lanh,2019,1,3,0,24.5,269.5,27.9,85
2019-11-01T00:00:00,607,11,Cao Lanh,2019,1,3,0,24.5,110.1,27.8,80
2019-12-01T00:00:00,262.1774892,12,Cao Lanh,2019,1,3,0,24.5,0,26.5,76
2007-01-01T00:00:00,379.0738608,1,Co Chien,2007,0,1,1,16,38,26.1,80
2007-02-01T00:00:00,308.8739766,2,Co Chien,2007,0,1,0,16,0,26.4,79
2007-03-01T00:00:00,413.9209235,3,Co Chien,2007,0,1,0,16,39,27.9,79
2007-04-01T00:00:00,417.9260626,4,Co Chien,2007,0,1,0,16,86,29.2,77
2007-05-01T00:00:00,374.2261905,5,Co Chien,2007,0,1,0,16,174,28.4,84
2007-06-01T00:00:00,338.7714286,6,Co Chien,2007,0,1,0,16,322,28.3,85
2007-07-01T00:00:00,486.5,7,Co Chien,2007,0,1,0,16,421,27.3,87
2007-08-01T00:00:00,,8,Co Chien,2007,0,1,0,16,371,27.4,86
2007-09-01T00:00:00,567.7272727,9,Co Chien,2007,0,1,0,16,307,27.5,86
2007-10-01T00:00:00,369.4848485,10,Co Chien,2007,0,1,0,16,508,27.1,87
2007-11-01T00:00:00,503.4090909,11,Co Chien,2007,0,1,0,16,339,26.6,82
2007-12-01T00:00:00,367.9786797,12,Co Chien,2007,0,1,0,16,1,26.9,79
2008-01-01T00:00:00,330.5313853,1,Co Chien,2008,0,1,0,16,113,26.2,80
2008-02-01T00:00:00,339.8991736,2,Co Chien,2008,0,1,0,16,8,26.5,76
2008-03-01T00:00:00,349.9084925,3,Co Chien,2008,0,1,0,16,0,27.3,77
2008-04-01T00:00:00,285.9401154,4,Co Chien,2008,0,1,0,16,94,28.7,79
2008-05-01T00:00:00,360.1333333,5,Co Chien,2008,0,1,0,16,272,27.9,85
2008-06-01T00:00:00,571.2060606,6,Co Chien,2008,0,1,0,16,381,27.7,86
2008-07-01T00:00:00,419.6242424,7,Co Chien,2008,0,1,0,16,332,27.4,86
2008-08-01T00:00:00,250.6666667,8,Co Chien,2008,0,1,0,16,260,27.4,86
2008-09-01T00:00:00,419.5,9,Co Chien,2008,0,1,0,16,429,27,87
2008-10-01T00:00:00,358.8083333,10,Co Chien,2008,0,1,0,16,348,27.2,89
2008-11-01T00:00:00,282.8,11,Co Chien,2008,0,1,0,16,270,26.7,85
2008-12-01T00:00:00,379.3636364,12,Co Chien,2008,0,1,0,16,172,26.2,82
2009-01-01T00:00:00,436.0909091,1,Co Chien,2009,0,1,0,16,22.7,25.1,80
2009-02-01T00:00:00,223.4269897,2,Co Chien,2009,0,1,0,16,101.3,26.7,82
2009-03-01T00:00:00,335.3425325,3,Co Chien,2009,0,1,0,16,2.2,28.6,78
2009-04-01T00:00:00,433.6969697,4,Co Chien,2009,0,1,0,16,201.4,28.9,81
2009-05-01T00:00:00,445.35,5,Co Chien,2009,0,1,0,16,342.4,28.3,84
2009-06-01T00:00:00,427.85,6,Co Chien,2009,0,1,0,16,169.3,28.8,81
2009-07-01T00:00:00,475.3,7,Co Chien,2009,0,1,1,16,413.5,27.2,86
2009-08-01T00:00:00,405.6666667,8,Co Chien,2009,0,1,1,16,210.1,28.1,84
2009-09-01T00:00:00,591.6666667,9,Co Chien,2009,0,2,1,16,488.3,27,87
2009-10-01T00:00:00,324.9848485,10,Co Chien,2009,0,2,1,16,208,27.5,85
2009-11-01T00:00:00,277.3560606,11,Co Chien,2009,0,2,1,16,65.6,27.4,81
2009-12-01T00:00:00,309.5358137,12,Co Chien,2009,0,2,1,16,19.6,26.7,79
2010-01-01T00:00:00,373.1547952,1,Co Chien,2010,0,2,1,16,22.7,25.1,78
2010-02-01T00:00:00,233.7802309,2,Co Chien,2010,0,2,1,16,101.3,26.7,78
2010-03-01T00:00:00,341.1667984,3,Co Chien,2010,0,2,1,16,2.2,28.6,78
2010-04-01T00:00:00,499.8679654,4,Co Chien,2010,0,2,0,16,201.4,28.9,82
2010-05-01T00:00:00,345.6701299,5,Co Chien,2010,0,2,0,16,342.4,28.2,87
2010-06-01T00:00:00,303.6547619,6,Co Chien,2010,0,2,0,16,169.3,28.8,85
2010-07-01T00:00:00,484.4348485,7,Co Chien,2010,0,2,0,16,413.5,27.2,89
2010-08-01T00:00:00,440.2857143,8,Co Chien,2010,0,2,0,16,210.1,28.1,90
2010-09-01T00:00:00,805.2,9,Co Chien,2010,0,2,0,16,488.3,27,91
2010-10-01T00:00:00,393.6666667,10,Co Chien,2010,0,2,0,16,208,27.5,87
2010-11-01T00:00:00,392.7142857,11,Co Chien,2010,0,2,0,16,65.6,27.4,83
2010-12-01T00:00:00,312.55,12,Co Chien,2010,0,2,0,16,19.6,26.7,81
2011-01-01T00:00:00,307.7348485,1,Co Chien,2011,0,2,0,16,19,26.3,75
2011-02-01T00:00:00,537.5617716,2,Co Chien,2011,0,2,0,16,0,26.4,75
2011-03-01T00:00:00,332.4280303,3,Co Chien,2011,0,2,0,16,87.2,27.4,75
2011-04-01T00:00:00,567.8530481,4,Co Chien,2011,0,2,0,16,91,28,76
2011-05-01T00:00:00,433.711039,5,Co Chien,2011,0,2,0,16,241.5,28.7,81
2011-06-01T00:00:00,574.85,6,Co Chien,2011,0,2,0,16,369.8,28,83
2011-07-01T00:00:00,433,7,Co Chien,2011,0,2,0,16,298.1,27.7,82
2011-08-01T00:00:00,421.8863636,8,Co Chien,2011,0,2,0,16,236.8,27.9,82
2011-09-01T00:00:00,837,9,Co Chien,2011,0,2,0,16,593.8,27.2,85
2011-10-01T00:00:00,343.8212121,10,Co Chien,2011,0,2,0,16,187.4,28.1,80
2011-11-01T00:00:00,425.5454545,11,Co Chien,2011,0,3,0,16,242.9,27.5,82
2011-12-01T00:00:00,375.55671,12,Co Chien,2011,0,3,0,16,78.4,26.4,78
2012-01-01T00:00:00,366.4168831,1,Co Chien,2012,0,3,0,16,7.3,26.6,78
2012-02-01T00:00:00,401.7878788,2,Co Chien,2012,0,3,0,16,24.4,27.2,76
2012-03-01T00:00:00,386.5909091,3,Co Chien,2012,0,3,0,16,233.7,28.1,78
2012-04-01T00:00:00,326.9685374,4,Co Chien,2012,0,3,0,16,136.7,29,78
2012-05-01T00:00:00,558.6606061,5,Co Chien,2012,0,3,0,16,249.7,28.2,83
2012-06-01T00:00:00,381.7142857,6,Co Chien,2012,0,3,0,16,166.3,28.4,82
2012-07-01T00:00:00,686,7,Co Chien,2012,0,3,0,16,288.5,27.5,85
2012-08-01T00:00:00,595.3939394,8,Co Chien,2012,0,3,0,16,218.4,27.8,83
2012-09-01T00:00:00,388.6818182,9,Co Chien,2012,0,3,0,16,533.3,26.6,88
2012-10-01T00:00:00,452.8545455,10,Co Chien,2012,0,3,0,16,192.4,27.8,83
2012-11-01T00:00:00,289.9090909,11,Co Chien,2012,0,3,0,16,91.4,27.8,83
2012-12-01T00:00:00,229.2424242,12,Co Chien,2012,0,3,0,16,11.8,27.8,78
2013-01-01T00:00:00,407.6713287,1,Co Chien,2013,0,3,0,16,36.9,26.5,78
2013-02-01T00:00:00,288.0341176,2,Co Chien,2013,0,3,0,16,8.1,27.5,75
2013-03-01T00:00:00,386.7633333,3,Co Chien,2013,0,3,0,16,0,28.5,76
2013-04-01T00:00:00,457.9166667,4,Co Chien,2013,0,3,0,16,104.3,29.3,79
2013-05-01T00:00:00,309.4083333,5,Co Chien,2013,0,3,0,16,196,29.3,82
2013-06-01T00:00:00,172.3166667,6,Co Chien,2013,0,3,0,16,291.6,28.2,85
2013-07-01T00:00:00,257.0833333,7,Co Chien,2013,0,3,0,16,258.4,27.3,85
2013-08-01T00:00:00,437.5555556,8,Co Chien,2013,0,3,0,16,288.3,27.6,85
2013-09-01T00:00:00,458.7,9,Co Chien,2013,0,3,0,16,233,27.7,85
2013-10-01T00:00:00,341.8333333,10,Co Chien,2013,0,3,0,16,265.1,27.5,85
2013-11-01T00:00:00,211.4,11,Co Chien,2013,0,3,0,16,230.5,27.6,82
2013-12-01T00:00:00,484.1388889,12,Co Chien,2013,0,3,0,16,29.1,26.1,77
2014-01-01T00:00:00,530.330696,1,Co Chien,2014,0,3,0,16,8.3,25.3,76
2014-02-01T00:00:00,462.4619646,2,Co Chien,2014,0,3,0,16,0,25.9,78
2014-03-01T00:00:00,388.2952381,3,Co Chien,2014,0,3,0,16,0,27.9,77
2014-04-01T00:00:00,454.9555556,4,Co Chien,2014,0,3,0,16,61.2,29.5,76
2014-05-01T00:00:00,314.2214286,5,Co Chien,2014,0,3,0,16,153.6,29.4,81
2014-06-01T00:00:00,333.25,6,Co Chien,2014,0,3,0,16,190.3,28.2,85
2014-07-01T00:00:00,462.24,7,Co Chien,2014,0,3,0,16,388.6,27.7,85
2014-08-01T00:00:00,329.2166667,8,Co Chien,2014,0,3,0,16,341.7,28,82
2014-09-01T00:00:00,472.1851852,9,Co Chien,2014,0,3,0,16,273.3,27.6,84
2014-10-01T00:00:00,305.975,10,Co Chien,2014,0,3,1,16,254.4,27.5,84
2014-11-01T00:00:00,285.98,11,Co Chien,2014,0,3,1,16,291.3,27.6,85
2014-12-01T00:00:00,300,12,Co Chien,2014,0,3,1,16,103,27.2,79
2015-01-01T00:00:00,466.3891775,1,Co Chien,2015,0,3,1,16,43.6,25.6,79
2015-02-01T00:00:00,378.3111111,2,Co Chien,2015,0,3,1,16,0,26,76
2015-03-01T00:00:00,492.8690171,3,Co Chien,2015,0,3,1,16,0,27.9,75
2015-04-01T00:00:00,516.6761905,4,Co Chien,2015,0,3,1,16,6.4,29.4,74
2015-05-01T00:00:00,331.1064103,5,Co Chien,2015,1,3,1,16,131.6,29.7,76
2015-06-01T00:00:00,400.9,6,Co Chien,2015,1,3,1,16,466.6,28.2,84
2015-07-01T00:00:00,328.3333333,7,Co Chien,2015,1,3,1,16,200.7,28.6,83
2015-08-01T00:00:00,461.7460317,8,Co Chien,2015,1,3,1,16,250.6,28.3,83
2015-09-01T00:00:00,402.5740741,9,Co Chien,2015,1,3,1,16,645.3,27.6,86
2015-10-01T00:00:00,352.8148148,10,Co Chien,2015,1,3,1,16,231.4,28.3,83
2015-11-01T00:00:00,308.8844444,11,Co Chien,2015,1,3,1,16,272.4,28,83
2015-12-01T00:00:00,257.045614,12,Co Chien,2015,1,3,1,16,48.6,27.8,78
2016-01-01T00:00:00,303.7838745,1,Co Chien,2016,1,3,1,16,0.2,27.9,78
2016-02-01T00:00:00,400.8090909,2,Co Chien,2016,1,3,1,16,2.1,27.3,73
2016-03-01T00:00:00,511.1239511,3,Co Chien,2016,1,3,1,16,0,28,75
2016-04-01T00:00:00,469.5215686,4,Co Chien,2016,1,3,1,16,4,30.1,74
2016-05-01T00:00:00,385.2333333,5,Co Chien,2016,1,3,0,16,161.4,29.9,79
2016-06-01T00:00:00,441.825,6,Co Chien,2016,1,3,0,16,230.8,28.3,84
2016-07-01T00:00:00,394.8888889,7,Co Chien,2016,1,3,0,16,432.2,28.3,84
2016-08-01T00:00:00,421.9,8,Co Chien,2016,1,3,0,16,271.9,28.4,83
2016-09-01T00:00:00,338,9,Co Chien,2016,1,3,0,16,345,27.6,85
2016-10-01T00:00:00,498.5,10,Co Chien,2016,1,3,0,16,501.1,27,88
2016-11-01T00:00:00,213.32,11,Co Chien,2016,1,3,0,16,183.6,27.9,82
2016-12-01T00:00:00,413.6,12,Co Chien,2016,1,3,0,16,171.8,27.1,80
2017-01-01T00:00:00,278.7357143,1,Co Chien,2017,1,3,0,16,15.8,27.3,76
2017-02-01T00:00:00,333.2451007,2,Co Chien,2017,1,3,0,16,54.3,27.1,76
2017-03-01T00:00:00,468.2848485,3,Co Chien,2017,1,3,0,16,12.5,27.9,76
2017-04-01T00:00:00,410.3966387,4,Co Chien,2017,1,3,0,16,98.1,29.3,77
2017-05-01T00:00:00,432.07,5,Co Chien,2017,1,3,0,16,272.4,29,82
2017-06-01T00:00:00,486.3,6,Co Chien,2017,1,3,0,16,148.6,28.7,82
2017-07-01T00:00:00,151.6,7,Co Chien,2017,1,3,0,16,251.4,28,84
2017-08-01T00:00:00,416.5,8,Co Chien,2017,1,3,0,16,383.1,27.7,86
2017-09-01T00:00:00,484.5,9,Co Chien,2017,1,3,0,16,291.5,28.2,83
2017-10-01T00:00:00,419.5,10,Co Chien,2017,1,3,0,16,453.8,27.5,86
2017-11-01T00:00:00,287,11,Co Chien,2017,1,3,0,16,121.3,27.7,83
2017-12-01T00:00:00,309.9333333,12,Co Chien,2017,1,3,0,16,72.4,26.3,79
2018-01-01T00:00:00,369.08,1,Co Chien,2018,1,3,0,16,42.5,26.7,80
2018-02-01T00:00:00,516.1680342,2,Co Chien,2018,1,3,0,16,11.2,26.6,76
2018-03-01T00:00:00,395.7304762,3,Co Chien,2018,1,3,0,16,0.2,28.1,76
2018-04-01T00:00:00,420.8249206,4,Co Chien,2018,1,3,0,16,10.1,29.1,76
2018-05-01T00:00:00,525.95,5,Co Chien,2018,1,3,0,16,219.8,29.3,80
2018-06-01T00:00:00,379.1666667,6,Co Chien,2018,1,3,0,16,238.8,28.1,84
2018-07-01T00:00:00,578,7,Co Chien,2018,1,3,0,16,522.9,27.5,86
2018-08-01T00:00:00,538.4,8,Co Chien,2018,1,3,0,16,288.8,28,84
2018-09-01T00:00:00,520.3,9,Co Chien,2018,1,3,1,16,293.7,27.6,85
2018-10-01T00:00:00,413.1275,10,Co Chien,2018,1,3,1,16,227.6,28.1,81
2018-11-01T00:00:00,303.7916667,11,Co Chien,2018,1,3,1,16,104.5,28.1,80
2018-12-01T00:00:00,335.25,12,Co Chien,2018,1,3,1,16,47.7,27.8,80
2019-01-01T00:00:00,286.6426263,1,Co Chien,2019,1,3,1,16,149.3,27,77
2019-02-01T00:00:00,335.4575,2,Co Chien,2019,1,3,1,16,0.8,27.4,76
2019-03-01T00:00:00,377.4847985,3,Co Chien,2019,1,3,1,16,13.1,28.6,77
2019-04-01T00:00:00,321.9021212,4,Co Chien,2019,1,3,1,16,60.7,29.9,77
2019-05-01T00:00:00,577.2333333,5,Co Chien,2019,1,3,1,16,205.4,29.5,82
2019-06-01T00:00:00,360,6,Co Chien,2019,1,3,1,16,444.8,28.5,85
2019-07-01T00:00:00,475.175,7,Co Chien,2019,1,3,0,16,242.2,28.2,85
2019-08-01T00:00:00,577.9,8,Co Chien,2019,1,3,0,16,464.5,27.6,86
2019-09-01T00:00:00,570.15,9,Co Chien,2019,1,3,0,16,302.5,27.9,84
2019-10-01T00:00:00,263.6191919,10,Co Chien,2019,1,3,0,16,269.5,27.9,85
2019-11-01T00:00:00,261.5166667,11,Co Chien,2019,1,3,0,16,110.1,27.8,80
2019-12-01T00:00:00,285.11,12,Co Chien,2019,1,3,0,16,0,26.5,76
2007-01-01T00:00:00,353.4444444,1,Ham Luong,2007,0,1,1,16,38,26.1,80
2007-02-01T00:00:00,316.6956522,2,Ham Luong,2007,0,1,0,16,0,26.4,79
2007-03-01T00:00:00,399.7777778,3,Ham Luong,2007,0,1,0,16,39,27.9,79
2007-04-01T00:00:00,275.3571429,4,Ham Luong,2007,0,1,0,16,86,29.2,77
2007-05-01T00:00:00,656,5,Ham Luong,2007,0,1,0,16,174,28.4,84
2007-06-01T00:00:00,243,6,Ham Luong,2007,0,1,0,16,322,28.3,85
2007-07-01T00:00:00,,7,Ham Luong,2007,0,1,0,16,421,27.3,87
2007-08-01T00:00:00,,8,Ham Luong,2007,0,1,0,16,371,27.4,86
2007-09-01T00:00:00,,9,Ham Luong,2007,0,1,0,16,307,27.5,86
2007-10-01T00:00:00,,10,Ham Luong,2007,0,1,0,16,508,27.1,87
2007-11-01T00:00:00,377.125,11,Ham Luong,2007,0,1,0,16,339,26.6,82
2007-12-01T00:00:00,366.1666667,12,Ham Luong,2007,0,1,0,16,1,26.9,79
2008-01-01T00:00:00,354.5714286,1,Ham Luong,2008,0,1,0,16,113,26.2,80
2008-02-01T00:00:00,382.7777778,2,Ham Luong,2008,0,1,0,16,8,26.5,76
2008-03-01T00:00:00,375.6,3,Ham Luong,2008,0,1,0,16,0,27.3,77
2008-04-01T00:00:00,190,4,Ham Luong,2008,0,1,0,16,94,28.7,79
2008-05-01T00:00:00,639,5,Ham Luong,2008,0,1,0,16,272,27.9,85
2008-06-01T00:00:00,377.3333333,6,Ham Luong,2008,0,1,0,16,381,27.7,86
2008-07-01T00:00:00,480.6666667,7,Ham Luong,2008,0,1,0,16,332,27.4,86
2008-08-01T00:00:00,723.5,8,Ham Luong,2008,0,1,0,16,260,27.4,86
2008-09-01T00:00:00,443,9,Ham Luong,2008,0,1,0,16,429,27,87
2008-10-01T00:00:00,206.3333333,10,Ham Luong,2008,0,1,0,16,348,27.2,89
2008-11-01T00:00:00,188,11,Ham Luong,2008,0,1,0,16,270,26.7,85
2008-12-01T00:00:00,362,12,Ham Luong,2008,0,1,0,16,172,26.2,82
2009-01-01T00:00:00,564.6,1,Ham Luong,2009,0,1,0,16,22.7,25.1,80
2009-02-01T00:00:00,160.7777778,2,Ham Luong,2009,0,1,0,16,101.3,26.7,82
2009-03-01T00:00:00,304.6666667,3,Ham Luong,2009,0,1,0,16,2.2,28.6,78
2009-04-01T00:00:00,403.5,4,Ham Luong,2009,0,1,0,16,201.4,28.9,81
2009-05-01T00:00:00,517.1666667,5,Ham Luong,2009,0,1,0,16,342.4,28.3,84
2009-06-01T00:00:00,424.25,6,Ham Luong,2009,0,1,0,16,169.3,28.8,81
2009-07-01T00:00:00,203,7,Ham Luong,2009,0,1,1,16,413.5,27.2,86
2009-08-01T00:00:00,565,8,Ham Luong,2009,0,1,1,16,210.1,28.1,84
2009-09-01T00:00:00,,9,Ham Luong,2009,0,2,1,16,488.3,27,87
2009-10-01T00:00:00,314.8333333,10,Ham Luong,2009,0,2,1,16,208,27.5,85
2009-11-01T00:00:00,367.5,11,Ham Luong,2009,0,2,1,16,65.6,27.4,81
2009-12-01T00:00:00,374.5454545,12,Ham Luong,2009,0,2,1,16,19.6,26.7,79
2010-01-01T00:00:00,388.9090909,1,Ham Luong,2010,0,2,1,16,22.7,25.1,78
2010-02-01T00:00:00,199.4166667,2,Ham Luong,2010,0,2,1,16,101.3,26.7,78
2010-03-01T00:00:00,409.2142857,3,Ham Luong,2010,0,2,1,16,2.2,28.6,78
2010-04-01T00:00:00,265.2857143,4,Ham Luong,2010,1,2,0,16,201.4,28.9,82
2010-05-01T00:00:00,214.25,5,Ham Luong,2010,1,2,0,16,342.4,28.2,87
2010-06-01T00:00:00,90,6,Ham Luong,2010,1,2,0,16,169.3,28.8,85
2010-07-01T00:00:00,315,7,Ham Luong,2010,1,2,0,16,413.5,27.2,89
2010-08-01T00:00:00,683,8,Ham Luong,2010,1,2,0,16,210.1,28.1,90
2010-09-01T00:00:00,321,9,Ham Luong,2010,1,2,0,16,488.3,27,91
2010-10-01T00:00:00,,10,Ham Luong,2010,1,2,0,16,208,27.5,87
2010-11-01T00:00:00,625.3333333,11,Ham Luong,2010,1,2,0,16,65.6,27.4,83
2010-12-01T00:00:00,479,12,Ham Luong,2010,1,2,0,16,19.6,26.7,81
2011-01-01T00:00:00,416,1,Ham Luong,2011,1,2,0,16,19,26.3,75
2011-02-01T00:00:00,539.6,2,Ham Luong,2011,1,2,0,16,0,26.4,75
2011-03-01T00:00:00,311.25,3,Ham Luong,2011,1,2,0,16,87.2,27.4,75
2011-04-01T00:00:00,468.5714286,4,Ham Luong,2011,1,2,0,16,91,28,76
2011-05-01T00:00:00,277.5,5,Ham Luong,2011,1,2,0,16,241.5,28.7,81
2011-06-01T00:00:00,,6,Ham Luong,2011,1,2,0,16,369.8,28,83
2011-07-01T00:00:00,549.5,7,Ham Luong,2011,1,2,0,16,298.1,27.7,82
2011-08-01T00:00:00,520,8,Ham Luong,2011,1,2,0,16,236.8,27.9,82
2011-09-01T00:00:00,,9,Ham Luong,2011,1,2,0,16,593.8,27.2,85
2011-10-01T00:00:00,343.5,10,Ham Luong,2011,1,2,0,16,187.4,28.1,80
2011-11-01T00:00:00,573,11,Ham Luong,2011,1,3,0,16,242.9,27.5,82
2011-12-01T00:00:00,309.6,12,Ham Luong,2011,1,3,0,16,78.4,26.4,78
2012-01-01T00:00:00,293.8,1,Ham Luong,2012,1,3,0,16,7.3,26.6,78
2012-02-01T00:00:00,331.5555556,2,Ham Luong,2012,1,3,0,16,24.4,27.2,76
2012-03-01T00:00:00,396.2,3,Ham Luong,2012,1,3,0,16,233.7,28.1,78
2012-04-01T00:00:00,260.4,4,Ham Luong,2012,1,3,0,16,136.7,29,78
2012-05-01T00:00:00,477,5,Ham Luong,2012,1,3,0,16,249.7,28.2,83
2012-06-01T00:00:00,335,6,Ham Luong,2012,1,3,0,16,166.3,28.4,82
2012-07-01T00:00:00,,7,Ham Luong,2012,1,3,0,16,288.5,27.5,85
2012-08-01T00:00:00,,8,Ham Luong,2012,1,3,0,16,218.4,27.8,83
2012-09-01T00:00:00,,9,Ham Luong,2012,1,3,0,16,533.3,26.6,88
2012-10-01T00:00:00,354.3333333,10,Ham Luong,2012,1,3,0,16,192.4,27.8,83
2012-11-01T00:00:00,248.5,11,Ham Luong,2012,1,3,0,16,91.4,27.8,83
2012-12-01T00:00:00,336,12,Ham Luong,2012,1,3,0,16,11.8,27.8,78
2013-01-01T00:00:00,450.8666667,1,Ham Luong,2013,1,3,0,16,36.9,26.5,78
2013-02-01T00:00:00,273.1666667,2,Ham Luong,2013,1,3,0,16,8.1,27.5,75
2013-03-01T00:00:00,530.7777778,3,Ham Luong,2013,1,3,0,16,0,28.5,76
2013-04-01T00:00:00,434,4,Ham Luong,2013,1,3,0,16,104.3,29.3,79
2013-05-01T00:00:00,433,5,Ham Luong,2013,1,3,0,16,196,29.3,82
2013-06-01T00:00:00,459.3333333,6,Ham Luong,2013,1,3,0,16,291.6,28.2,85
2013-07-01T00:00:00,311,7,Ham Luong,2013,1,3,0,16,258.4,27.3,85
2013-08-01T00:00:00,295,8,Ham Luong,2013,1,3,0,16,288.3,27.6,85
2013-09-01T00:00:00,,9,Ham Luong,2013,1,3,0,16,233,27.7,85
2013-10-01T00:00:00,,10,Ham Luong,2013,1,3,0,16,265.1,27.5,85
2013-11-01T00:00:00,490.5,11,Ham Luong,2013,1,3,0,16,230.5,27.6,82
2013-12-01T00:00:00,848.5,12,Ham Luong,2013,1,3,0,16,29.1,26.1,77
2014-01-01T00:00:00,465.5,1,Ham Luong,2014,1,3,0,16,8.3,25.3,76
2014-02-01T00:00:00,488.7222222,2,Ham Luong,2014,1,3,0,16,0,25.9,78
2014-03-01T00:00:00,412.95,3,Ham Luong,2014,1,3,0,16,0,27.9,77
2014-04-01T00:00:00,535.4444444,4,Ham Luong,2014,1,3,0,16,61.2,29.5,76
2014-05-01T00:00:00,273,5,Ham Luong,2014,1,3,0,16,153.6,29.4,81
2014-06-01T00:00:00,225.5,6,Ham Luong,2014,1,3,0,16,190.3,28.2,85
2014-07-01T00:00:00,437,7,Ham Luong,2014,1,3,0,16,388.6,27.7,85
2014-08-01T00:00:00,,8,Ham Luong,2014,1,3,0,16,341.7,28,82
2014-09-01T00:00:00,593.5,9,Ham Luong,2014,1,3,0,16,273.3,27.6,84
2014-10-01T00:00:00,349,10,Ham Luong,2014,1,3,1,16,254.4,27.5,84
2014-11-01T00:00:00,300.1666667,11,Ham Luong,2014,1,3,1,16,291.3,27.6,85
2014-12-01T00:00:00,548.5,12,Ham Luong,2014,1,3,1,16,103,27.2,79
2015-01-01T00:00:00,434.2,1,Ham Luong,2015,1,3,1,16,43.6,25.6,79
2015-02-01T00:00:00,515.7272727,2,Ham Luong,2015,1,3,1,16,0,26,76
2015-03-01T00:00:00,500.375,3,Ham Luong,2015,1,3,1,16,0,27.9,75
2015-04-01T00:00:00,729.6666667,4,Ham Luong,2015,1,3,1,16,6.4,29.4,74
2015-05-01T00:00:00,404.3333333,5,Ham Luong,2015,1,3,1,16,131.6,29.7,76
2015-06-01T00:00:00,414,6,Ham Luong,2015,1,3,1,16,466.6,28.2,84
2015-07-01T00:00:00,523.2857143,7,Ham Luong,2015,1,3,1,16,200.7,28.6,83
2015-08-01T00:00:00,302,8,Ham Luong,2015,1,3,1,16,250.6,28.3,83
2015-09-01T00:00:00,493.2,9,Ham Luong,2015,1,3,1,16,645.3,27.6,86
2015-10-01T00:00:00,352,10,Ham Luong,2015,1,3,1,16,231.4,28.3,83
2015-11-01T00:00:00,337.25,11,Ham Luong,2015,1,3,1,16,272.4,28,83
2015-12-01T00:00:00,304.2857143,12,Ham Luong,2015,1,3,1,16,48.6,27.8,78
2016-01-01T00:00:00,330.3636364,1,Ham Luong,2016,1,3,1,16,0.2,27.9,78
2016-02-01T00:00:00,477.875,2,Ham Luong,2016,1,3,1,16,2.1,27.3,73
2016-03-01T00:00:00,585.125,3,Ham Luong,2016,1,3,1,16,0,28,75
2016-04-01T00:00:00,617.625,4,Ham Luong,2016,1,3,1,16,4,30.1,74
2016-05-01T00:00:00,497,5,Ham Luong,2016,1,3,0,16,161.4,29.9,79
2016-06-01T00:00:00,464,6,Ham Luong,2016,1,3,0,16,230.8,28.3,84
2016-07-01T00:00:00,421.25,7,Ham Luong,2016,1,3,0,16,432.2,28.3,84
2016-08-01T00:00:00,408,8,Ham Luong,2016,1,3,0,16,271.9,28.4,83
2016-09-01T00:00:00,385,9,Ham Luong,2016,1,3,0,16,345,27.6,85
2016-10-01T00:00:00,,10,Ham Luong,2016,1,3,0,16,501.1,27,88
2016-11-01T00:00:00,436,11,Ham Luong,2016,1,3,0,16,183.6,27.9,82
2016-12-01T00:00:00,696,12,Ham Luong,2016,1,3,0,16,171.8,27.1,80
2017-01-01T00:00:00,401.7142857,1,Ham Luong,2017,1,3,0,16,15.8,27.3,76
2017-02-01T00:00:00,294.6666667,2,Ham Luong,2017,1,3,0,16,54.3,27.1,76
2017-03-01T00:00:00,493.9,3,Ham Luong,2017,1,3,0,16,12.5,27.9,76
2017-04-01T00:00:00,425.9166667,4,Ham Luong,2017,1,3,0,16,98.1,29.3,77
2017-05-01T00:00:00,,5,Ham Luong,2017,1,3,0,16,272.4,29,82
2017-06-01T00:00:00,261,6,Ham Luong,2017,1,3,0,16,148.6,28.7,82
2017-07-01T00:00:00,361.3333333,7,Ham Luong,2017,1,3,0,16,251.4,28,84
2017-08-01T00:00:00,620,8,Ham Luong,2017,1,3,0,16,383.1,27.7,86
2017-09-01T00:00:00,505.3333333,9,Ham Luong,2017,1,3,0,16,291.5,28.2,83
2017-10-01T00:00:00,282,10,Ham Luong,2017,1,3,0,16,453.8,27.5,86
2017-11-01T00:00:00,,11,Ham Luong,2017,1,3,0,16,121.3,27.7,83
2017-12-01T00:00:00,403.4285714,12,Ham Luong,2017,1,3,0,16,72.4,26.3,79
2018-01-01T00:00:00,437,1,Ham Luong,2018,1,3,0,16,42.5,26.7,80
2018-02-01T00:00:00,505.1,2,Ham Luong,2018,1,3,0,16,11.2,26.6,76
2018-03-01T00:00:00,422.4545455,3,Ham Luong,2018,1,3,0,16,0.2,28.1,76
2018-04-01T00:00:00,505.8888889,4,Ham Luong,2018,1,3,0,16,10.1,29.1,76
2018-05-01T00:00:00,500.5,5,Ham Luong,2018,1,3,0,16,219.8,29.3,80
2018-06-01T00:00:00,549,6,Ham Luong,2018,1,3,0,16,238.8,28.1,84
2018-07-01T00:00:00,,7,Ham Luong,2018,1,3,0,16,522.9,27.5,86
2018-08-01T00:00:00,374,8,Ham Luong,2018,1,3,0,16,288.8,28,84
2018-09-01T00:00:00,531.5,9,Ham Luong,2018,1,3,1,16,293.7,27.6,85
2018-10-01T00:00:00,558.5,10,Ham Luong,2018,1,3,1,16,227.6,28.1,81
2018-11-01T00:00:00,492.6,11,Ham Luong,2018,1,3,1,16,104.5,28.1,80
2018-12-01T00:00:00,399,12,Ham Luong,2018,1,3,1,16,47.7,27.8,80
2019-01-01T00:00:00,349.2777778,1,Ham Luong,2019,1,3,1,16,149.3,27,77
2019-02-01T00:00:00,338.15,2,Ham Luong,2019,1,3,1,16,0.8,27.4,76
2019-03-01T00:00:00,457.4545455,3,Ham Luong,2019,1,3,1,16,13.1,28.6,77
2019-04-01T00:00:00,274.5555556,4,Ham Luong,2019,1,3,1,16,60.7,29.9,77
2019-05-01T00:00:00,419.5,5,Ham Luong,2019,1,3,1,16,205.4,29.5,82
2019-06-01T00:00:00,414,6,Ham Luong,2019,1,3,1,16,444.8,28.5,85
2019-07-01T00:00:00,644.5,7,Ham Luong,2019,1,3,0,16,242.2,28.2,85
2019-08-01T00:00:00,504,8,Ham Luong,2019,1,3,0,16,464.5,27.6,86
2019-09-01T00:00:00,510,9,Ham Luong,2019,1,3,0,16,302.5,27.9,84
2019-10-01T00:00:00,453.4285714,10,Ham Luong,2019,1,3,0,16,269.5,27.9,85
2019-11-01T00:00:00,413.8333333,11,Ham Luong,2019,1,3,0,16,110.1,27.8,80
2019-12-01T00:00:00,390.4615385,12,Ham Luong,2019,1,3,0,16,0,26.5,76
2007-01-01T00:00:00,477.6,1,My Thuan,2007,1,1,1,23.66,38,26.1,80
2007-02-01T00:00:00,448.9166667,2,My Thuan,2007,1,1,0,23.66,0,26.4,79
2007-03-01T00:00:00,606.8,3,My Thuan,2007,1,1,0,23.66,39,27.9,79
2007-04-01T00:00:00,620.5,4,My Thuan,2007,1,1,0,23.66,86,29.2,77
2007-05-01T00:00:00,607.5,5,My Thuan,2007,1,1,0,23.66,174,28.4,84
2007-06-01T00:00:00,425.6666667,6,My Thuan,2007,1,1,0,23.66,322,28.3,85
2007-07-01T00:00:00,,7,My Thuan,2007,1,1,0,23.66,421,27.3,87
2007-08-01T00:00:00,,8,My Thuan,2007,1,1,0,23.66,371,27.4,86
2007-09-01T00:00:00,868,9,My Thuan,2007,1,1,0,23.66,307,27.5,86
2007-10-01T00:00:00,467,10,My Thuan,2007,1,1,0,23.66,508,27.1,87
2007-11-01T00:00:00,429,11,My Thuan,2007,1,1,0,23.66,339,26.6,82
2007-12-01T00:00:00,450.8,12,My Thuan,2007,1,1,0,23.66,1,26.9,79
2008-01-01T00:00:00,394,1,My Thuan,2008,1,1,0,23.66,113,26.2,80
2008-02-01T00:00:00,422,2,My Thuan,2008,1,1,0,23.66,8,26.5,76
2008-03-01T00:00:00,865.5,3,My Thuan,2008,1,1,0,23.66,0,27.3,77
2008-04-01T00:00:00,724,4,My Thuan,2008,1,1,0,23.66,94,28.7,79
2008-05-01T00:00:00,906.5,5,My Thuan,2008,1,1,0,23.66,272,27.9,85
2008-06-01T00:00:00,620,6,My Thuan,2008,1,1,0,23.66,381,27.7,86
2008-07-01T00:00:00,549.5,7,My Thuan,2008,1,1,0,23.66,332,27.4,86
2008-08-01T00:00:00,572,8,My Thuan,2008,1,1,0,23.66,260,27.4,86
2008-09-01T00:00:00,772,9,My Thuan,2008,1,1,0,23.66,429,27,87
2008-10-01T00:00:00,613,10,My Thuan,2008,1,1,0,23.66,348,27.2,89
2008-11-01T00:00:00,,11,My Thuan,2008,1,1,0,23.66,270,26.7,85
2008-12-01T00:00:00,345,12,My Thuan,2008,1,1,0,23.66,172,26.2,82
2009-01-01T00:00:00,566.3333333,1,My Thuan,2009,1,1,0,23.66,22.7,25.1,80
2009-02-01T00:00:00,251,2,My Thuan,2009,1,1,0,23.66,101.3,26.7,82
2009-03-01T00:00:00,364.3333333,3,My Thuan,2009,1,1,0,23.66,2.2,28.6,78
2009-04-01T00:00:00,,4,My Thuan,2009,1,1,0,23.66,201.4,28.9,81
2009-05-01T00:00:00,388,5,My Thuan,2009,1,1,0,23.66,342.4,28.3,84
2009-06-01T00:00:00,845,6,My Thuan,2009,1,1,0,23.66,169.3,28.8,81
2009-07-01T00:00:00,276,7,My Thuan,2009,1,1,1,23.66,413.5,27.2,86
2009-08-01T00:00:00,,8,My Thuan,2009,1,1,1,23.66,210.1,28.1,84
2009-09-01T00:00:00,,9,My Thuan,2009,1,2,1,23.66,488.3,27,87
2009-10-01T00:00:00,567,10,My Thuan,2009,1,2,1,23.66,208,27.5,85
2009-11-01T00:00:00,265,11,My Thuan,2009,1,2,1,23.66,65.6,27.4,81
2009-12-01T00:00:00,635.2857143,12,My Thuan,2009,1,2,1,23.66,19.6,26.7,79
2010-01-01T00:00:00,622.25,1,My Thuan,2010,1,2,1,23.66,22.7,25.1,78
2010-02-01T00:00:00,452,2,My Thuan,2010,1,2,1,23.66,101.3,26.7,78
2010-03-01T00:00:00,573.25,3,My Thuan,2010,1,2,1,23.66,2.2,28.6,78
2010-04-01T00:00:00,514,4,My Thuan,2010,1,2,0,23.66,201.4,28.9,82
2010-05-01T00:00:00,550,5,My Thuan,2010,1,2,0,23.66,342.4,28.2,87
2010-06-01T00:00:00,379,6,My Thuan,2010,1,2,0,23.66,169.3,28.8,85
2010-07-01T00:00:00,,7,My Thuan,2010,1,2,0,23.66,413.5,27.2,89
2010-08-01T00:00:00,439,8,My Thuan,2010,1,2,0,23.66,210.1,28.1,90
2010-09-01T00:00:00,,9,My Thuan,2010,1,2,0,23.66,488.3,27,91
2010-10-01T00:00:00,,10,My Thuan,2010,1,2,0,23.66,208,27.5,87
2010-11-01T00:00:00,361,11,My Thuan,2010,1,2,0,23.66,65.6,27.4,83
2010-12-01T00:00:00,344.3333333,12,My Thuan,2010,1,2,0,23.66,19.6,26.7,81
2011-01-01T00:00:00,368.4,1,My Thuan,2011,1,2,0,23.66,19,26.3,75
2011-02-01T00:00:00,581.1666667,2,My Thuan,2011,1,2,0,23.66,0,26.4,75
2011-03-01T00:00:00,696.6666667,3,My Thuan,2011,1,2,0,23.66,87.2,27.4,75
2011-04-01T00:00:00,435,4,My Thuan,2011,1,2,0,23.66,91,28,76
2011-05-01T00:00:00,363.6666667,5,My Thuan,2011,1,2,0,23.66,241.5,28.7,81
2011-06-01T00:00:00,335,6,My Thuan,2011,1,2,0,23.66,369.8,28,83
2011-07-01T00:00:00,840,7,My Thuan,2011,1,2,0,23.66,298.1,27.7,82
2011-08-01T00:00:00,532.5,8,My Thuan,2011,1,2,0,23.66,236.8,27.9,82
2011-09-01T00:00:00,,9,My Thuan,2011,1,2,0,23.66,593.8,27.2,85
2011-10-01T00:00:00,236,10,My Thuan,2011,1,2,0,23.66,187.4,28.1,80
2011-11-01T00:00:00,461,11,My Thuan,2011,1,3,0,23.66,242.9,27.5,82
2011-12-01T00:00:00,416.6666667,12,My Thuan,2011,1,3,0,23.66,78.4,26.4,78
2012-01-01T00:00:00,501.75,1,My Thuan,2012,1,3,0,23.66,7.3,26.6,78
2012-02-01T00:00:00,448.6666667,2,My Thuan,2012,1,3,0,23.66,24.4,27.2,76
2012-03-01T00:00:00,866.25,3,My Thuan,2012,1,3,0,23.66,233.7,28.1,78
2012-04-01T00:00:00,676.5,4,My Thuan,2012,1,3,0,23.66,136.7,29,78
2012-05-01T00:00:00,712,5,My Thuan,2012,1,3,0,23.66,249.7,28.2,83
2012-06-01T00:00:00,739,6,My Thuan,2012,1,3,0,23.66,166.3,28.4,82
2012-07-01T00:00:00,510,7,My Thuan,2012,1,3,0,23.66,288.5,27.5,85
2012-08-01T00:00:00,,8,My Thuan,2012,1,3,0,23.66,218.4,27.8,83
2012-09-01T00:00:00,477.5,9,My Thuan,2012,1,3,0,23.66,533.3,26.6,88
2012-10-01T00:00:00,,10,My Thuan,2012,1,3,0,23.66,192.4,27.8,83
2012-11-01T00:00:00,466.5,11,My Thuan,2012,1,3,0,23.66,91.4,27.8,83
2012-12-01T00:00:00,605.5,12,My Thuan,2012,1,3,0,23.66,11.8,27.8,78
2013-01-01T00:00:00,429.8,1,My Thuan,2013,1,3,0,23.66,36.9,26.5,78
2013-02-01T00:00:00,317,2,My Thuan,2013,1,3,0,23.66,8.1,27.5,75
2013-03-01T00:00:00,723,3,My Thuan,2013,1,3,0,23.66,0,28.5,76
2013-04-01T00:00:00,,4,My Thuan,2013,1,3,0,23.66,104.3,29.3,79
2013-05-01T00:00:00,,5,My Thuan,2013,1,3,0,23.66,196,29.3,82
2013-06-01T00:00:00,515,6,My Thuan,2013,1,3,0,23.66,291.6,28.2,85
2013-07-01T00:00:00,,7,My Thuan,2013,1,3,0,23.66,258.4,27.3,85
2013-08-01T00:00:00,558,8,My Thuan,2013,1,3,0,23.66,288.3,27.6,85
2013-09-01T00:00:00,720.5,9,My Thuan,2013,1,3,0,23.66,233,27.7,85
2013-10-01T00:00:00,385,10,My Thuan,2013,1,3,0,23.66,265.1,27.5,85
2013-11-01T00:00:00,699,11,My Thuan,2013,1,3,0,23.66,230.5,27.6,82
2013-12-01T00:00:00,765.75,12,My Thuan,2013,1,3,0,23.66,29.1,26.1,77
2014-01-01T00:00:00,530.9090909,1,My Thuan,2014,1,3,0,23.66,8.3,25.3,76
2014-02-01T00:00:00,522.4,2,My Thuan,2014,1,3,0,23.66,0,25.9,78
2014-03-01T00:00:00,546.4,3,My Thuan,2014,1,3,0,23.66,0,27.9,77
2014-04-01T00:00:00,351,4,My Thuan,2014,1,3,0,23.66,61.2,29.5,76
2014-05-01T00:00:00,741.5,5,My Thuan,2014,1,3,0,23.66,153.6,29.4,81
2014-06-01T00:00:00,343,6,My Thuan,2014,1,3,0,23.66,190.3,28.2,85
2014-07-01T00:00:00,652,7,My Thuan,2014,1,3,0,23.66,388.6,27.7,85
2014-08-01T00:00:00,247.5,8,My Thuan,2014,1,3,0,23.66,341.7,28,82
2014-09-01T00:00:00,464.6666667,9,My Thuan,2014,1,3,0,23.66,273.3,27.6,84
2014-10-01T00:00:00,527,10,My Thuan,2014,1,3,1,23.66,254.4,27.5,84
2014-11-01T00:00:00,291,11,My Thuan,2014,1,3,1,23.66,291.3,27.6,85
2014-12-01T00:00:00,375.8333333,12,My Thuan,2014,1,3,1,23.66,103,27.2,79
2015-01-01T00:00:00,581,1,My Thuan,2015,1,3,1,23.66,43.6,25.6,79
2015-02-01T00:00:00,566.8,2,My Thuan,2015,1,3,1,23.66,0,26,76
2015-03-01T00:00:00,594.5,3,My Thuan,2015,1,3,1,23.66,0,27.9,75
2015-04-01T00:00:00,742,4,My Thuan,2015,1,3,1,23.66,6.4,29.4,74
2015-05-01T00:00:00,444,5,My Thuan,2015,1,3,1,23.66,131.6,29.7,76
2015-06-01T00:00:00,950,6,My Thuan,2015,1,3,1,23.66,466.6,28.2,84
2015-07-01T00:00:00,521,7,My Thuan,2015,1,3,1,23.66,200.7,28.6,83
2015-08-01T00:00:00,866.3333333,8,My Thuan,2015,1,3,1,23.66,250.6,28.3,83
2015-09-01T00:00:00,826.5,9,My Thuan,2015,1,3,1,23.66,645.3,27.6,86
2015-10-01T00:00:00,612,10,My Thuan,2015,1,3,1,23.66,231.4,28.3,83
2015-11-01T00:00:00,511,11,My Thuan,2015,1,3,1,23.66,272.4,28,83
2015-12-01T00:00:00,333,12,My Thuan,2015,1,3,1,23.66,48.6,27.8,78
2016-01-01T00:00:00,489.8181818,1,My Thuan,2016,1,3,1,23.66,0.2,27.9,78
2016-02-01T00:00:00,609.2,2,My Thuan,2016,1,3,1,23.66,2.1,27.3,73
2016-03-01T00:00:00,791.125,3,My Thuan,2016,1,3,1,23.66,0,28,75
2016-04-01T00:00:00,657.3333333,4,My Thuan,2016,1,3,1,23.66,4,30.1,74
2016-05-01T00:00:00,542,5,My Thuan,2016,1,3,0,23.66,161.4,29.9,79
2016-06-01T00:00:00,260,6,My Thuan,2016,1,3,0,23.66,230.8,28.3,84
2016-07-01T00:00:00,,7,My Thuan,2016,1,3,0,23.66,432.2,28.3,84
2016-08-01T00:00:00,336,8,My Thuan,2016,1,3,0,23.66,271.9,28.4,83
2016-09-01T00:00:00,,9,My Thuan,2016,1,3,0,23.66,345,27.6,85
2016-10-01T00:00:00,,10,My Thuan,2016,1,3,0,23.66,501.1,27,88
2016-11-01T00:00:00,442.5,11,My Thuan,2016,1,3,0,23.66,183.6,27.9,82
2016-12-01T00:00:00,466.5,12,My Thuan,2016,1,3,0,23.66,171.8,27.1,80
2017-01-01T00:00:00,336.6666667,1,My Thuan,2017,1,3,0,23.66,15.8,27.3,76
2017-02-01T00:00:00,480,2,My Thuan,2017,1,3,0,23.66,54.3,27.1,76
2017-03-01T00:00:00,719,3,My Thuan,2017,1,3,0,23.66,12.5,27.9,76
2017-04-01T00:00:00,663,4,My Thuan,2017,1,3,0,23.66,98.1,29.3,77
2017-05-01T00:00:00,350,5,My Thuan,2017,1,3,0,23.66,272.4,29,82
2017-06-01T00:00:00,,6,My Thuan,2017,1,3,0,23.66,148.6,28.7,82
2017-07-01T00:00:00,,7,My Thuan,2017,1,3,0,23.66,251.4,28,84
2017-08-01T00:00:00,,8,My Thuan,2017,1,3,0,23.66,383.1,27.7,86
2017-09-01T00:00:00,425,9,My Thuan,2017,1,3,0,23.66,291.5,28.2,83
2017-10-01T00:00:00,552,10,My Thuan,2017,1,3,0,23.66,453.8,27.5,86
2017-11-01T00:00:00,540,11,My Thuan,2017,1,3,0,23.66,121.3,27.7,83
2017-12-01T00:00:00,349.25,12,My Thuan,2017,1,3,0,23.66,72.4,26.3,79
2018-01-01T00:00:00,709,1,My Thuan,2018,1,3,0,23.66,42.5,26.7,80
2018-02-01T00:00:00,567.75,2,My Thuan,2018,1,3,0,23.66,11.2,26.6,76
2018-03-01T00:00:00,972.75,3,My Thuan,2018,1,3,0,23.66,0.2,28.1,76
2018-04-01T00:00:00,,4,My Thuan,2018,1,3,0,23.66,10.1,29.1,76
2018-05-01T00:00:00,366,5,My Thuan,2018,1,3,0,23.66,219.8,29.3,80
2018-06-01T00:00:00,642,6,My Thuan,2018,1,3,0,23.66,238.8,28.1,84
2018-07-01T00:00:00,547.5,7,My Thuan,2018,1,3,0,23.66,522.9,27.5,86
2018-08-01T00:00:00,519,8,My Thuan,2018,1,3,0,23.66,288.8,28,84
2018-09-01T00:00:00,494,9,My Thuan,2018,1,3,1,23.66,293.7,27.6,85
2018-10-01T00:00:00,615.3333333,10,My Thuan,2018,1,3,1,23.66,227.6,28.1,81
2018-11-01T00:00:00,471.5,11,My Thuan,2018,1,3,1,23.66,104.5,28.1,80
2018-12-01T00:00:00,290.6666667,12,My Thuan,2018,1,3,1,23.66,47.7,27.8,80
2019-01-01T00:00:00,406.1818182,1,My Thuan,2019,1,3,1,23.66,149.3,27,77
2019-02-01T00:00:00,466.7,2,My Thuan,2019,1,3,1,23.66,0.8,27.4,76
2019-03-01T00:00:00,956.5,3,My Thuan,2019,1,3,1,23.66,13.1,28.6,77
2019-04-01T00:00:00,259.6666667,4,My Thuan,2019,1,3,1,23.66,60.7,29.9,77
2019-05-01T00:00:00,282,5,My Thuan,2019,1,3,1,23.66,205.4,29.5,82
2019-06-01T00:00:00,654.5,6,My Thuan,2019,1,3,1,23.66,444.8,28.5,85
2019-07-01T00:00:00,482,7,My Thuan,2019,1,3,0,23.66,242.2,28.2,85
2019-08-01T00:00:00,,8,My Thuan,2019,1,3,0,23.66,464.5,27.6,86
2019-09-01T00:00:00,368,9,My Thuan,2019,1,3,0,23.66,302.5,27.9,84
2019-10-01T00:00:00,620.3333333,10,My Thuan,2019,1,3,0,23.66,269.5,27.9,85
2019-11-01T00:00:00,574.1666667,11,My Thuan,2019,1,3,0,23.66,110.1,27.8,80
2019-12-01T00:00:00,440.375,12,My Thuan,2019,1,3,0,23.66,0,26.5,76
2007-01-01T00:00:00,395.9037698,1,Rach Mieu,2007,0,1,1,15,38,26.1,80
2007-02-01T00:00:00,316.3152244,2,Rach Mieu,2007,0,1,0,15,0,26.4,79
2007-03-01T00:00:00,454.0416667,3,Rach Mieu,2007,0,1,0,15,39,27.9,79
2007-04-01T00:00:00,402.5260417,4,Rach Mieu,2007,0,1,0,15,86,29.2,77
2007-05-01T00:00:00,396.2708333,5,Rach Mieu,2007,0,1,0,15,174,28.4,84
2007-06-01T00:00:00,400.8958333,6,Rach Mieu,2007,0,1,0,15,322,28.3,85
2007-07-01T00:00:00,649.4791667,7,Rach Mieu,2007,0,1,0,15,421,27.3,87
2007-08-01T00:00:00,,8,Rach Mieu,2007,0,1,0,15,371,27.4,86
2007-09-01T00:00:00,,9,Rach Mieu,2007,0,1,0,15,307,27.5,86
2007-10-01T00:00:00,404.3333333,10,Rach Mieu,2007,0,1,0,15,508,27.1,87
2007-11-01T00:00:00,414.5791667,11,Rach Mieu,2007,0,1,0,15,339,26.6,82
2007-12-01T00:00:00,343.5965909,12,Rach Mieu,2007,0,1,0,15,1,26.9,79
2008-01-01T00:00:00,346.421875,1,Rach Mieu,2008,0,1,0,15,113,26.2,80
2008-02-01T00:00:00,299.75625,2,Rach Mieu,2008,0,1,0,15,8,26.5,76
2008-03-01T00:00:00,328.9147727,3,Rach Mieu,2008,0,1,0,15,0,27.3,77
2008-04-01T00:00:00,392.3645833,4,Rach Mieu,2008,0,1,0,15,94,28.7,79
2008-05-01T00:00:00,522.328125,5,Rach Mieu,2008,0,1,0,15,272,27.9,85
2008-06-01T00:00:00,309.3703704,6,Rach Mieu,2008,0,1,0,15,381,27.7,86
2008-07-01T00:00:00,468.296875,7,Rach Mieu,2008,0,1,0,15,332,27.4,86
2008-08-01T00:00:00,315.5,8,Rach Mieu,2008,0,1,0,15,260,27.4,86
2008-09-01T00:00:00,298,9,Rach Mieu,2008,0,1,0,15,429,27,87
2008-10-01T00:00:00,266.3541667,10,Rach Mieu,2008,0,1,0,15,348,27.2,89
2008-11-01T00:00:00,337,11,Rach Mieu,2008,0,1,0,15,270,26.7,85
2008-12-01T00:00:00,391.9427083,12,Rach Mieu,2008,0,1,0,15,172,26.2,82
2009-01-01T00:00:00,380.9322917,1,Rach Mieu,2009,1,1,0,15,22.7,25.1,80
2009-02-01T00:00:00,134.5208333,2,Rach Mieu,2009,1,1,0,15,101.3,26.7,82
2009-03-01T00:00:00,322.00625,3,Rach Mieu,2009,1,1,0,15,2.2,28.6,78
2009-04-01T00:00:00,466.2395833,4,Rach Mieu,2009,1,1,0,15,201.4,28.9,81
2009-05-01T00:00:00,438.40625,5,Rach Mieu,2009,1,1,0,15,342.4,28.3,84
2009-06-01T00:00:00,567.1125,6,Rach Mieu,2009,1,1,0,15,169.3,28.8,81
2009-07-01T00:00:00,358.0208333,7,Rach Mieu,2009,1,1,1,15,413.5,27.2,86
2009-08-01T00:00:00,472,8,Rach Mieu,2009,1,1,1,15,210.1,28.1,84
2009-09-01T00:00:00,308.4375,9,Rach Mieu,2009,1,2,1,15,488.3,27,87
2009-10-01T00:00:00,399.4333333,10,Rach Mieu,2009,1,2,1,15,208,27.5,85
2009-11-01T00:00:00,363.1875,11,Rach Mieu,2009,1,2,1,15,65.6,27.4,81
2009-12-01T00:00:00,494.9297543,12,Rach Mieu,2009,1,2,1,15,19.6,26.7,79
2010-01-01T00:00:00,357.6909722,1,Rach Mieu,2010,1,2,1,15,22.7,25.1,78
2010-02-01T00:00:00,294.8355978,2,Rach Mieu,2010,1,2,1,15,101.3,26.7,78
2010-03-01T00:00:00,369.7290483,3,Rach Mieu,2010,1,2,1,15,2.2,28.6,78
2010-04-01T00:00:00,407.4236111,4,Rach Mieu,2010,1,2,0,15,201.4,28.9,82
2010-05-01T00:00:00,387.575,5,Rach Mieu,2010,1,2,0,15,342.4,28.2,87
2010-06-01T00:00:00,271.2916667,6,Rach Mieu,2010,1,2,0,15,169.3,28.8,85
2010-07-01T00:00:00,362.375,7,Rach Mieu,2010,1,2,0,15,413.5,27.2,89
2010-08-01T00:00:00,491.15625,8,Rach Mieu,2010,1,2,0,15,210.1,28.1,90
2010-09-01T00:00:00,509,9,Rach Mieu,2010,1,2,0,15,488.3,27,91
2010-10-01T00:00:00,72,10,Rach Mieu,2010,1,2,0,15,208,27.5,87
2010-11-01T00:00:00,486.375,11,Rach Mieu,2010,1,2,0,15,65.6,27.4,83
2010-12-01T00:00:00,509.1270833,12,Rach Mieu,2010,1,2,0,15,19.6,26.7,81
2011-01-01T00:00:00,363.33125,1,Rach Mieu,2011,1,2,0,15,19,26.3,75
2011-02-01T00:00:00,553.2708333,2,Rach Mieu,2011,1,2,0,15,0,26.4,75
2011-03-01T00:00:00,345.7638889,3,Rach Mieu,2011,1,2,0,15,87.2,27.4,75
2011-04-01T00:00:00,546.55,4,Rach Mieu,2011,1,2,0,15,91,28,76
2011-05-01T00:00:00,674.8888889,5,Rach Mieu,2011,1,2,0,15,241.5,28.7,81
2011-06-01T00:00:00,507,6,Rach Mieu,2011,1,2,0,15,369.8,28,83
2011-07-01T00:00:00,466.53125,7,Rach Mieu,2011,1,2,0,15,298.1,27.7,82
2011-08-01T00:00:00,569.9916667,8,Rach Mieu,2011,1,2,0,15,236.8,27.9,82
2011-09-01T00:00:00,192.5,9,Rach Mieu,2011,1,2,0,15,593.8,27.2,85
2011-10-01T00:00:00,359.8958333,10,Rach Mieu,2011,1,2,0,15,187.4,28.1,80
2011-11-01T00:00:00,368.6916667,11,Rach Mieu,2011,1,3,0,15,242.9,27.5,82
2011-12-01T00:00:00,477.3888889,12,Rach Mieu,2011,1,3,0,15,78.4,26.4,78
2012-01-01T00:00:00,255.6666667,1,Rach Mieu,2012,1,3,0,15,7.3,26.6,78
2012-02-01T00:00:00,321.5889881,2,Rach Mieu,2012,1,3,0,15,24.4,27.2,76
2012-03-01T00:00:00,270.921875,3,Rach Mieu,2012,1,3,0,15,233.7,28.1,78
2012-04-01T00:00:00,354.1875,4,Rach Mieu,2012,1,3,0,15,136.7,29,78
2012-05-01T00:00:00,482.890625,5,Rach Mieu,2012,1,3,0,15,249.7,28.2,83
2012-06-01T00:00:00,458.15625,6,Rach Mieu,2012,1,3,0,15,166.3,28.4,82
2012-07-01T00:00:00,554.21875,7,Rach Mieu,2012,1,3,0,15,288.5,27.5,85
2012-08-01T00:00:00,354.2222222,8,Rach Mieu,2012,1,3,0,15,218.4,27.8,83
2012-09-01T00:00:00,383,9,Rach Mieu,2012,1,3,0,15,533.3,26.6,88
2012-10-01T00:00:00,419.828125,10,Rach Mieu,2012,1,3,0,15,192.4,27.8,83
2012-11-01T00:00:00,308.04375,11,Rach Mieu,2012,1,3,0,15,91.4,27.8,83
2012-12-01T00:00:00,305.8625,12,Rach Mieu,2012,1,3,0,15,11.8,27.8,78
2013-01-01T00:00:00,463.1320707,1,Rach Mieu,2013,1,3,0,15,36.9,26.5,78
2013-02-01T00:00:00,287.73461,2,Rach Mieu,2013,1,3,0,15,8.1,27.5,75
2013-03-01T00:00:00,568.4072115,3,Rach Mieu,2013,1,3,0,15,0,28.5,76
2013-04-01T00:00:00,478.9583333,4,Rach Mieu,2013,1,3,0,15,104.3,29.3,79
2013-05-01T00:00:00,473.796875,5,Rach Mieu,2013,1,3,0,15,196,29.3,82
2013-06-01T00:00:00,450.2083333,6,Rach Mieu,2013,1,3,0,15,291.6,28.2,85
2013-07-01T00:00:00,378.5625,7,Rach Mieu,2013,1,3,0,15,258.4,27.3,85
2013-08-01T00:00:00,351.1111111,8,Rach Mieu,2013,1,3,0,15,288.3,27.6,85
2013-09-01T00:00:00,674.5555556,9,Rach Mieu,2013,1,3,0,15,233,27.7,85
2013-10-01T00:00:00,466.8333333,10,Rach Mieu,2013,1,3,0,15,265.1,27.5,85
2013-11-01T00:00:00,299.2083333,11,Rach Mieu,2013,1,3,0,15,230.5,27.6,82
2013-12-01T00:00:00,594.9739583,12,Rach Mieu,2013,1,3,0,15,29.1,26.1,77
2014-01-01T00:00:00,529.7157738,1,Rach Mieu,2014,1,3,0,15,8.3,25.3,76
2014-02-01T00:00:00,548.7185065,2,Rach Mieu,2014,1,3,0,15,0,25.9,78
2014-03-01T00:00:00,362.2409539,3,Rach Mieu,2014,1,3,0,15,0,27.9,77
2014-04-01T00:00:00,443.965625,4,Rach Mieu,2014,1,3,0,15,61.2,29.5,76
2014-05-01T00:00:00,490.7375,5,Rach Mieu,2014,1,3,0,15,153.6,29.4,81
2014-06-01T00:00:00,624,6,Rach Mieu,2014,1,3,0,15,190.3,28.2,85
2014-07-01T00:00:00,443.953125,7,Rach Mieu,2014,1,3,0,15,388.6,27.7,85
2014-08-01T00:00:00,413.2708333,8,Rach Mieu,2014,1,3,0,15,341.7,28,82
2014-09-01T00:00:00,394.1979167,9,Rach Mieu,2014,1,3,0,15,273.3,27.6,84
2014-10-01T00:00:00,528.3541667,10,Rach Mieu,2014,1,3,1,15,254.4,27.5,84
2014-11-01T00:00:00,419.60625,11,Rach Mieu,2014,1,3,1,15,291.3,27.6,85
2014-12-01T00:00:00,325.8390625,12,Rach Mieu,2014,1,3,1,15,103,27.2,79
2015-01-01T00:00:00,449.6645299,1,Rach Mieu,2015,1,3,1,15,43.6,25.6,79
2015-02-01T00:00:00,485.60625,2,Rach Mieu,2015,1,3,1,15,0,26,76
2015-03-01T00:00:00,445.84375,3,Rach Mieu,2015,1,3,1,15,0,27.9,75
2015-04-01T00:00:00,702.8958333,4,Rach Mieu,2015,1,3,1,15,6.4,29.4,74
2015-05-01T00:00:00,396.1243056,5,Rach Mieu,2015,1,3,1,15,131.6,29.7,76
2015-06-01T00:00:00,446.9375,6,Rach Mieu,2015,1,3,1,15,466.6,28.2,84
2015-07-01T00:00:00,499.025,7,Rach Mieu,2015,1,3,1,15,200.7,28.6,83
2015-08-01T00:00:00,512.9713542,8,Rach Mieu,2015,1,3,1,15,250.6,28.3,83
2015-09-01T00:00:00,319.8229167,9,Rach Mieu,2015,1,3,1,15,645.3,27.6,86
2015-10-01T00:00:00,500.5625,10,Rach Mieu,2015,1,3,1,15,231.4,28.3,83
2015-11-01T00:00:00,268.125,11,Rach Mieu,2015,1,3,1,15,272.4,28,83
2015-12-01T00:00:00,359.9033654,12,Rach Mieu,2015,1,3,1,15,48.6,27.8,78
2016-01-01T00:00:00,321.0009826,1,Rach Mieu,2016,1,3,1,15,0.2,27.9,78
2016-02-01T00:00:00,584.31875,2,Rach Mieu,2016,1,3,1,15,2.1,27.3,73
2016-03-01T00:00:00,513.3211806,3,Rach Mieu,2016,1,3,1,15,0,28,75
2016-04-01T00:00:00,580.3270833,4,Rach Mieu,2016,1,3,1,15,4,30.1,74
2016-05-01T00:00:00,446.8333333,5,Rach Mieu,2016,1,3,0,15,161.4,29.9,79
2016-06-01T00:00:00,440.1111111,6,Rach Mieu,2016,1,3,0,15,230.8,28.3,84
2016-07-01T00:00:00,491.9375,7,Rach Mieu,2016,1,3,0,15,432.2,28.3,84
2016-08-01T00:00:00,,8,Rach Mieu,2016,1,3,0,15,271.9,28.4,83
2016-09-01T00:00:00,,9,Rach Mieu,2016,1,3,0,15,345,27.6,85
2016-10-01T00:00:00,525.5,10,Rach Mieu,2016,1,3,0,15,501.1,27,88
2016-11-01T00:00:00,403.071875,11,Rach Mieu,2016,1,3,0,15,183.6,27.9,82
2016-12-01T00:00:00,570.90625,12,Rach Mieu,2016,1,3,0,15,171.8,27.1,80
2017-01-01T00:00:00,391.125,1,Rach Mieu,2017,1,3,0,15,15.8,27.3,76
2017-02-01T00:00:00,307.8680556,2,Rach Mieu,2017,1,3,0,15,54.3,27.1,76
2017-03-01T00:00:00,558.6477273,3,Rach Mieu,2017,1,3,0,15,12.5,27.9,76
2017-04-01T00:00:00,260.4548611,4,Rach Mieu,2017,1,3,0,15,98.1,29.3,77
2017-05-01T00:00:00,708,5,Rach Mieu,2017,1,3,0,15,272.4,29,82
2017-06-01T00:00:00,448.1041667,6,Rach Mieu,2017,1,3,0,15,148.6,28.7,82
2017-07-01T00:00:00,,7,Rach Mieu,2017,1,3,0,15,251.4,28,84
2017-08-01T00:00:00,499,8,Rach Mieu,2017,1,3,0,15,383.1,27.7,86
2017-09-01T00:00:00,480.6875,9,Rach Mieu,2017,1,3,0,15,291.5,28.2,83
2017-10-01T00:00:00,292.4444444,10,Rach Mieu,2017,1,3,0,15,453.8,27.5,86
2017-11-01T00:00:00,541.9375,11,Rach Mieu,2017,1,3,0,15,121.3,27.7,83
2017-12-01T00:00:00,349.5791667,12,Rach Mieu,2017,1,3,0,15,72.4,26.3,79
2018-01-01T00:00:00,482.5555556,1,Rach Mieu,2018,1,3,0,15,42.5,26.7,80
2018-02-01T00:00:00,475.0975446,2,Rach Mieu,2018,1,3,0,15,11.2,26.6,76
2018-03-01T00:00:00,444.2034722,3,Rach Mieu,2018,1,3,0,15,0.2,28.1,76
2018-04-01T00:00:00,332.5357143,4,Rach Mieu,2018,1,3,0,15,10.1,29.1,76
2018-05-01T00:00:00,353.8472222,5,Rach Mieu,2018,1,3,0,15,219.8,29.3,80
2018-06-01T00:00:00,97.11111111,6,Rach Mieu,2018,1,3,0,15,238.8,28.1,84
2018-07-01T00:00:00,,7,Rach Mieu,2018,1,3,0,15,522.9,27.5,86
2018-08-01T00:00:00,268.3645833,8,Rach Mieu,2018,1,3,0,15,288.8,28,84
2018-09-01T00:00:00,249.0416667,9,Rach Mieu,2018,1,3,1,15,293.7,27.6,85
2018-10-01T00:00:00,190.5,10,Rach Mieu,2018,1,3,1,15,227.6,28.1,81
2018-11-01T00:00:00,443.6640625,11,Rach Mieu,2018,1,3,1,15,104.5,28.1,80
2018-12-01T00:00:00,306,12,Rach Mieu,2018,1,3,1,15,47.7,27.8,80
2019-01-01T00:00:00,261.4723558,1,Rach Mieu,2019,1,3,1,15,149.3,27,77
2019-02-01T00:00:00,308.5765224,2,Rach Mieu,2019,1,3,1,15,0.8,27.4,76
2019-03-01T00:00:00,349.15,3,Rach Mieu,2019,1,3,1,15,13.1,28.6,77
2019-04-01T00:00:00,411.5850694,4,Rach Mieu,2019,1,3,1,15,60.7,29.9,77
2019-05-01T00:00:00,448.4166667,5,Rach Mieu,2019,1,3,1,15,205.4,29.5,82
2019-06-01T00:00:00,305.96875,6,Rach Mieu,2019,1,3,1,15,444.8,28.5,85
2019-07-01T00:00:00,433.46875,7,Rach Mieu,2019,1,3,0,15,242.2,28.2,85
2019-08-01T00:00:00,462.2222222,8,Rach Mieu,2019,1,3,0,15,464.5,27.6,86
2019-09-01T00:00:00,503.5208333,9,Rach Mieu,2019,1,3,0,15,302.5,27.9,84
2019-10-01T00:00:00,460.0052083,10,Rach Mieu,2019,1,3,0,15,269.5,27.9,85
2019-11-01T00:00:00,377.125,11,Rach Mieu,2019,1,3,0,15,110.1,27.8,80
2019-12-01T00:00:00,464.7248932,12,Rach Mieu,2019,1,3,0,15,0,26.5,76
2007-01-01T00:00:00,355.3059641,1,Vam Cong,2007,0,1,1,24.5,38,26.1,80
2007-02-01T00:00:00,358.6507353,2,Vam Cong,2007,0,1,0,24.5,0,26.4,79
2007-03-01T00:00:00,481.5670455,3,Vam Cong,2007,0,1,0,24.5,39,27.9,79
2007-04-01T00:00:00,354.5667614,4,Vam Cong,2007,0,1,0,24.5,86,29.2,77
2007-05-01T00:00:00,357.525,5,Vam Cong,2007,0,1,0,24.5,174,28.4,84
2007-06-01T00:00:00,175.7083333,6,Vam Cong,2007,0,1,0,24.5,322,28.3,85
2007-07-01T00:00:00,425.3125,7,Vam Cong,2007,0,1,0,24.5,421,27.3,87
2007-08-01T00:00:00,515.3333333,8,Vam Cong,2007,0,1,0,24.5,371,27.4,86
2007-09-01T00:00:00,817,9,Vam Cong,2007,0,1,0,24.5,307,27.5,86
2007-10-01T00:00:00,,10,Vam Cong,2007,0,1,0,24.5,508,27.1,87
2007-11-01T00:00:00,775.2708333,11,Vam Cong,2007,0,1,0,24.5,339,26.6,82
2007-12-01T00:00:00,433.7555556,12,Vam Cong,2007,0,1,0,24.5,1,26.9,79
2008-01-01T00:00:00,331.1885417,1,Vam Cong,2008,0,1,0,24.5,113,26.2,80
2008-02-01T00:00:00,462.4148352,2,Vam Cong,2008,0,1,0,24.5,8,26.5,76
2008-03-01T00:00:00,670.3194444,3,Vam Cong,2008,0,1,0,24.5,0,27.3,77
2008-04-01T00:00:00,471.5555556,4,Vam Cong,2008,0,1,0,24.5,94,28.7,79
2008-05-01T00:00:00,304.75,5,Vam Cong,2008,0,1,0,24.5,272,27.9,85
2008-06-01T00:00:00,202.1875,6,Vam Cong,2008,0,1,0,24.5,381,27.7,86
2008-07-01T00:00:00,858.875,7,Vam Cong,2008,0,1,0,24.5,332,27.4,86
2008-08-01T00:00:00,592.34375,8,Vam Cong,2008,0,1,0,24.5,260,27.4,86
2008-09-01T00:00:00,474.5,9,Vam Cong,2008,0,1,0,24.5,429,27,87
2008-10-01T00:00:00,436,10,Vam Cong,2008,0,1,0,24.5,348,27.2,89
2008-11-01T00:00:00,240.875,11,Vam Cong,2008,0,1,0,24.5,270,26.7,85
2008-12-01T00:00:00,288.1875,12,Vam Cong,2008,0,1,0,24.5,172,26.2,82
2009-01-01T00:00:00,367.3365385,1,Vam Cong,2009,0,1,0,24.5,22.7,25.1,80
2009-02-01T00:00:00,352.8305288,2,Vam Cong,2009,0,1,0,24.5,101.3,26.7,82
2009-03-01T00:00:00,591.6638889,3,Vam Cong,2009,0,1,0,24.5,2.2,28.6,78
2009-04-01T00:00:00,534.0166667,4,Vam Cong,2009,0,1,0,24.5,201.4,28.9,81
2009-05-01T00:00:00,332.0208333,5,Vam Cong,2009,0,1,0,24.5,342.4,28.3,84
2009-06-01T00:00:00,460.2083333,6,Vam Cong,2009,0,1,0,24.5,169.3,28.8,81
2009-07-01T00:00:00,393.96875,7,Vam Cong,2009,0,1,1,24.5,413.5,27.2,86
2009-08-01T00:00:00,448.7083333,8,Vam Cong,2009,0,1,1,24.5,210.1,28.1,84
2009-09-01T00:00:00,532.7083333,9,Vam Cong,2009,0,2,1,24.5,488.3,27,87
2009-10-01T00:00:00,560,10,Vam Cong,2009,0,2,1,24.5,208,27.5,85
2009-11-01T00:00:00,,11,Vam Cong,2009,0,2,1,24.5,65.6,27.4,81
2009-12-01T00:00:00,399.528125,12,Vam Cong,2009,0,2,1,24.5,19.6,26.7,79
2010-01-01T00:00:00,377.640625,1,Vam Cong,2010,0,2,1,24.5,22.7,25.1,78
2010-02-01T00:00:00,310.4833333,2,Vam Cong,2010,0,2,1,24.5,101.3,26.7,78
2010-03-01T00:00:00,423.8888889,3,Vam Cong,2010,0,2,1,24.5,2.2,28.6,78
2010-04-01T00:00:00,689.025,4,Vam Cong,2010,0,2,0,24.5,201.4,28.9,82
2010-05-01T00:00:00,447.8833333,5,Vam Cong,2010,0,2,0,24.5,342.4,28.2,87
2010-06-01T00:00:00,217.3958333,6,Vam Cong,2010,0,2,0,24.5,169.3,28.8,85
2010-07-01T00:00:00,343.9895833,7,Vam Cong,2010,0,2,0,24.5,413.5,27.2,89
2010-08-01T00:00:00,243.25,8,Vam Cong,2010,0,2,0,24.5,210.1,28.1,90
2010-09-01T00:00:00,423.84375,9,Vam Cong,2010,0,2,0,24.5,488.3,27,91
2010-10-01T00:00:00,732.9375,10,Vam Cong,2010,0,2,0,24.5,208,27.5,87
2010-11-01T00:00:00,597.8333333,11,Vam Cong,2010,0,2,0,24.5,65.6,27.4,83
2010-12-01T00:00:00,418.3110795,12,Vam Cong,2010,0,2,0,24.5,19.6,26.7,81
2011-01-01T00:00:00,410.9017857,1,Vam Cong,2011,0,2,0,24.5,19,26.3,75
2011-02-01T00:00:00,634.4166667,2,Vam Cong,2011,0,2,0,24.5,0,26.4,75
2011-03-01T00:00:00,339.6458333,3,Vam Cong,2011,0,2,0,24.5,87.2,27.4,75
2011-04-01T00:00:00,614.5729167,4,Vam Cong,2011,0,2,0,24.5,91,28,76
2011-05-01T00:00:00,293.7321429,5,Vam Cong,2011,0,2,0,24.5,241.5,28.7,81
2011-06-01T00:00:00,669.25,6,Vam Cong,2011,0,2,0,24.5,369.8,28,83
2011-07-01T00:00:00,444.25,7,Vam Cong,2011,0,2,0,24.5,298.1,27.7,82
2011-08-01T00:00:00,308.875,8,Vam Cong,2011,0,2,0,24.5,236.8,27.9,82
2011-09-01T00:00:00,780.375,9,Vam Cong,2011,0,2,0,24.5,593.8,27.2,85
2011-10-01T00:00:00,,10,Vam Cong,2011,0,2,0,24.5,187.4,28.1,80
2011-11-01T00:00:00,422.2916667,11,Vam Cong,2011,0,3,0,24.5,242.9,27.5,82
2011-12-01T00:00:00,364.5909091,12,Vam Cong,2011,0,3,0,24.5,78.4,26.4,78
2012-01-01T00:00:00,401.796875,1,Vam Cong,2012,0,3,0,24.5,7.3,26.6,78
2012-02-01T00:00:00,368.7932692,2,Vam Cong,2012,0,3,0,24.5,24.4,27.2,76
2012-03-01T00:00:00,487.046875,3,Vam Cong,2012,0,3,0,24.5,233.7,28.1,78
2012-04-01T00:00:00,272.38125,4,Vam Cong,2012,0,3,0,24.5,136.7,29,78
2012-05-01T00:00:00,508.6875,5,Vam Cong,2012,0,3,0,24.5,249.7,28.2,83
2012-06-01T00:00:00,420.7166667,6,Vam Cong,2012,0,3,0,24.5,166.3,28.4,82
2012-07-01T00:00:00,529.0625,7,Vam Cong,2012,0,3,0,24.5,288.5,27.5,85
2012-08-01T00:00:00,519.625,8,Vam Cong,2012,0,3,0,24.5,218.4,27.8,83
2012-09-01T00:00:00,91,9,Vam Cong,2012,0,3,0,24.5,533.3,26.6,88
2012-10-01T00:00:00,155,10,Vam Cong,2012,0,3,0,24.5,192.4,27.8,83
2012-11-01T00:00:00,647.625,11,Vam Cong,2012,0,3,0,24.5,91.4,27.8,83
2012-12-01T00:00:00,369.8333333,12,Vam Cong,2012,0,3,0,24.5,11.8,27.8,78
2013-01-01T00:00:00,489.6576923,1,Vam Cong,2013,0,3,0,24.5,36.9,26.5,78
2013-02-01T00:00:00,373.7541667,2,Vam Cong,2013,0,3,0,24.5,8.1,27.5,75
2013-03-01T00:00:00,507.0220588,3,Vam Cong,2013,0,3,0,24.5,0,28.5,76
2013-04-01T00:00:00,556.55,4,Vam Cong,2013,0,3,0,24.5,104.3,29.3,79
2013-05-01T00:00:00,249.5625,5,Vam Cong,2013,0,3,0,24.5,196,29.3,82
2013-06-01T00:00:00,505.90625,6,Vam Cong,2013,0,3,0,24.5,291.6,28.2,85
2013-07-01T00:00:00,215.375,7,Vam Cong,2013,0,3,0,24.5,258.4,27.3,85
2013-08-01T00:00:00,307.6666667,8,Vam Cong,2013,0,3,0,24.5,288.3,27.6,85
2013-09-01T00:00:00,279,9,Vam Cong,2013,0,3,0,24.5,233,27.7,85
2013-10-01T00:00:00,,10,Vam Cong,2013,0,3,0,24.5,265.1,27.5,85
2013-11-01T00:00:00,389.25,11,Vam Cong,2013,0,3,0,24.5,230.5,27.6,82
2013-12-01T00:00:00,497.1513889,12,Vam Cong,2013,0,3,0,24.5,29.1,26.1,77
2014-01-01T00:00:00,427.5621795,1,Vam Cong,2014,0,3,0,24.5,8.3,25.3,76
2014-02-01T00:00:00,470.3159722,2,Vam Cong,2014,0,3,0,24.5,0,25.9,78
2014-03-01T00:00:00,541.7613636,3,Vam Cong,2014,0,3,0,24.5,0,27.9,77
2014-04-01T00:00:00,147.1428571,4,Vam Cong,2014,0,3,0,24.5,61.2,29.5,76
2014-05-01T00:00:00,368.175,5,Vam Cong,2014,0,3,0,24.5,153.6,29.4,81
2014-06-01T00:00:00,417.53125,6,Vam Cong,2014,0,3,0,24.5,190.3,28.2,85
2014-07-01T00:00:00,433.8125,7,Vam Cong,2014,0,3,0,24.5,388.6,27.7,85
2014-08-01T00:00:00,473.31875,8,Vam Cong,2014,0,3,0,24.5,341.7,28,82
2014-09-01T00:00:00,20,9,Vam Cong,2014,0,3,0,24.5,273.3,27.6,84
2014-10-01T00:00:00,674.875,10,Vam Cong,2014,0,3,1,24.5,254.4,27.5,84
2014-11-01T00:00:00,287.0625,11,Vam Cong,2014,0,3,1,24.5,291.3,27.6,85
2014-12-01T00:00:00,252.8821429,12,Vam Cong,2014,0,3,1,24.5,103,27.2,79
2015-01-01T00:00:00,481.5547619,1,Vam Cong,2015,0,3,1,24.5,43.6,25.6,79
2015-02-01T00:00:00,428.5984375,2,Vam Cong,2015,0,3,1,24.5,0,26,76
2015-03-01T00:00:00,537.2798713,3,Vam Cong,2015,0,3,1,24.5,0,27.9,75
2015-04-01T00:00:00,634.8365385,4,Vam Cong,2015,0,3,1,24.5,6.4,29.4,74
2015-05-01T00:00:00,237.3173077,5,Vam Cong,2015,0,3,1,24.5,131.6,29.7,76
2015-06-01T00:00:00,446.7416667,6,Vam Cong,2015,0,3,1,24.5,466.6,28.2,84
2015-07-01T00:00:00,458.43125,7,Vam Cong,2015,0,3,1,24.5,200.7,28.6,83
2015-08-01T00:00:00,567.5,8,Vam Cong,2015,0,3,1,24.5,250.6,28.3,83
2015-09-01T00:00:00,603.70625,9,Vam Cong,2015,0,3,1,24.5,645.3,27.6,86
2015-10-01T00:00:00,783.125,10,Vam Cong,2015,0,3,1,24.5,231.4,28.3,83
2015-11-01T00:00:00,482.025,11,Vam Cong,2015,0,3,1,24.5,272.4,28,83
2015-12-01T00:00:00,268.6700405,12,Vam Cong,2015,0,3,1,24.5,48.6,27.8,78
2016-01-01T00:00:00,319.6109375,1,Vam Cong,2016,0,3,1,24.5,0.2,27.9,78
2016-02-01T00:00:00,550.5865385,2,Vam Cong,2016,0,3,1,24.5,2.1,27.3,73
2016-03-01T00:00:00,670.260989,3,Vam Cong,2016,0,3,1,24.5,0,28,75
2016-04-01T00:00:00,423.5604167,4,Vam Cong,2016,0,3,1,24.5,4,30.1,74
2016-05-01T00:00:00,173.0763889,5,Vam Cong,2016,0,3,0,24.5,161.4,29.9,79
2016-06-01T00:00:00,339.5833333,6,Vam Cong,2016,0,3,0,24.5,230.8,28.3,84
2016-07-01T00:00:00,366.2916667,7,Vam Cong,2016,0,3,0,24.5,432.2,28.3,84
2016-08-01T00:00:00,234.425,8,Vam Cong,2016,0,3,0,24.5,271.9,28.4,83
2016-09-01T00:00:00,705,9,Vam Cong,2016,0,3,0,24.5,345,27.6,85
2016-10-01T00:00:00,615.0625,10,Vam Cong,2016,0,3,0,24.5,501.1,27,88
2016-11-01T00:00:00,483.7083333,11,Vam Cong,2016,0,3,0,24.5,183.6,27.9,82
2016-12-01T00:00:00,339.4791667,12,Vam Cong,2016,0,3,0,24.5,171.8,27.1,80
2017-01-01T00:00:00,250.346875,1,Vam Cong,2017,0,3,0,24.5,15.8,27.3,76
2017-02-01T00:00:00,285.9666667,2,Vam Cong,2017,0,3,0,24.5,54.3,27.1,76
2017-03-01T00:00:00,490.1049107,3,Vam Cong,2017,0,3,0,24.5,12.5,27.9,76
2017-04-01T00:00:00,325.890625,4,Vam Cong,2017,0,3,0,24.5,98.1,29.3,77
2017-05-01T00:00:00,406.6666667,5,Vam Cong,2017,0,3,0,24.5,272.4,29,82
2017-06-01T00:00:00,296.9375,6,Vam Cong,2017,0,3,0,24.5,148.6,28.7,82
2017-07-01T00:00:00,748.25,7,Vam Cong,2017,0,3,0,24.5,251.4,28,84
2017-08-01T00:00:00,457.3125,8,Vam Cong,2017,0,3,0,24.5,383.1,27.7,86
2017-09-01T00:00:00,470,9,Vam Cong,2017,0,3,0,24.5,291.5,28.2,83
2017-10-01T00:00:00,796.625,10,Vam Cong,2017,0,3,0,24.5,453.8,27.5,86
2017-11-01T00:00:00,323,11,Vam Cong,2017,0,3,0,24.5,121.3,27.7,83
2017-12-01T00:00:00,303.8975694,12,Vam Cong,2017,0,3,0,24.5,72.4,26.3,79
2018-01-01T00:00:00,448.88125,1,Vam Cong,2018,0,3,0,24.5,42.5,26.7,80
2018-02-01T00:00:00,489.0827381,2,Vam Cong,2018,0,3,0,24.5,11.2,26.6,76
2018-03-01T00:00:00,516.5267857,3,Vam Cong,2018,0,3,0,24.5,0.2,28.1,76
2018-04-01T00:00:00,548.75,4,Vam Cong,2018,0,3,0,24.5,10.1,29.1,76
2018-05-01T00:00:00,437.25,5,Vam Cong,2018,0,3,0,24.5,219.8,29.3,80
2018-06-01T00:00:00,64,6,Vam Cong,2018,0,3,0,24.5,238.8,28.1,84
2018-07-01T00:00:00,20,7,Vam Cong,2018,0,3,0,24.5,522.9,27.5,86
2018-08-01T00:00:00,445.6458333,8,Vam Cong,2018,0,3,0,24.5,288.8,28,84
2018-09-01T00:00:00,398.8333333,9,Vam Cong,2018,0,3,1,24.5,293.7,27.6,85
2018-10-01T00:00:00,504.40625,10,Vam Cong,2018,0,3,1,24.5,227.6,28.1,81
2018-11-01T00:00:00,495.6375,11,Vam Cong,2018,0,3,1,24.5,104.5,28.1,80
2018-12-01T00:00:00,259.4895833,12,Vam Cong,2018,0,3,1,24.5,47.7,27.8,80
2019-01-01T00:00:00,334.3717105,1,Vam Cong,2019,0,3,1,24.5,149.3,27,77
2019-02-01T00:00:00,363.5340909,2,Vam Cong,2019,0,3,1,24.5,0.8,27.4,76
2019-03-01T00:00:00,516.3127264,3,Vam Cong,2019,0,3,1,24.5,13.1,28.6,77
2019-04-01T00:00:00,337.8237179,4,Vam Cong,2019,0,3,1,24.5,60.7,29.9,77
2019-05-01T00:00:00,455.0875,5,Vam Cong,2019,1,3,1,24.5,205.4,29.5,82
2019-06-01T00:00:00,294.375,6,Vam Cong,2019,1,3,1,24.5,444.8,28.5,85
2019-07-01T00:00:00,352.7625,7,Vam Cong,2019,1,3,0,24.5,242.2,28.2,85
2019-08-01T00:00:00,510.3125,8,Vam Cong,2019,1,3,0,24.5,464.5,27.6,86
2019-09-01T00:00:00,352.8333333,9,Vam Cong,2019,1,3,0,24.5,302.5,27.9,84
2019-10-01T00:00:00,551.3416667,10,Vam Cong,2019,1,3,0,24.5,269.5,27.9,85
2019-11-01T00:00:00,438.8020833,11,Vam Cong,2019,1,3,0,24.5,110.1,27.8,80
2019-12-01T00:00:00,274.4613095,12,Vam Cong,2019,1,3,0,24.5,0,26.5,76